constant,exact_bad_gap,exact_coefficient_check,exact_good_gap,exact_normalized_mean,exact_witness_check,failure_probability,generic_risk_upper,lp_error,lp_mean,m,normalized_mean,p,stage,strict_bad_gap,strict_mean,table_size,universal_risk_upper,z
0,0,True,90/101,99/101,True,0.01,0.019801980198019802,0,0.88217821782178218,2,0.9801980198019802,1/10,binary,-9/1000000,0.98019782178217818,8,0.010936408773527024,1/100
1/2,0,True,90/101,99/101,True,0.01,0.019801980198019802,0,0.88217821782178218,2,0.9801980198019802,1/10,binary,-9/1000000,0.98019782178217818,8,0.010936408773527024,1/100
1,0,True,90/101,99/101,True,0.01,0.019801980198019802,0,0.88217821782178218,2,0.9801980198019802,1/10,binary,-9/1000000,0.98019782178217818,8,0.010936408773527024,1/100
0,0,True,9/11,9/11,True,0.10000000000000001,0.18181818181818182,1.1102230246251565e-16,0.73636363636363644,2,0.8181818181818182,1/10,binary,-9/100000,0.81816363636363632,8,0.12276117327479075,1/10
1/2,0,True,9/11,9/11,True,0.10000000000000001,0.18181818181818182,1.1102230246251565e-16,0.73636363636363644,2,0.8181818181818182,1/10,binary,-9/100000,0.81816363636363632,8,0.12276117327479075,1/10
1,0,True,9/11,9/11,True,0.10000000000000001,0.18181818181818182,1.1102230246251565e-16,0.73636363636363644,2,0.8181818181818182,1/10,binary,-9/100000,0.81816363636363632,8,0.12276117327479075,1/10
0,0,True,18/25,3/5,True,0.25,0.40000000000000002,0,0.54000000000000004,2,0.6,1/10,binary,-9/40000,0.59989999999999999,8,0.31165151389911683,1/4
1/2,0,True,18/25,3/5,True,0.25,0.40000000000000002,0,0.54000000000000004,2,0.6,1/10,binary,-9/40000,0.59989999999999999,8,0.31165151389911683,1/4
1,0,True,18/25,3/5,True,0.25,0.40000000000000002,0,0.54000000000000004,2,0.6,1/10,binary,-9/40000,0.59989999999999999,8,0.31165151389911683,1/4
0,0,True,3/5,1/3,True,0.5,0.66666666666666663,5.5511151231257827e-17,0.30000000000000004,2,0.3333333333333333,1/10,binary,-9/20000,0.33300000000000002,8,0.58919729308133273,1/2
1/2,0,True,3/5,1/3,True,0.5,0.66666666666666663,5.5511151231257827e-17,0.30000000000000004,2,0.3333333333333333,1/10,binary,-9/20000,0.33300000000000002,8,0.58919729308133273,1/2
1,0,True,3/5,1/3,True,0.5,0.66666666666666663,5.5511151231257827e-17,0.30000000000000004,2,0.3333333333333333,1/10,binary,-9/20000,0.33300000000000002,8,0.58919729308133273,1/2
0,0,True,9/19,1/19,True,0.90000000000000002,0.94736842105263153,6.9388939039072284e-18,0.047368421052631574,2,0.05263157894736842,1/10,binary,-81/100000,0.051778947368421049,8,0.93064778441399987,9/10
1/2,0,True,9/19,1/19,True,0.90000000000000002,0.94736842105263153,6.9388939039072284e-18,0.047368421052631574,2,0.05263157894736842,1/10,binary,-81/100000,0.051778947368421049,8,0.93064778441399987,9/10
1,0,True,9/19,1/19,True,0.90000000000000002,0.94736842105263153,6.9388939039072284e-18,0.047368421052631574,2,0.05263157894736842,1/10,binary,-81/100000,0.051778947368421049,8,0.93064778441399987,9/10
0,0,True,50/101,99/101,True,0.01,0.019801980198019802,0,0.49009900990099009,2,0.9801980198019802,1/2,binary,-1/200000,0.98019782178217818,8,0.010936408773527024,1/100
1/2,0,True,50/101,99/101,True,0.01,0.019801980198019802,0,0.49009900990099009,2,0.9801980198019802,1/2,binary,-1/200000,0.98019782178217818,8,0.010936408773527024,1/100
1,0,True,50/101,99/101,True,0.01,0.019801980198019802,0,0.49009900990099009,2,0.9801980198019802,1/2,binary,-1/200000,0.98019782178217818,8,0.010936408773527024,1/100
0,0,True,5/11,9/11,True,0.10000000000000001,0.18181818181818182,0,0.40909090909090912,2,0.8181818181818182,1/2,binary,-1/20000,0.81816363636363632,8,0.12276117327479075,1/10
1/2,0,True,5/11,9/11,True,0.10000000000000001,0.18181818181818182,0,0.40909090909090912,2,0.8181818181818182,1/2,binary,-1/20000,0.81816363636363632,8,0.12276117327479075,1/10
1,0,True,5/11,9/11,True,0.10000000000000001,0.18181818181818182,0,0.40909090909090912,2,0.8181818181818182,1/2,binary,-1/20000,0.81816363636363632,8,0.12276117327479075,1/10
0,0,True,2/5,3/5,True,0.25,0.40000000000000002,0,0.29999999999999999,2,0.6,1/2,binary,-1/8000,0.59989999999999999,8,0.31165151389911683,1/4
1/2,0,True,2/5,3/5,True,0.25,0.40000000000000002,0,0.29999999999999999,2,0.6,1/2,binary,-1/8000,0.59989999999999999,8,0.31165151389911683,1/4
1,0,True,2/5,3/5,True,0.25,0.40000000000000002,0,0.29999999999999999,2,0.6,1/2,binary,-1/8000,0.59989999999999999,8,0.31165151389911683,1/4
0,0,True,1/3,1/3,True,0.5,0.66666666666666663,2.7755575615628914e-17,0.16666666666666669,2,0.3333333333333333,1/2,binary,-1/4000,0.33300000000000002,8,0.58919729308133273,1/2
1/2,0,True,1/3,1/3,True,0.5,0.66666666666666663,2.7755575615628914e-17,0.16666666666666669,2,0.3333333333333333,1/2,binary,-1/4000,0.33300000000000002,8,0.58919729308133273,1/2
1,0,True,1/3,1/3,True,0.5,0.66666666666666663,2.7755575615628914e-17,0.16666666666666669,2,0.3333333333333333,1/2,binary,-1/4000,0.33300000000000002,8,0.58919729308133273,1/2
0,0,True,5/19,1/19,True,0.90000000000000002,0.94736842105263153,3.4694469519536142e-18,0.026315789473684213,2,0.05263157894736842,1/2,binary,-9/20000,0.051778947368421049,8,0.93064778441399987,9/10
1/2,0,True,5/19,1/19,True,0.90000000000000002,0.94736842105263153,3.4694469519536142e-18,0.026315789473684213,2,0.05263157894736842,1/2,binary,-9/20000,0.051778947368421049,8,0.93064778441399987,9/10
1,0,True,5/19,1/19,True,0.90000000000000002,0.94736842105263153,3.4694469519536142e-18,0.026315789473684213,2,0.05263157894736842,1/2,binary,-9/20000,0.051778947368421049,8,0.93064778441399987,9/10
0,0,True,10/101,99/101,True,0.01,0.019801980198019802,0,0.098019801980198024,2,0.9801980198019802,9/10,binary,-1/1000000,0.98019782178217818,8,0.010936408773527024,1/100
1/2,0,True,10/101,99/101,True,0.01,0.019801980198019802,0,0.098019801980198024,2,0.9801980198019802,9/10,binary,-1/1000000,0.98019782178217818,8,0.010936408773527024,1/100
1,0,True,10/101,99/101,True,0.01,0.019801980198019802,0,0.098019801980198024,2,0.9801980198019802,9/10,binary,-1/1000000,0.98019782178217818,8,0.010936408773527024,1/100
0,0,True,1/11,9/11,True,0.10000000000000001,0.18181818181818182,0,0.081818181818181818,2,0.8181818181818182,9/10,binary,-1/100000,0.81816363636363632,8,0.12276117327479075,1/10
1/2,0,True,1/11,9/11,True,0.10000000000000001,0.18181818181818182,0,0.081818181818181818,2,0.8181818181818182,9/10,binary,-1/100000,0.81816363636363632,8,0.12276117327479075,1/10
1,0,True,1/11,9/11,True,0.10000000000000001,0.18181818181818182,0,0.081818181818181818,2,0.8181818181818182,9/10,binary,-1/100000,0.81816363636363632,8,0.12276117327479075,1/10
0,0,True,2/25,3/5,True,0.25,0.40000000000000002,0,0.059999999999999998,2,0.6,9/10,binary,-1/40000,0.59989999999999999,8,0.31165151389911683,1/4
1/2,0,True,2/25,3/5,True,0.25,0.40000000000000002,0,0.059999999999999998,2,0.6,9/10,binary,-1/40000,0.59989999999999999,8,0.31165151389911683,1/4
1,0,True,2/25,3/5,True,0.25,0.40000000000000002,0,0.059999999999999998,2,0.6,9/10,binary,-1/40000,0.59989999999999999,8,0.31165151389911683,1/4
0,0,True,1/15,1/3,True,0.5,0.66666666666666663,0,0.033333333333333333,2,0.3333333333333333,9/10,binary,-1/20000,0.33300000000000002,8,0.58919729308133273,1/2
1/2,0,True,1/15,1/3,True,0.5,0.66666666666666663,0,0.033333333333333333,2,0.3333333333333333,9/10,binary,-1/20000,0.33300000000000002,8,0.58919729308133273,1/2
1,0,True,1/15,1/3,True,0.5,0.66666666666666663,0,0.033333333333333333,2,0.3333333333333333,9/10,binary,-1/20000,0.33300000000000002,8,0.58919729308133273,1/2
0,0,True,1/19,1/19,True,0.90000000000000002,0.94736842105263153,8.6736173798840355e-19,0.0052631578947368429,2,0.05263157894736842,9/10,binary,-9/100000,0.051778947368421049,8,0.93064778441399987,9/10
1/2,0,True,1/19,1/19,True,0.90000000000000002,0.94736842105263153,8.6736173798840355e-19,0.0052631578947368429,2,0.05263157894736842,9/10,binary,-9/100000,0.051778947368421049,8,0.93064778441399987,9/10
1,0,True,1/19,1/19,True,0.90000000000000002,0.94736842105263153,8.6736173798840355e-19,0.0052631578947368429,2,0.05263157894736842,9/10,binary,-9/100000,0.051778947368421049,8,0.93064778441399987,9/10
0,0,True,303/340,3333/3400,True,0.01,0.019705882352941177,0,0.88226470588235295,3,0.9802941176470589,1/10,binary,-9/1000000,0.98029382352941175,16,0.010880707685225172,1/100
1/2,0,True,303/340,3333/3400,True,0.01,0.019705882352941177,0,0.88226470588235295,3,0.9802941176470589,1/10,binary,-9/1000000,0.98029382352941175,16,0.010880707685225172,1/100
1,0,True,303/340,3333/3400,True,0.01,0.019705882352941177,0,0.88226470588235295,3,0.9802941176470589,1/10,binary,-9/1000000,0.98029382352941175,16,0.010880707685225172,1/100
0,0,True,33/40,33/40,True,0.10000000000000001,0.17499999999999999,1.1102230246251565e-16,0.74249999999999994,3,0.825,1/10,binary,-9/100000,0.82497500000000001,16,0.11749253624916874,1/10
1/2,0,True,33/40,33/40,True,0.10000000000000001,0.17499999999999999,1.1102230246251565e-16,0.74249999999999994,3,0.825,1/10,binary,-9/100000,0.82497500000000001,16,0.11749253624916874,1/10
1,0,True,33/40,33/40,True,0.10000000000000001,0.17499999999999999,1.1102230246251565e-16,0.74249999999999994,3,0.825,1/10,binary,-9/100000,0.82497500000000001,16,0.11749253624916874,1/10
0,0,True,3/4,5/8,True,0.25,0.375,0,0.5625,3,0.625,1/10,binary,-9/40000,0.62487499999999996,16,0.28814910280522171,1/4
1/2,0,True,3/4,5/8,True,0.25,0.375,0,0.5625,3,0.625,1/10,binary,-9/40000,0.62487499999999996,16,0.28814910280522171,1/4
1,0,True,3/4,5/8,True,0.25,0.375,0,0.5625,3,0.625,1/10,binary,-9/40000,0.62487499999999996,16,0.28814910280522171,1/4
0,0,True,27/40,3/8,True,0.5,0.625,0,0.33750000000000002,3,0.375,1/10,binary,-9/20000,0.37462499999999999,16,0.54271655879889358,1/2
1/2,0,True,27/40,3/8,True,0.5,0.625,0,0.33750000000000002,3,0.375,1/10,binary,-9/20000,0.37462499999999999,16,0.54271655879889358,1/2
1,0,True,27/40,3/8,True,0.5,0.625,0,0.33750000000000002,3,0.375,1/10,binary,-9/20000,0.37462499999999999,16,0.54271655879889358,1/2
0,0,True,63/106,7/106,True,0.90000000000000002,0.93396226415094341,9.0205620750793969e-17,0.059433962264150854,3,0.0660377358490566,1/10,binary,-81/100000,0.065171698113207541,16,0.91324671326574158,9/10
1/2,0,True,63/106,7/106,True,0.90000000000000002,0.93396226415094341,9.0205620750793969e-17,0.059433962264150854,3,0.0660377358490566,1/10,binary,-81/100000,0.065171698113207541,16,0.91324671326574158,9/10
1,0,True,63/106,7/106,True,0.90000000000000002,0.93396226415094341,9.0205620750793969e-17,0.059433962264150854,3,0.0660377358490566,1/10,binary,-81/100000,0.065171698113207541,16,0.91324671326574158,9/10
0,0,True,101/204,3333/3400,True,0.01,0.019705882352941177,0,0.49014705882352944,3,0.9802941176470589,1/2,binary,-1/200000,0.98029382352941175,16,0.010880707685225172,1/100
1/2,0,True,101/204,3333/3400,True,0.01,0.019705882352941177,0,0.49014705882352944,3,0.9802941176470589,1/2,binary,-1/200000,0.98029382352941175,16,0.010880707685225172,1/100
1,0,True,101/204,3333/3400,True,0.01,0.019705882352941177,0,0.49014705882352944,3,0.9802941176470589,1/2,binary,-1/200000,0.98029382352941175,16,0.010880707685225172,1/100
0,0,True,11/24,33/40,True,0.10000000000000001,0.17499999999999999,5.5511151231257827e-17,0.41250000000000003,3,0.825,1/2,binary,-1/20000,0.82497500000000001,16,0.11749253624916874,1/10
1/2,0,True,11/24,33/40,True,0.10000000000000001,0.17499999999999999,5.5511151231257827e-17,0.41250000000000003,3,0.825,1/2,binary,-1/20000,0.82497500000000001,16,0.11749253624916874,1/10
1,0,True,11/24,33/40,True,0.10000000000000001,0.17499999999999999,5.5511151231257827e-17,0.41250000000000003,3,0.825,1/2,binary,-1/20000,0.82497500000000001,16,0.11749253624916874,1/10
0,0,True,5/12,5/8,True,0.25,0.375,0,0.3125,3,0.625,1/2,binary,-1/8000,0.62487499999999996,16,0.28814910280522171,1/4
1/2,0,True,5/12,5/8,True,0.25,0.375,0,0.3125,3,0.625,1/2,binary,-1/8000,0.62487499999999996,16,0.28814910280522171,1/4
1,0,True,5/12,5/8,True,0.25,0.375,0,0.3125,3,0.625,1/2,binary,-1/8000,0.62487499999999996,16,0.28814910280522171,1/4
0,0,True,5/14,5/14,True,0.5,0.6428571428571429,2.7755575615628914e-17,0.1785714285714286,3,0.35714285714285715,1/2,binary,-1/4000,0.35678571428571426,16,0.5625,1/2
1/2,0,True,5/14,5/14,True,0.5,0.6428571428571429,2.7755575615628914e-17,0.1785714285714286,3,0.35714285714285715,1/2,binary,-1/4000,0.35678571428571426,16,0.5625,1/2
1,0,True,5/14,5/14,True,0.5,0.6428571428571429,2.7755575615628914e-17,0.1785714285714286,3,0.35714285714285715,1/2,binary,-1/4000,0.35678571428571426,16,0.5625,1/2
0,0,True,25/86,5/86,True,0.90000000000000002,0.94186046511627908,6.9388939039072284e-18,0.029069767441860458,3,0.05813953488372093,1/2,binary,-9/20000,0.057281395348837208,16,0.92348548373429651,9/10
1/2,0,True,25/86,5/86,True,0.90000000000000002,0.94186046511627908,6.9388939039072284e-18,0.029069767441860458,3,0.05813953488372093,1/2,binary,-9/20000,0.057281395348837208,16,0.92348548373429651,9/10
1,0,True,25/86,5/86,True,0.90000000000000002,0.94186046511627908,6.9388939039072284e-18,0.029069767441860458,3,0.05813953488372093,1/2,binary,-9/20000,0.057281395348837208,16,0.92348548373429651,9/10
0,0,True,101/1020,3333/3400,True,0.01,0.019705882352941177,0,0.098029411764705879,3,0.9802941176470589,9/10,binary,-1/1000000,0.98029382352941175,16,0.010880707685225172,1/100
1/2,0,True,101/1020,3333/3400,True,0.01,0.019705882352941177,0,0.098029411764705879,3,0.9802941176470589,9/10,binary,-1/1000000,0.98029382352941175,16,0.010880707685225172,1/100
1,0,True,101/1020,3333/3400,True,0.01,0.019705882352941177,0,0.098029411764705879,3,0.9802941176470589,9/10,binary,-1/1000000,0.98029382352941175,16,0.010880707685225172,1/100
0,0,True,29/318,87/106,True,0.10000000000000001,0.17924528301886791,1.3877787807814457e-17,0.082075471698113217,3,0.8207547169811321,9/10,binary,-1/100000,0.82073396226415096,16,0.12076802824172804,1/10
1/2,0,True,29/318,87/106,True,0.10000000000000001,0.17924528301886791,1.3877787807814457e-17,0.082075471698113217,3,0.8207547169811321,9/10,binary,-1/100000,0.82073396226415096,16,0.12076802824172804,1/10
1,0,True,29/318,87/106,True,0.10000000000000001,0.17924528301886791,1.3877787807814457e-17,0.082075471698113217,3,0.8207547169811321,9/10,binary,-1/100000,0.82073396226415096,16,0.12076802824172804,1/10
0,0,True,29/360,29/48,True,0.25,0.39583333333333331,6.9388939039072284e-18,0.06041666666666666,3,0.6041666666666666,9/10,binary,-1/40000,0.60406249999999995,16,0.30770298538288615,1/4
1/2,0,True,29/360,29/48,True,0.25,0.39583333333333331,6.9388939039072284e-18,0.06041666666666666,3,0.6041666666666666,9/10,binary,-1/40000,0.60406249999999995,16,0.30770298538288615,1/4
1,0,True,29/360,29/48,True,0.25,0.39583333333333331,6.9388939039072284e-18,0.06041666666666666,3,0.6041666666666666,9/10,binary,-1/40000,0.60406249999999995,16,0.30770298538288615,1/4
0,0,True,29/430,29/86,True,0.5,0.66279069767441856,6.9388939039072284e-18,0.033720930232558136,3,0.3372093023255814,9/10,binary,-1/20000,0.33687209302325583,16,0.58482645096506636,1/2
1/2,0,True,29/430,29/86,True,0.5,0.66279069767441856,6.9388939039072284e-18,0.033720930232558136,3,0.3372093023255814,9/10,binary,-1/20000,0.33687209302325583,16,0.58482645096506636,1/2
1,0,True,29/430,29/86,True,0.5,0.66279069767441856,6.9388939039072284e-18,0.033720930232558136,3,0.3372093023255814,9/10,binary,-1/20000,0.33687209302325583,16,0.58482645096506636,1/2
0,0,True,29/542,29/542,True,0.90000000000000002,0.94649446494464939,3.4694469519536142e-18,0.0053505535055350523,3,0.05350553505535055,9/10,binary,-9/100000,0.052652029520295206,16,0.92951011931465166,9/10
1/2,0,True,29/542,29/542,True,0.90000000000000002,0.94649446494464939,3.4694469519536142e-18,0.0053505535055350523,3,0.05350553505535055,9/10,binary,-9/100000,0.052652029520295206,16,0.92951011931465166,9/10
1,0,True,29/542,29/542,True,0.90000000000000002,0.94649446494464939,3.4694469519536142e-18,0.0053505535055350523,3,0.05350553505535055,9/10,binary,-9/100000,0.052652029520295206,16,0.92951011931465166,9/10
0,0,True,459/515,5049/5150,True,0.01,0.019611650485436893,0,0.88234951456310684,4,0.9803883495145631,1/10,binary,-9/1000000,0.98038796116504856,32,0.010826107456459694,1/100
1/2,0,True,459/515,5049/5150,True,0.01,0.019611650485436893,0,0.88234951456310684,4,0.9803883495145631,1/10,binary,-9/1000000,0.98038796116504856,32,0.010826107456459694,1/100
1,0,True,459/515,5049/5150,True,0.01,0.019611650485436893,0,0.88234951456310684,4,0.9803883495145631,1/10,binary,-9/1000000,0.98038796116504856,32,0.010826107456459694,1/100
0,0,True,54/65,54/65,True,0.10000000000000001,0.16923076923076924,0,0.74769230769230766,4,0.8307692307692308,1/10,binary,-9/100000,0.83073846153846154,32,0.11306777477480948,1/10
1/2,0,True,54/65,54/65,True,0.10000000000000001,0.16923076923076924,0,0.74769230769230766,4,0.8307692307692308,1/10,binary,-9/100000,0.83073846153846154,32,0.11306777477480948,1/10
1,0,True,54/65,54/65,True,0.10000000000000001,0.16923076923076924,0,0.74769230769230766,4,0.8307692307692308,1/10,binary,-9/100000,0.83073846153846154,32,0.11306777477480948,1/10
0,0,True,1461/1900,487/760,True,0.25,0.35921052631578948,0,0.57671052631578945,4,0.6407894736842106,1/10,binary,-9/40000,0.64064868421052634,32,0.27354085059453837,1/4
1/2,0,True,1461/1900,487/760,True,0.25,0.35921052631578948,0,0.57671052631578945,4,0.6407894736842106,1/10,binary,-9/40000,0.64064868421052634,32,0.27354085059453837,1/4
1,0,True,1461/1900,487/760,True,0.25,0.35921052631578948,0,0.57671052631578945,4,0.6407894736842106,1/10,binary,-9/40000,0.64064868421052634,32,0.27354085059453837,1/4
0,0,True,2403/3500,267/700,True,0.5,0.61857142857142855,0,0.34328571428571431,4,0.38142857142857145,1/10,binary,-9/20000,0.38104714285714286,32,0.53564504857685247,1/2
1/2,0,True,2403/3500,267/700,True,0.5,0.61857142857142855,0,0.34328571428571431,4,0.38142857142857145,1/10,binary,-9/20000,0.38104714285714286,32,0.53564504857685247,1/2
1,0,True,2403/3500,267/700,True,0.5,0.61857142857142855,0,0.34328571428571431,4,0.38142857142857145,1/10,binary,-9/20000,0.38104714285714286,32,0.53564504857685247,1/2
0,0,True,13707/22700,1523/22700,True,0.90000000000000002,0.93290748898678411,4.8572257327350599e-17,0.060383259911894221,4,0.06709251101321585,1/10,binary,-81/100000,0.066225418502202649,32,0.91188219336567622,9/10
1/2,0,True,13707/22700,1523/22700,True,0.90000000000000002,0.93290748898678411,4.8572257327350599e-17,0.060383259911894221,4,0.06709251101321585,1/10,binary,-81/100000,0.066225418502202649,32,0.91188219336567622,9/10
1,0,True,13707/22700,1523/22700,True,0.90000000000000002,0.93290748898678411,4.8572257327350599e-17,0.060383259911894221,4,0.06709251101321585,1/10,binary,-81/100000,0.066225418502202649,32,0.91188219336567622,9/10
0,0,True,51/103,5049/5150,True,0.01,0.019611650485436893,0,0.49019417475728155,4,0.9803883495145631,1/2,binary,-1/200000,0.98038796116504856,32,0.010826107456459694,1/100
1/2,0,True,51/103,5049/5150,True,0.01,0.019611650485436893,0,0.49019417475728155,4,0.9803883495145631,1/2,binary,-1/200000,0.98038796116504856,32,0.010826107456459694,1/100
1,0,True,51/103,5049/5150,True,0.01,0.019611650485436893,0,0.49019417475728155,4,0.9803883495145631,1/2,binary,-1/200000,0.98038796116504856,32,0.010826107456459694,1/100
0,0,True,193/420,579/700,True,0.10000000000000001,0.17285714285714285,0,0.41357142857142859,4,0.8271428571428572,1/2,binary,-1/20000,0.82711571428571429,32,0.11584546841078955,1/10
1/2,0,True,193/420,579/700,True,0.10000000000000001,0.17285714285714285,0,0.41357142857142859,4,0.8271428571428572,1/2,binary,-1/20000,0.82711571428571429,32,0.11584546841078955,1/10
1,0,True,193/420,579/700,True,0.10000000000000001,0.17285714285714285,0,0.41357142857142859,4,0.8271428571428572,1/2,binary,-1/20000,0.82711571428571429,32,0.11584546841078955,1/10
0,0,True,5/12,5/8,True,0.25,0.375,0,0.3125,4,0.625,1/2,binary,-1/8000,0.62487499999999996,32,0.28814910280522171,1/4
1/2,0,True,5/12,5/8,True,0.25,0.375,0,0.3125,4,0.625,1/2,binary,-1/8000,0.62487499999999996,32,0.28814910280522171,1/4
1,0,True,5/12,5/8,True,0.25,0.375,0,0.3125,4,0.625,1/2,binary,-1/8000,0.62487499999999996,32,0.28814910280522171,1/4
0,0,True,49/132,49/132,True,0.5,0.62878787878787878,0,0.18560606060606061,4,0.3712121212121212,1/2,binary,-1/4000,0.37084090909090911,32,0.54689581826992717,1/2
1/2,0,True,49/132,49/132,True,0.5,0.62878787878787878,0,0.18560606060606061,4,0.3712121212121212,1/2,binary,-1/4000,0.37084090909090911,32,0.54689581826992717,1/2
1,0,True,49/132,49/132,True,0.5,0.62878787878787878,0,0.18560606060606061,4,0.3712121212121212,1/2,binary,-1/4000,0.37084090909090911,32,0.54689581826992717,1/2
0,0,True,85/269,17/269,True,0.90000000000000002,0.93680297397769519,6.9388939039072284e-18,0.031598513011152421,4,0.06319702602230483,1/2,binary,-9/20000,0.06233382899628253,32,0.91692494125689883,9/10
1/2,0,True,85/269,17/269,True,0.90000000000000002,0.93680297397769519,6.9388939039072284e-18,0.031598513011152421,4,0.06319702602230483,1/2,binary,-9/20000,0.06233382899628253,32,0.91692494125689883,9/10
1,0,True,85/269,17/269,True,0.90000000000000002,0.93680297397769519,6.9388939039072284e-18,0.031598513011152421,4,0.06319702602230483,1/2,binary,-9/20000,0.06233382899628253,32,0.91692494125689883,9/10
0,0,True,57541/581100,1898853/1937000,True,0.01,0.019693856479091377,0,0.098030614352090858,4,0.9803061435209086,9/10,binary,-1/1000000,0.98030583737738775,32,0.010873738538484565,1/100
1/2,0,True,57541/581100,1898853/1937000,True,0.01,0.019693856479091377,0,0.098030614352090858,4,0.9803061435209086,9/10,binary,-1/1000000,0.98030583737738775,32,0.010873738538484565,1/100
1,0,True,57541/581100,1898853/1937000,True,0.01,0.019693856479091377,0,0.098030614352090858,4,0.9803061435209086,9/10,binary,-1/1000000,0.98030583737738775,32,0.010873738538484565,1/100
0,0,True,561/6133,5049/6133,True,0.10000000000000001,0.17674873634436655,0,0.082325126365563342,4,0.8232512636556335,9/10,binary,-1/100000,0.82322801239197785,32,0.11883979514196152,1/10
1/2,0,True,561/6133,5049/6133,True,0.10000000000000001,0.17674873634436655,0,0.082325126365563342,4,0.8232512636556335,9/10,binary,-1/100000,0.82322801239197785,32,0.11883979514196152,1/10
1,0,True,561/6133,5049/6133,True,0.10000000000000001,0.17674873634436655,0,0.082325126365563342,4,0.8232512636556335,9/10,binary,-1/100000,0.82322801239197785,32,0.11883979514196152,1/10
0,0,True,1122/13835,1683/2767,True,0.25,0.39176002891217926,1.3877787807814457e-17,0.060823997108782085,4,0.6082399710878208,9/10,binary,-1/40000,0.60813173111673291,32,0.30385505030904036,1/4
1/2,0,True,1122/13835,1683/2767,True,0.25,0.39176002891217926,1.3877787807814457e-17,0.060823997108782085,4,0.6082399710878208,9/10,binary,-1/40000,0.60813173111673291,32,0.30385505030904036,1/4
1,0,True,1122/13835,1683/2767,True,0.25,0.39176002891217926,1.3877787807814457e-17,0.060823997108782085,4,0.6082399710878208,9/10,binary,-1/40000,0.60813173111673291,32,0.30385505030904036,1/4
0,0,True,561/8225,561/1645,True,0.5,0.65896656534954412,0,0.034103343465045594,4,0.34103343465045594,9/10,binary,-1/20000,0.34069240121580546,32,0.5805234885904883,1/2
1/2,0,True,561/8225,561/1645,True,0.5,0.65896656534954412,0,0.034103343465045594,4,0.34103343465045594,9/10,binary,-1/20000,0.34069240121580546,32,0.5805234885904883,1/2
1,0,True,561/8225,561/1645,True,0.5,0.65896656534954412,0,0.034103343465045594,4,0.34103343465045594,9/10,binary,-1/20000,0.34069240121580546,32,0.5805234885904883,1/2
0,0,True,187/3439,187/3439,True,0.90000000000000002,0.94562372782785697,8.6736173798840355e-19,0.0054376272172143077,4,0.05437627217214307,9/10,binary,-9/100000,0.053521895899970924,32,0.92837709884881092,9/10
1/2,0,True,187/3439,187/3439,True,0.90000000000000002,0.94562372782785697,8.6736173798840355e-19,0.0054376272172143077,4,0.05437627217214307,9/10,binary,-9/100000,0.053521895899970924,32,0.92837709884881092,9/10
1,0,True,187/3439,187/3439,True,0.90000000000000002,0.94562372782785697,8.6736173798840355e-19,0.0054376272172143077,4,0.05437627217214307,9/10,binary,-9/100000,0.053521895899970924,32,0.92837709884881092,9/10
0,0,True,927/1040,10197/10400,True,0.01,0.019519230769230768,0,0.88243269230769228,5,0.9804807692307692,1/10,binary,-9/1000000,0.98048028846153845,64,0.010772575819578191,1/100
1/2,0,True,927/1040,10197/10400,True,0.01,0.019519230769230768,0,0.88243269230769228,5,0.9804807692307692,1/10,binary,-9/1000000,0.98048028846153845,64,0.010772575819578191,1/100
1,0,True,927/1040,10197/10400,True,0.01,0.019519230769230768,0,0.88243269230769228,5,0.9804807692307692,1/10,binary,-9/1000000,0.98048028846153845,64,0.010772575819578191,1/100
0,0,True,117/140,117/140,True,0.10000000000000001,0.16428571428571428,1.1102230246251565e-16,0.75214285714285722,5,0.8357142857142857,1/10,binary,-9/100000,0.83567857142857138,64,0.10929970074143222,1/10
1/2,0,True,117/140,117/140,True,0.10000000000000001,0.16428571428571428,1.1102230246251565e-16,0.75214285714285722,5,0.8357142857142857,1/10,binary,-9/100000,0.83567857142857138,64,0.10929970074143222,1/10
1,0,True,117/140,117/140,True,0.10000000000000001,0.16428571428571428,1.1102230246251565e-16,0.75214285714285722,5,0.8357142857142857,1/10,binary,-9/100000,0.83567857142857138,64,0.10929970074143222,1/10
0,0,True,206361/268000,68787/107200,True,0.25,0.35833022388059699,1.1102230246251565e-16,0.57750279850746256,5,0.641669776119403,1/10,binary,-9/40000,0.64152810634328361,64,0.27273182013497699,1/4
1/2,0,True,206361/268000,68787/107200,True,0.25,0.35833022388059699,1.1102230246251565e-16,0.57750279850746256,5,0.641669776119403,1/10,binary,-9/40000,0.64152810634328361,64,0.27273182013497699,1/4
1,0,True,206361/268000,68787/107200,True,0.25,0.35833022388059699,1.1102230246251565e-16,0.57750279850746256,5,0.641669776119403,1/10,binary,-9/40000,0.64152810634328361,64,0.27273182013497699,1/4
0,0,True,123561/176000,13729/35200,True,0.5,0.60997159090909092,0,0.35102556818181818,5,0.3900284090909091,1/10,binary,-9/20000,0.38963838068181816,64,0.52622710460266842,1/2
1/2,0,True,123561/176000,13729/35200,True,0.5,0.60997159090909092,0,0.35102556818181818,5,0.3900284090909091,1/10,binary,-9/20000,0.38963838068181816,64,0.52622710460266842,1/2
1,0,True,123561/176000,13729/35200,True,0.5,0.60997159090909092,0,0.35102556818181818,5,0.3900284090909091,1/10,binary,-9/20000,0.38963838068181816,64,0.52622710460266842,1/2
0,0,True,7392321/11756000,821369/11756000,True,0.90000000000000002,0.93013193263014626,4.163336342344337e-17,0.062881260632868363,5,0.0698680673698537,1/10,binary,-81/100000,0.06899819930248384,64,0.90829475635963797,9/10
1/2,0,True,7392321/11756000,821369/11756000,True,0.90000000000000002,0.93013193263014626,4.163336342344337e-17,0.062881260632868363,5,0.0698680673698537,1/10,binary,-81/100000,0.06899819930248384,64,0.90829475635963797,9/10
1,0,True,7392321/11756000,821369/11756000,True,0.90000000000000002,0.93013193263014626,4.163336342344337e-17,0.062881260632868363,5,0.0698680673698537,1/10,binary,-81/100000,0.06899819930248384,64,0.90829475635963797,9/10
0,0,True,103/208,10197/10400,True,0.01,0.019519230769230768,5.5511151231257827e-17,0.49024038461538455,5,0.9804807692307692,1/2,binary,-1/200000,0.98048028846153845,64,0.010772575819578191,1/100
1/2,0,True,103/208,10197/10400,True,0.01,0.019519230769230768,5.5511151231257827e-17,0.49024038461538455,5,0.9804807692307692,1/2,binary,-1/200000,0.98048028846153845,64,0.010772575819578191,1/100
1,0,True,103/208,10197/10400,True,0.01,0.019519230769230768,5.5511151231257827e-17,0.49024038461538455,5,0.9804807692307692,1/2,binary,-1/200000,0.98048028846153845,64,0.010772575819578191,1/100
0,0,True,59/128,531/640,True,0.10000000000000001,0.17031250000000001,0,0.41484375000000001,5,0.8296875,1/2,binary,-1/20000,0.82965781250000004,64,0.11389507446373545,1/10
1/2,0,True,59/128,531/640,True,0.10000000000000001,0.17031250000000001,0,0.41484375000000001,5,0.8296875,1/2,binary,-1/20000,0.82965781250000004,64,0.11389507446373545,1/10
1,0,True,59/128,531/640,True,0.10000000000000001,0.17031250000000001,0,0.41484375000000001,5,0.8296875,1/2,binary,-1/20000,0.82965781250000004,64,0.11389507446373545,1/10
0,0,True,833/1984,2499/3968,True,0.25,0.37021169354838712,0,0.31489415322580644,5,0.6297883064516129,1/2,binary,-1/8000,0.62965851814516127,64,0.28369962717635772,1/4
1/2,0,True,833/1984,2499/3968,True,0.25,0.37021169354838712,0,0.31489415322580644,5,0.6297883064516129,1/2,binary,-1/8000,0.62965851814516127,64,0.28369962717635772,1/4
1,0,True,833/1984,2499/3968,True,0.25,0.37021169354838712,0,0.31489415322580644,5,0.6297883064516129,1/2,binary,-1/8000,0.62965851814516127,64,0.28369962717635772,1/4
0,0,True,155/416,155/416,True,0.5,0.62740384615384615,2.7755575615628914e-17,0.18629807692307696,5,0.37259615384615385,1/2,binary,-1/4000,0.37222355769230769,64,0.54536770375247401,1/2
1/2,0,True,155/416,155/416,True,0.5,0.62740384615384615,2.7755575615628914e-17,0.18629807692307696,5,0.37259615384615385,1/2,binary,-1/4000,0.37222355769230769,64,0.54536770375247401,1/2
1,0,True,155/416,155/416,True,0.5,0.62740384615384615,2.7755575615628914e-17,0.18629807692307696,5,0.37259615384615385,1/2,binary,-1/4000,0.37222355769230769,64,0.54536770375247401,1/2
0,0,True,2713/8288,2713/41440,True,0.90000000000000002,0.93453185328185329,1.3877787807814457e-17,0.032734073359073371,5,0.06546814671814671,1/2,binary,-9/20000,0.064602678571428568,64,0.91398384500286001,9/10
1/2,0,True,2713/8288,2713/41440,True,0.90000000000000002,0.93453185328185329,1.3877787807814457e-17,0.032734073359073371,5,0.06546814671814671,1/2,binary,-9/20000,0.064602678571428568,64,0.91398384500286001,9/10
1,0,True,2713/8288,2713/41440,True,0.90000000000000002,0.93453185328185329,1.3877787807814457e-17,0.032734073359073371,5,0.06546814671814671,1/2,binary,-9/20000,0.064602678571428568,64,0.91398384500286001,9/10
0,0,True,18222721/184024000,1804049379/1840240000,True,0.01,0.019666250597748122,1.3877787807814457e-17,0.098033374940225196,5,0.9803337494022519,9/10,binary,-1/1000000,0.98033341565284959,64,0.010857741756263065,1/100
1/2,0,True,18222721/184024000,1804049379/1840240000,True,0.01,0.019666250597748122,1.3877787807814457e-17,0.098033374940225196,5,0.9803337494022519,9/10,binary,-1/1000000,0.98033341565284959,64,0.010857741756263065,1/100
1,0,True,18222721/184024000,1804049379/1840240000,True,0.01,0.019666250597748122,1.3877787807814457e-17,0.098033374940225196,5,0.9803337494022519,9/10,binary,-1/1000000,0.98033341565284959,64,0.010857741756263065,1/100
0,0,True,1968721/21484000,17718489/21484000,True,0.10000000000000001,0.17527048035747533,0,0.082472951964252472,5,0.8247295196425247,9/10,binary,-1/100000,0.82470479012288211,64,0.11770073601444261,1/10
1/2,0,True,1968721/21484000,17718489/21484000,True,0.10000000000000001,0.17527048035747533,0,0.082472951964252472,5,0.8247295196425247,9/10,binary,-1/100000,0.82470479012288211,64,0.11770073601444261,1/10
1,0,True,1968721/21484000,17718489/21484000,True,0.10000000000000001,0.17527048035747533,0,0.082472951964252472,5,0.8247295196425247,9/10,binary,-1/100000,0.82470479012288211,64,0.11770073601444261,1/10
0,0,True,9049/110855,27147/44342,True,0.25,0.3877813359794326,0,0.061221866402056742,5,0.6122186640205675,9/10,binary,-1/40000,0.61210644535654679,64,0.30010809053079252,1/4
1/2,0,True,9049/110855,27147/44342,True,0.25,0.3877813359794326,0,0.061221866402056742,5,0.6122186640205675,9/10,binary,-1/40000,0.61210644535654679,64,0.30010809053079252,1/4
1,0,True,9049/110855,27147/44342,True,0.25,0.3877813359794326,0,0.061221866402056742,5,0.6122186640205675,9/10,binary,-1/40000,0.61210644535654679,64,0.30010809053079252,1/4
0,0,True,9049/131220,9049/26244,True,0.5,0.65519737844840731,0,0.034480262155159272,5,0.34480262155159275,9/10,binary,-1/20000,0.34445781893004113,64,0.57629152305161979,1/2
1/2,0,True,9049/131220,9049/26244,True,0.5,0.65519737844840731,0,0.034480262155159272,5,0.34480262155159275,9/10,binary,-1/20000,0.34445781893004113,64,0.57629152305161979,1/2
1,0,True,9049/131220,9049/26244,True,0.5,0.65519737844840731,0,0.034480262155159272,5,0.34480262155159275,9/10,binary,-1/20000,0.34445781893004113,64,0.57629152305161979,1/2
0,0,True,9049/163804,9049/163804,True,0.90000000000000002,0.94475714878757544,6.9388939039072284e-18,0.0055242851212424539,5,0.05524285121242461,9/10,binary,-9/100000,0.054387608361212182,64,0.92724993928322563,9/10
1/2,0,True,9049/163804,9049/163804,True,0.90000000000000002,0.94475714878757544,6.9388939039072284e-18,0.0055242851212424539,5,0.05524285121242461,9/10,binary,-9/100000,0.054387608361212182,64,0.92724993928322563,9/10
1,0,True,9049/163804,9049/163804,True,0.90000000000000002,0.94475714878757544,6.9388939039072284e-18,0.0055242851212424539,5,0.05524285121242461,9/10,binary,-9/100000,0.054387608361212182,64,0.92724993928322563,9/10
