generic_risk_upper,m,normalized_mean,p,stage,universal_risk_upper,cells,exact_risk_upper,risk_upper
0.90000000000000002,2,0.1,1/10,certificate,0.86964686320691043,1,7546395302881180207/9223372036854775808,0.81818181818181823
0.75,2,0.25,1/10,certificate,0.68547540857717804,1,5534023222112865485/9223372036854775808,0.59999999999999998
0.5,2,0.5,1/10,certificate,0.41009705080055192,1,3074457345618258603/9223372036854775808,0.33333333333333331
0.25,2,0.75,1/10,certificate,0.17769189567607835,1,2635249153387078803/18446744073709551616,0.14285714285714285
0.10000000000000001,2,0.9,1/10,certificate,0.062499999999999986,1,485440633518672411/9223372036854775808,0.052631578947368418
0.90000000000000002,2,0.1,1/2,certificate,0.86964686320691043,1,7546395302881180207/9223372036854775808,0.81818181818181823
0.75,2,0.25,1/2,certificate,0.68547540857717804,1,5534023222112865485/9223372036854775808,0.59999999999999998
0.5,2,0.5,1/2,certificate,0.41009705080055192,1,3074457345618258603/9223372036854775808,0.33333333333333331
0.25,2,0.75,1/2,certificate,0.17769189567607835,1,2635249153387078803/18446744073709551616,0.14285714285714285
0.10000000000000001,2,0.9,1/2,certificate,0.062499999999999986,1,485440633518672411/9223372036854775808,0.052631578947368418
0.90000000000000002,2,0.1,9/10,certificate,0.86964686320691043,1,7546395302881180207/9223372036854775808,0.81818181818181823
0.75,2,0.25,9/10,certificate,0.68547540857717804,1,5534023222112865485/9223372036854775808,0.59999999999999998
0.5,2,0.5,9/10,certificate,0.41009705080055192,1,3074457345618258603/9223372036854775808,0.33333333333333331
0.25,2,0.75,9/10,certificate,0.17769189567607835,1,2635249153387078803/18446744073709551616,0.14285714285714285
0.10000000000000001,2,0.9,9/10,certificate,0.062499999999999986,1,485440633518672411/9223372036854775808,0.052631578947368418
0.90000000000000002,3,0.1,1/10,certificate,0.86964686320691043,2,15704660495185158809/18446744073709551616,0.85135135135135132
0.75,3,0.25,1/10,certificate,0.68547540857717804,2,1501998048419115873/2305843009213693952,0.65138781886599728
0.5,3,0.5,1/10,certificate,0.41009705080055192,2,3375988474043869647/9223372036854775808,0.36602540378443865
0.25,3,0.75,1/10,certificate,0.17769189567607835,2,349076543812268897/2305843009213693952,0.15138781886599734
0.10000000000000001,3,0.9,1/10,certificate,0.062499999999999986,2,995002644078668003/18446744073709551616,0.053939201416945651
0.90000000000000002,3,0.1,1/2,certificate,0.86964686320691043,2,7686143364045646507/9223372036854775808,0.83333333333333337
0.75,3,0.25,1/2,certificate,0.68547540857717804,2,11529215046068469761/18446744073709551616,0.625
0.5,3,0.5,1/2,certificate,0.41009705080055192,2,3294061441733848503/9223372036854775808,0.35714285714285715
0.25,3,0.75,1/2,certificate,0.17769189567607835,2,349076543812268897/2305843009213693952,0.15138781886599734
0.10000000000000001,3,0.9,1/2,certificate,0.062499999999999986,2,995002644078668003/18446744073709551616,0.053939201416945651
0.90000000000000002,3,0.1,9/10,certificate,0.86964686320691043,2,7570126105720429201/9223372036854775808,0.82075471698113212
0.75,3,0.25,9/10,certificate,0.68547540857717804,2,11144907877866187435/18446744073709551616,0.60416666666666663
0.5,3,0.5,9/10,certificate,0.41009705080055192,2,6220413699274151127/18446744073709551616,0.33720930232558138
0.25,3,0.75,9/10,certificate,0.17769189567607835,2,2674777890687884985/18446744073709551616,0.14499999999999999
0.10000000000000001,3,0.9,9/10,certificate,0.062499999999999986,2,987002911692946489/18446744073709551616,0.05350553505535055
0.90000000000000002,5,0.1,1/10,certificate,0.86964686320691043,4,3959339413227461131/4611686018427387904,0.85854487868573914
0.75,5,0.25,1/10,certificate,0.68547540857717804,4,3068711179832650469/4611686018427387904,0.66542066558102297
0.5,5,0.5,1/10,certificate,0.41009705080055192,4,7064751494523190285/18446744073709551616,0.38298094592161286
0.25,5,0.75,1/10,certificate,0.17769189567607835,4,373263825029005945/2305843009213693952,0.16187738000267898
0.10000000000000001,5,0.9,1/10,certificate,0.062499999999999986,4,521231112873254165/9223372036854775808,0.056511990494421932
0.90000000000000002,5,0.1,1/2,certificate,0.86964686320691043,4,7833466484120797309/9223372036854775808,0.84930613801761545
0.75,5,0.25,1/2,certificate,0.68547540857717804,4,11914884148272680457/18446744073709551616,0.64590716392351699
0.5,5,0.5,1/2,certificate,0.41009705080055192,4,3385949701988087347/9223372036854775808,0.36710540228221306
0.25,5,0.75,1/2,certificate,0.17769189567607835,4,2884575038673593613/18446744073709551616,0.15637312618136842
0.10000000000000001,5,0.9,1/2,certificate,0.062499999999999986,4,31801639507707731/576460752303423488,0.055167050628572113
0.90000000000000002,5,0.1,9/10,certificate,0.86964686320691043,4,15230963178829023817/18446744073709551616,0.82567216837665758
0.75,5,0.25,9/10,certificate,0.68547540857717804,4,2823360253083945231/4611686018427387904,0.61221866402056746
0.5,5,0.5,9/10,certificate,0.41009705080055192,4,6360485715706360791/18446744073709551616,0.34480262155159275
0.25,5,0.75,9/10,certificate,0.17769189567607835,4,1376493280362484189/9223372036854775808,0.14923970049807039
0.10000000000000001,5,0.9,9/10,certificate,0.062499999999999986,4,248754555233194441/4611686018427387904,0.053940045839898962
0.90000000000000002,10,0.1,1/10,certificate,0.86964686320691043,9,7972163614684349151/9223372036854775808,0.86434371104506635
0.75,10,0.25,1/10,certificate,0.68547540857717804,9,3111404345525683225/4611686018427387904,0.67467827017995696
0.5,10,0.5,1/10,certificate,0.41009705080055192,9,7340803891647245191/18446744073709551616,0.39794577635569944
0.25,10,0.75,1/10,certificate,0.17769189567607835,9,3130861663461426241/18446744073709551616,0.16972435086382293
0.10000000000000001,10,0.9,1/10,certificate,0.062499999999999986,9,272068382213079393/4611686018427387904,0.05899542621200745
0.90000000000000002,10,0.1,1/2,certificate,0.86964686320691043,9,15814343587125273081/18446744073709551616,0.85729728367967128
0.75,10,0.25,1/2,certificate,0.68547540857717804,9,12204618750457311867/18446744073709551616,0.66161370818015697
0.5,10,0.5,1/2,certificate,0.41009705080055192,9,1773518914818174901/4611686018427387904,0.38457061207799992
0.25,10,0.75,1/2,certificate,0.17769189567607835,9,1490123080926411793/9223372036854775808,0.16155946816112088
0.10000000000000001,10,0.9,1/2,certificate,0.062499999999999986,9,261205429819350407/4611686018427387904,0.056639898895029933
0.90000000000000002,10,0.1,9/10,certificate,0.86964686320691043,9,7716967734377926325/9223372036854775808,0.83667531826130892
0.75,10,0.25,9/10,certificate,0.68547540857717804,9,5816885717376286443/9223372036854775808,0.6306680131879272
0.5,10,0.5,9/10,certificate,0.41009705080055192,9,833543345753452381/2305843009213693952,0.36149180253069163
0.25,10,0.75,9/10,certificate,0.17769189567607835,9,2793594780290578645/18446744073709551616,0.15144107649176053
0.10000000000000001,10,0.9,9/10,certificate,0.062499999999999986,9,1007069141811480503/18446744073709551616,0.054593327569755982
0.90000000000000002,25,0.1,1/10,certificate,0.86964686320691043,24,4001402034716459429/4611686018427387904,0.86766575580550065
0.75,25,0.25,1/10,certificate,0.68547540857717804,24,196451262890891295/288230376151711744,0.68157723524424096
0.5,25,0.5,1/10,certificate,0.41009705080055192,24,3737415164049695147/9223372036854775808,0.40521136403429475
0.25,25,0.75,1/10,certificate,0.17769189567607835,24,3214572062445971301/18446744073709551616,0.17426230068575654
0.10000000000000001,25,0.9,1/10,certificate,0.062499999999999986,24,1122905219250269813/18446744073709551616,0.060872813910322711
0.90000000000000002,25,0.1,1/2,certificate,0.86964686320691043,24,7974619492227968119/9223372036854775808,0.86460997782188131
0.75,25,0.25,1/2,certificate,0.68547540857717804,24,12455506833716605445/18446744073709551616,0.67521437842617948
0.5,25,0.5,1/2,certificate,0.41009705080055192,24,7323625955374295657/18446744073709551616,0.39701455856440199
0.25,25,0.75,1/2,certificate,0.17769189567607835,24,3112877223685964003/18446744073709551616,0.16874941243004837
0.10000000000000001,25,0.9,1/2,certificate,0.062499999999999986,24,1080334934148062873/18446744073709551616,0.058565074130765706
0.90000000000000002,25,0.1,9/10,certificate,0.86964686320691043,24,1958316510923006189/2305843009213693952,0.84928440622278256
0.75,25,0.25,9/10,certificate,0.68547540857717804,24,373513001258256855/576460752303423488,0.64794177186525281
0.5,25,0.5,9/10,certificate,0.41009705080055192,24,6879793958175228433/18446744073709551616,0.37295437778531154
0.25,25,0.75,9/10,certificate,0.17769189567607835,24,2886357046407914407/18446744073709551616,0.15646972901421524
0.10000000000000001,25,0.9,9/10,certificate,0.062499999999999986,24,128163803049192021/2305843009213693952,0.055582189479975321
0.90000000000000002,50,0.1,1/10,certificate,0.86964686320691043,49,8012148802645643115/9223372036854775808,0.86867891381055395
0.75,50,0.25,1/10,certificate,0.68547540857717804,49,12609152355524585165/18446744073709551616,0.68354351885302356
0.5,50,0.5,1/10,certificate,0.41009705080055192,49,7521379916818551201/18446744073709551616,0.40773482229517577
0.25,50,0.75,1/10,certificate,0.17769189567607835,49,1623403102193715889/9223372036854775808,0.17600971702181342
0.10000000000000001,50,0.9,1/10,certificate,0.062499999999999986,49,1137842462175717425/18446744073709551616,0.061682563471858409
0.90000000000000002,50,0.1,1/2,certificate,0.86964686320691043,49,15996567101976247999/18446744073709551616,0.86717564021363991
0.75,50,0.25,1/2,certificate,0.68547540857717804,49,12550876061033179723/18446744073709551616,0.68038435459842417
0.5,50,0.5,1/2,certificate,0.41009705080055192,49,3721025117126743719/9223372036854775808,0.4034343515861944
0.25,50,0.75,1/2,certificate,0.17769189567607835,49,3182103914725148331/18446744073709551616,0.1725021988709817
0.10000000000000001,50,0.9,1/2,certificate,0.062499999999999986,49,552461606025969021/9223372036854775808,0.059898007346818646
0.90000000000000002,50,0.1,9/10,certificate,0.86964686320691043,49,15803947342068599363/18446744073709551616,0.85673370210586441
0.75,50,0.25,9/10,certificate,0.68547540857717804,49,12203494426379229085/18446744073709551616,0.66155275844975525
0.5,50,0.5,9/10,certificate,0.41009705080055192,49,7039625029496395995/18446744073709551616,0.38161883752316628
0.25,50,0.75,9/10,certificate,0.17769189567607835,49,1484148061615213139/9223372036854775808,0.16091165526933643
0.10000000000000001,50,0.9,9/10,certificate,0.062499999999999986,49,521510562337155735/9223372036854775808,0.056542288466008131
0.90000000000000002,100,0.1,1/10,certificate,0.86964686320691043,99,250520469793616661/288230376151711744,0.86916748032745084
0.75,100,0.25,1/10,certificate,0.68547540857717804,99,1578390929701660309/2305843009213693952,0.68451795000558213
0.5,100,0.5,1/10,certificate,0.41009705080055192,99,942877309321608385/2305843009213693952,0.40890785086150994
0.25,100,0.75,1/10,certificate,0.17769189567607835,99,3262555678485857673/18446744073709551616,0.1768634977234643
0.10000000000000001,100,0.9,1/10,certificate,0.062499999999999986,99,286353463223860507/4611686018427387904,0.062093009385211513
0.90000000000000002,100,0.1,1/2,certificate,0.86964686320691043,99,8009887852168280355/9223372036854775808,0.86843378106861002
0.75,100,0.25,1/2,certificate,0.68547540857717804,99,3149743413320292845/4611686018427387904,0.68299173029875393
0.5,100,0.5,1/2,certificate,0.41009705080055192,99,1875912712751810843/4611686018427387904,0.40677372771173786
0.25,100,0.75,1/2,certificate,0.17769189567607835,99,3228391705896803855/18446744073709551616,0.17501146505837492
0.10000000000000001,100,0.9,1/2,certificate,0.062499999999999986,99,562463012144486397/9223372036854775808,0.060982361970979282
0.90000000000000002,100,0.1,9/10,certificate,0.86964686320691043,99,15905515370090659881/18446744073709551616,0.86223971593769377
0.75,100,0.25,9/10,certificate,0.68547540857717804,99,6183538812860936801/9223372036854775808,0.67042062145522652
0.5,100,0.5,9/10,certificate,0.41009705080055192,99,3610894103587165303/9223372036854775808,0.39149392317243026
0.25,100,0.75,9/10,certificate,0.17769189567607835,99,3053641433882061627/18446744073709551616,0.16553823383033411
0.10000000000000001,100,0.9,9/10,certificate,0.062499999999999986,99,1063851356571319973/18446744073709551616,0.057671497599813805
