constant,exact_coefficient_check,exact_normalized_mean,exact_witness_check,lp_error,lp_mean,m,normalized_mean,p,stage,z,event_mask,law
0,True,2/3,True,1.1102230246251565e-16,0.60000000000000009,2,0.6666666666666666,1/10,multistate,1/5,1,"1/5,3/10,1/2"
1/2,True,2/3,True,1.1102230246251565e-16,0.60000000000000009,2,0.6666666666666666,1/10,multistate,1/5,1,"1/5,3/10,1/2"
1,True,2/3,True,1.1102230246251565e-16,0.60000000000000009,2,0.6666666666666666,1/10,multistate,1/5,1,"1/5,3/10,1/2"
0,True,7/13,True,5.5511151231257827e-17,0.48461538461538456,2,0.5384615384615384,1/10,multistate,3/10,2,"1/5,3/10,1/2"
1/2,True,7/13,True,5.5511151231257827e-17,0.48461538461538456,2,0.5384615384615384,1/10,multistate,3/10,2,"1/5,3/10,1/2"
1,True,7/13,True,5.5511151231257827e-17,0.48461538461538456,2,0.5384615384615384,1/10,multistate,3/10,2,"1/5,3/10,1/2"
0,True,1/3,True,0,0.29999999999999999,2,0.3333333333333333,1/10,multistate,1/2,3,"1/5,3/10,1/2"
1/2,True,1/3,True,0,0.29999999999999999,2,0.3333333333333333,1/10,multistate,1/2,3,"1/5,3/10,1/2"
1,True,1/3,True,0,0.29999999999999999,2,0.3333333333333333,1/10,multistate,1/2,3,"1/5,3/10,1/2"
0,True,1/3,True,5.5511151231257827e-17,0.30000000000000004,2,0.3333333333333333,1/10,multistate,1/2,4,"1/5,3/10,1/2"
1/2,True,1/3,True,5.5511151231257827e-17,0.30000000000000004,2,0.3333333333333333,1/10,multistate,1/2,4,"1/5,3/10,1/2"
1,True,1/3,True,5.5511151231257827e-17,0.30000000000000004,2,0.3333333333333333,1/10,multistate,1/2,4,"1/5,3/10,1/2"
0,True,3/17,True,2.7755575615628914e-17,0.15882352941176472,2,0.17647058823529413,1/10,multistate,7/10,5,"1/5,3/10,1/2"
1/2,True,3/17,True,2.7755575615628914e-17,0.15882352941176472,2,0.17647058823529413,1/10,multistate,7/10,5,"1/5,3/10,1/2"
1,True,3/17,True,2.7755575615628914e-17,0.15882352941176472,2,0.17647058823529413,1/10,multistate,7/10,5,"1/5,3/10,1/2"
0,True,1/9,True,0,0.10000000000000001,2,0.1111111111111111,1/10,multistate,4/5,6,"1/5,3/10,1/2"
1/2,True,1/9,True,0,0.10000000000000001,2,0.1111111111111111,1/10,multistate,4/5,6,"1/5,3/10,1/2"
1,True,1/9,True,0,0.10000000000000001,2,0.1111111111111111,1/10,multistate,4/5,6,"1/5,3/10,1/2"
0,True,2/3,True,0,0.33333333333333331,2,0.6666666666666666,1/2,multistate,1/5,1,"1/5,3/10,1/2"
1/2,True,2/3,True,0,0.33333333333333331,2,0.6666666666666666,1/2,multistate,1/5,1,"1/5,3/10,1/2"
1,True,2/3,True,0,0.33333333333333331,2,0.6666666666666666,1/2,multistate,1/5,1,"1/5,3/10,1/2"
0,True,7/13,True,5.5511151231257827e-17,0.26923076923076927,2,0.5384615384615384,1/2,multistate,3/10,2,"1/5,3/10,1/2"
1/2,True,7/13,True,5.5511151231257827e-17,0.26923076923076927,2,0.5384615384615384,1/2,multistate,3/10,2,"1/5,3/10,1/2"
1,True,7/13,True,5.5511151231257827e-17,0.26923076923076927,2,0.5384615384615384,1/2,multistate,3/10,2,"1/5,3/10,1/2"
0,True,1/3,True,2.7755575615628914e-17,0.16666666666666663,2,0.3333333333333333,1/2,multistate,1/2,3,"1/5,3/10,1/2"
1/2,True,1/3,True,2.7755575615628914e-17,0.16666666666666663,2,0.3333333333333333,1/2,multistate,1/2,3,"1/5,3/10,1/2"
1,True,1/3,True,2.7755575615628914e-17,0.16666666666666663,2,0.3333333333333333,1/2,multistate,1/2,3,"1/5,3/10,1/2"
0,True,1/3,True,2.7755575615628914e-17,0.16666666666666669,2,0.3333333333333333,1/2,multistate,1/2,4,"1/5,3/10,1/2"
1/2,True,1/3,True,2.7755575615628914e-17,0.16666666666666669,2,0.3333333333333333,1/2,multistate,1/2,4,"1/5,3/10,1/2"
1,True,1/3,True,2.7755575615628914e-17,0.16666666666666669,2,0.3333333333333333,1/2,multistate,1/2,4,"1/5,3/10,1/2"
0,True,3/17,True,1.3877787807814457e-17,0.088235294117647078,2,0.17647058823529413,1/2,multistate,7/10,5,"1/5,3/10,1/2"
1/2,True,3/17,True,1.3877787807814457e-17,0.088235294117647078,2,0.17647058823529413,1/2,multistate,7/10,5,"1/5,3/10,1/2"
1,True,3/17,True,1.3877787807814457e-17,0.088235294117647078,2,0.17647058823529413,1/2,multistate,7/10,5,"1/5,3/10,1/2"
0,True,1/9,True,1.3877787807814457e-17,0.055555555555555566,2,0.1111111111111111,1/2,multistate,4/5,6,"1/5,3/10,1/2"
1/2,True,1/9,True,1.3877787807814457e-17,0.055555555555555566,2,0.1111111111111111,1/2,multistate,4/5,6,"1/5,3/10,1/2"
1,True,1/9,True,1.3877787807814457e-17,0.055555555555555566,2,0.1111111111111111,1/2,multistate,4/5,6,"1/5,3/10,1/2"
0,True,2/3,True,0,0.066666666666666666,2,0.6666666666666666,9/10,multistate,1/5,1,"1/5,3/10,1/2"
1/2,True,2/3,True,0,0.066666666666666666,2,0.6666666666666666,9/10,multistate,1/5,1,"1/5,3/10,1/2"
1,True,2/3,True,0,0.066666666666666666,2,0.6666666666666666,9/10,multistate,1/5,1,"1/5,3/10,1/2"
0,True,7/13,True,0,0.053846153846153849,2,0.5384615384615384,9/10,multistate,3/10,2,"1/5,3/10,1/2"
1/2,True,7/13,True,0,0.053846153846153849,2,0.5384615384615384,9/10,multistate,3/10,2,"1/5,3/10,1/2"
1,True,7/13,True,0,0.053846153846153849,2,0.5384615384615384,9/10,multistate,3/10,2,"1/5,3/10,1/2"
0,True,1/3,True,6.9388939039072284e-18,0.03333333333333334,2,0.3333333333333333,9/10,multistate,1/2,3,"1/5,3/10,1/2"
1/2,True,1/3,True,6.9388939039072284e-18,0.03333333333333334,2,0.3333333333333333,9/10,multistate,1/2,3,"1/5,3/10,1/2"
1,True,1/3,True,6.9388939039072284e-18,0.03333333333333334,2,0.3333333333333333,9/10,multistate,1/2,3,"1/5,3/10,1/2"
0,True,1/3,True,0,0.033333333333333333,2,0.3333333333333333,9/10,multistate,1/2,4,"1/5,3/10,1/2"
1/2,True,1/3,True,0,0.033333333333333333,2,0.3333333333333333,9/10,multistate,1/2,4,"1/5,3/10,1/2"
1,True,1/3,True,0,0.033333333333333333,2,0.3333333333333333,9/10,multistate,1/2,4,"1/5,3/10,1/2"
0,True,3/17,True,0,0.017647058823529412,2,0.17647058823529413,9/10,multistate,7/10,5,"1/5,3/10,1/2"
1/2,True,3/17,True,0,0.017647058823529412,2,0.17647058823529413,9/10,multistate,7/10,5,"1/5,3/10,1/2"
1,True,3/17,True,0,0.017647058823529412,2,0.17647058823529413,9/10,multistate,7/10,5,"1/5,3/10,1/2"
0,True,1/9,True,0,0.011111111111111112,2,0.1111111111111111,9/10,multistate,4/5,6,"1/5,3/10,1/2"
1/2,True,1/9,True,0,0.011111111111111112,2,0.1111111111111111,9/10,multistate,4/5,6,"1/5,3/10,1/2"
1,True,1/9,True,0,0.011111111111111112,2,0.1111111111111111,9/10,multistate,4/5,6,"1/5,3/10,1/2"
0,True,24/35,True,0,0.6171428571428571,3,0.6857142857142857,1/10,multistate,1/5,1,"1/5,3/10,1/2"
1/2,True,24/35,True,0,0.6171428571428571,3,0.6857142857142857,1/10,multistate,1/5,1,"1/5,3/10,1/2"
1,True,24/35,True,0,0.6171428571428571,3,0.6857142857142857,1/10,multistate,1/5,1,"1/5,3/10,1/2"
0,True,91/160,True,1.1102230246251565e-16,0.51187500000000008,3,0.56875,1/10,multistate,3/10,2,"1/5,3/10,1/2"
1/2,True,91/160,True,1.1102230246251565e-16,0.51187500000000008,3,0.56875,1/10,multistate,3/10,2,"1/5,3/10,1/2"
1,True,91/160,True,1.1102230246251565e-16,0.51187500000000008,3,0.56875,1/10,multistate,3/10,2,"1/5,3/10,1/2"
0,True,3/8,True,5.5511151231257827e-17,0.33749999999999997,3,0.375,1/10,multistate,1/2,3,"1/5,3/10,1/2"
1/2,True,3/8,True,5.5511151231257827e-17,0.33749999999999997,3,0.375,1/10,multistate,1/2,3,"1/5,3/10,1/2"
1,True,3/8,True,5.5511151231257827e-17,0.33749999999999997,3,0.375,1/10,multistate,1/2,3,"1/5,3/10,1/2"
0,True,3/8,True,5.5511151231257827e-17,0.33749999999999997,3,0.375,1/10,multistate,1/2,4,"1/5,3/10,1/2"
1/2,True,3/8,True,5.5511151231257827e-17,0.33749999999999997,3,0.375,1/10,multistate,1/2,4,"1/5,3/10,1/2"
1,True,3/8,True,5.5511151231257827e-17,0.33749999999999997,3,0.375,1/10,multistate,1/2,4,"1/5,3/10,1/2"
0,True,17/80,True,2.7755575615628914e-17,0.19125000000000003,3,0.2125,1/10,multistate,7/10,5,"1/5,3/10,1/2"
1/2,True,17/80,True,2.7755575615628914e-17,0.19125000000000003,3,0.2125,1/10,multistate,7/10,5,"1/5,3/10,1/2"
1,True,17/80,True,2.7755575615628914e-17,0.19125000000000003,3,0.2125,1/10,multistate,7/10,5,"1/5,3/10,1/2"
0,True,7/51,True,0,0.12352941176470589,3,0.13725490196078433,1/10,multistate,4/5,6,"1/5,3/10,1/2"
1/2,True,7/51,True,0,0.12352941176470589,3,0.13725490196078433,1/10,multistate,4/5,6,"1/5,3/10,1/2"
1,True,7/51,True,0,0.12352941176470589,3,0.13725490196078433,1/10,multistate,4/5,6,"1/5,3/10,1/2"
0,True,24/35,True,0,0.34285714285714286,3,0.6857142857142857,1/2,multistate,1/5,1,"1/5,3/10,1/2"
1/2,True,24/35,True,0,0.34285714285714286,3,0.6857142857142857,1/2,multistate,1/5,1,"1/5,3/10,1/2"
1,True,24/35,True,0,0.34285714285714286,3,0.6857142857142857,1/2,multistate,1/5,1,"1/5,3/10,1/2"
0,True,35/62,True,0,0.28225806451612906,3,0.5645161290322581,1/2,multistate,3/10,2,"1/5,3/10,1/2"
1/2,True,35/62,True,0,0.28225806451612906,3,0.5645161290322581,1/2,multistate,3/10,2,"1/5,3/10,1/2"
1,True,35/62,True,0,0.28225806451612906,3,0.5645161290322581,1/2,multistate,3/10,2,"1/5,3/10,1/2"
0,True,5/14,True,0,0.17857142857142858,3,0.35714285714285715,1/2,multistate,1/2,3,"1/5,3/10,1/2"
1/2,True,5/14,True,0,0.17857142857142858,3,0.35714285714285715,1/2,multistate,1/2,3,"1/5,3/10,1/2"
1,True,5/14,True,0,0.17857142857142858,3,0.35714285714285715,1/2,multistate,1/2,3,"1/5,3/10,1/2"
0,True,5/14,True,2.7755575615628914e-17,0.1785714285714286,3,0.35714285714285715,1/2,multistate,1/2,4,"1/5,3/10,1/2"
1/2,True,5/14,True,2.7755575615628914e-17,0.1785714285714286,3,0.35714285714285715,1/2,multistate,1/2,4,"1/5,3/10,1/2"
1,True,5/14,True,2.7755575615628914e-17,0.1785714285714286,3,0.35714285714285715,1/2,multistate,1/2,4,"1/5,3/10,1/2"
0,True,5/26,True,1.3877787807814457e-17,0.096153846153846145,3,0.19230769230769232,1/2,multistate,7/10,5,"1/5,3/10,1/2"
1/2,True,5/26,True,1.3877787807814457e-17,0.096153846153846145,3,0.19230769230769232,1/2,multistate,7/10,5,"1/5,3/10,1/2"
1,True,5/26,True,1.3877787807814457e-17,0.096153846153846145,3,0.19230769230769232,1/2,multistate,7/10,5,"1/5,3/10,1/2"
0,True,5/41,True,5.5511151231257827e-17,0.060975609756097615,3,0.12195121951219512,1/2,multistate,4/5,6,"1/5,3/10,1/2"
1/2,True,5/41,True,5.5511151231257827e-17,0.060975609756097615,3,0.12195121951219512,1/2,multistate,4/5,6,"1/5,3/10,1/2"
1,True,5/41,True,5.5511151231257827e-17,0.060975609756097615,3,0.12195121951219512,1/2,multistate,4/5,6,"1/5,3/10,1/2"
0,True,116/173,True,0,0.067052023121387277,3,0.6705202312138728,9/10,multistate,1/5,1,"1/5,3/10,1/2"
1/2,True,116/173,True,0,0.067052023121387277,3,0.6705202312138728,9/10,multistate,1/5,1,"1/5,3/10,1/2"
1,True,116/173,True,0,0.067052023121387277,3,0.6705202312138728,9/10,multistate,1/5,1,"1/5,3/10,1/2"
0,True,203/374,True,0,0.054278074866310158,3,0.5427807486631016,9/10,multistate,3/10,2,"1/5,3/10,1/2"
1/2,True,203/374,True,0,0.054278074866310158,3,0.5427807486631016,9/10,multistate,3/10,2,"1/5,3/10,1/2"
1,True,203/374,True,0,0.054278074866310158,3,0.5427807486631016,9/10,multistate,3/10,2,"1/5,3/10,1/2"
0,True,29/86,True,0,0.033720930232558143,3,0.3372093023255814,9/10,multistate,1/2,3,"1/5,3/10,1/2"
1/2,True,29/86,True,0,0.033720930232558143,3,0.3372093023255814,9/10,multistate,1/2,3,"1/5,3/10,1/2"
1,True,29/86,True,0,0.033720930232558143,3,0.3372093023255814,9/10,multistate,1/2,3,"1/5,3/10,1/2"
0,True,29/86,True,0,0.033720930232558143,3,0.3372093023255814,9/10,multistate,1/2,4,"1/5,3/10,1/2"
1/2,True,29/86,True,0,0.033720930232558143,3,0.3372093023255814,9/10,multistate,1/2,4,"1/5,3/10,1/2"
1,True,29/86,True,0,0.033720930232558143,3,0.3372093023255814,9/10,multistate,1/2,4,"1/5,3/10,1/2"
0,True,29/162,True,3.4694469519536142e-18,0.017901234567901238,3,0.17901234567901234,9/10,multistate,7/10,5,"1/5,3/10,1/2"
1/2,True,29/162,True,3.4694469519536142e-18,0.017901234567901238,3,0.17901234567901234,9/10,multistate,7/10,5,"1/5,3/10,1/2"
1,True,29/162,True,3.4694469519536142e-18,0.017901234567901238,3,0.17901234567901234,9/10,multistate,7/10,5,"1/5,3/10,1/2"
0,True,29/257,True,3.4694469519536142e-18,0.011284046692607007,3,0.11284046692607004,9/10,multistate,4/5,6,"1/5,3/10,1/2"
1/2,True,29/257,True,3.4694469519536142e-18,0.011284046692607007,3,0.11284046692607004,9/10,multistate,4/5,6,"1/5,3/10,1/2"
1,True,29/257,True,3.4694469519536142e-18,0.011284046692607007,3,0.11284046692607004,9/10,multistate,4/5,6,"1/5,3/10,1/2"
0,True,7/10,True,0,0.63,4,0.7,1/10,multistate,1/5,1,"1/5,3/10,1/2"
1/2,True,7/10,True,0,0.63,4,0.7,1/10,multistate,1/5,1,"1/5,3/10,1/2"
1,True,7/10,True,0,0.63,4,0.7,1/10,multistate,1/5,1,"1/5,3/10,1/2"
0,True,8687/14900,True,0,0.52471812080536917,4,0.5830201342281879,1/10,multistate,3/10,2,"1/5,3/10,1/2"
1/2,True,8687/14900,True,0,0.52471812080536917,4,0.5830201342281879,1/10,multistate,3/10,2,"1/5,3/10,1/2"
1,True,8687/14900,True,0,0.52471812080536917,4,0.5830201342281879,1/10,multistate,3/10,2,"1/5,3/10,1/2"
0,True,267/700,True,0,0.34328571428571431,4,0.38142857142857145,1/10,multistate,1/2,3,"1/5,3/10,1/2"
1/2,True,267/700,True,0,0.34328571428571431,4,0.38142857142857145,1/10,multistate,1/2,3,"1/5,3/10,1/2"
1,True,267/700,True,0,0.34328571428571431,4,0.38142857142857145,1/10,multistate,1/2,3,"1/5,3/10,1/2"
0,True,267/700,True,1.1102230246251565e-16,0.34328571428571419,4,0.38142857142857145,1/10,multistate,1/2,4,"1/5,3/10,1/2"
1/2,True,267/700,True,1.1102230246251565e-16,0.34328571428571419,4,0.38142857142857145,1/10,multistate,1/2,4,"1/5,3/10,1/2"
1,True,267/700,True,1.1102230246251565e-16,0.34328571428571419,4,0.38142857142857145,1/10,multistate,1/2,4,"1/5,3/10,1/2"
0,True,1429/6700,True,1.1102230246251565e-16,0.19195522388059691,4,0.21328358208955223,1/10,multistate,7/10,5,"1/5,3/10,1/2"
1/2,True,1429/6700,True,1.1102230246251565e-16,0.19195522388059691,4,0.21328358208955223,1/10,multistate,7/10,5,"1/5,3/10,1/2"
1,True,1429/6700,True,1.1102230246251565e-16,0.19195522388059691,4,0.21328358208955223,1/10,multistate,7/10,5,"1/5,3/10,1/2"
0,True,369/2675,True,5.5511151231257827e-17,0.12414953271028042,4,0.13794392523364485,1/10,multistate,4/5,6,"1/5,3/10,1/2"
1/2,True,369/2675,True,5.5511151231257827e-17,0.12414953271028042,4,0.13794392523364485,1/10,multistate,4/5,6,"1/5,3/10,1/2"
1,True,369/2675,True,5.5511151231257827e-17,0.12414953271028042,4,0.13794392523364485,1/10,multistate,4/5,6,"1/5,3/10,1/2"
0,True,103/150,True,0,0.34333333333333332,4,0.6866666666666666,1/2,multistate,1/5,1,"1/5,3/10,1/2"
1/2,True,103/150,True,0,0.34333333333333332,4,0.6866666666666666,1/2,multistate,1/5,1,"1/5,3/10,1/2"
1,True,103/150,True,0,0.34333333333333332,4,0.6866666666666666,1/2,multistate,1/5,1,"1/5,3/10,1/2"
0,True,511/900,True,5.5511151231257827e-17,0.28388888888888886,4,0.5677777777777778,1/2,multistate,3/10,2,"1/5,3/10,1/2"
1/2,True,511/900,True,5.5511151231257827e-17,0.28388888888888886,4,0.5677777777777778,1/2,multistate,3/10,2,"1/5,3/10,1/2"
1,True,511/900,True,5.5511151231257827e-17,0.28388888888888886,4,0.5677777777777778,1/2,multistate,3/10,2,"1/5,3/10,1/2"
0,True,49/132,True,0,0.18560606060606061,4,0.3712121212121212,1/2,multistate,1/2,3,"1/5,3/10,1/2"
1/2,True,49/132,True,0,0.18560606060606061,4,0.3712121212121212,1/2,multistate,1/2,3,"1/5,3/10,1/2"
1,True,49/132,True,0,0.18560606060606061,4,0.3712121212121212,1/2,multistate,1/2,3,"1/5,3/10,1/2"
0,True,49/132,True,2.7755575615628914e-17,0.18560606060606064,4,0.3712121212121212,1/2,multistate,1/2,4,"1/5,3/10,1/2"
1/2,True,49/132,True,2.7755575615628914e-17,0.18560606060606064,4,0.3712121212121212,1/2,multistate,1/2,4,"1/5,3/10,1/2"
1,True,49/132,True,2.7755575615628914e-17,0.18560606060606064,4,0.3712121212121212,1/2,multistate,1/2,4,"1/5,3/10,1/2"
0,True,51/247,True,0,0.10323886639676114,4,0.20647773279352227,1/2,multistate,7/10,5,"1/5,3/10,1/2"
1/2,True,51/247,True,0,0.10323886639676114,4,0.20647773279352227,1/2,multistate,7/10,5,"1/5,3/10,1/2"
1,True,51/247,True,0,0.10323886639676114,4,0.20647773279352227,1/2,multistate,7/10,5,"1/5,3/10,1/2"
0,True,17/129,True,0,0.06589147286821706,4,0.13178294573643412,1/2,multistate,4/5,6,"1/5,3/10,1/2"
1/2,True,17/129,True,0,0.06589147286821706,4,0.13178294573643412,1/2,multistate,4/5,6,"1/5,3/10,1/2"
1,True,17/129,True,0,0.06589147286821706,4,0.13178294573643412,1/2,multistate,4/5,6,"1/5,3/10,1/2"
0,True,561/832,True,0,0.067427884615384612,4,0.6742788461538461,9/10,multistate,1/5,1,"1/5,3/10,1/2"
1/2,True,561/832,True,0,0.067427884615384612,4,0.6742788461538461,9/10,multistate,1/5,1,"1/5,3/10,1/2"
1,True,561/832,True,0,0.067427884615384612,4,0.6742788461538461,9/10,multistate,1/5,1,"1/5,3/10,1/2"
0,True,1309/2393,True,6.9388939039072284e-18,0.054701211867948178,4,0.5470121186794819,9/10,multistate,3/10,2,"1/5,3/10,1/2"
1/2,True,1309/2393,True,6.9388939039072284e-18,0.054701211867948178,4,0.5470121186794819,9/10,multistate,3/10,2,"1/5,3/10,1/2"
1,True,1309/2393,True,6.9388939039072284e-18,0.054701211867948178,4,0.5470121186794819,9/10,multistate,3/10,2,"1/5,3/10,1/2"
0,True,561/1645,True,0,0.034103343465045594,4,0.34103343465045594,9/10,multistate,1/2,3,"1/5,3/10,1/2"
1/2,True,561/1645,True,0,0.034103343465045594,4,0.34103343465045594,9/10,multistate,1/2,3,"1/5,3/10,1/2"
1,True,561/1645,True,0,0.034103343465045594,4,0.34103343465045594,9/10,multistate,1/2,3,"1/5,3/10,1/2"
0,True,561/1645,True,6.9388939039072284e-18,0.034103343465045587,4,0.34103343465045594,9/10,multistate,1/2,4,"1/5,3/10,1/2"
1/2,True,561/1645,True,6.9388939039072284e-18,0.034103343465045587,4,0.34103343465045594,9/10,multistate,1/2,4,"1/5,3/10,1/2"
1,True,561/1645,True,6.9388939039072284e-18,0.034103343465045587,4,0.34103343465045594,9/10,multistate,1/2,4,"1/5,3/10,1/2"
0,True,1683/9271,True,3.4694469519536142e-18,0.018153381512242474,4,0.18153381512242475,9/10,multistate,7/10,5,"1/5,3/10,1/2"
1/2,True,1683/9271,True,3.4694469519536142e-18,0.018153381512242474,4,0.18153381512242475,9/10,multistate,7/10,5,"1/5,3/10,1/2"
1,True,1683/9271,True,3.4694469519536142e-18,0.018153381512242474,4,0.18153381512242475,9/10,multistate,7/10,5,"1/5,3/10,1/2"
0,True,561/4897,True,0,0.011455993465386971,4,0.11455993465386971,9/10,multistate,4/5,6,"1/5,3/10,1/2"
1/2,True,561/4897,True,0,0.011455993465386971,4,0.11455993465386971,9/10,multistate,4/5,6,"1/5,3/10,1/2"
1,True,561/4897,True,0,0.011455993465386971,4,0.11455993465386971,9/10,multistate,4/5,6,"1/5,3/10,1/2"
0,True,27529/39250,True,1.1102230246251565e-16,0.63123821656050949,5,0.701375796178344,1/10,multistate,1/5,1,"1/5,3/10,1/2"
1/2,True,27529/39250,True,1.1102230246251565e-16,0.63123821656050949,5,0.701375796178344,1/10,multistate,1/5,1,"1/5,3/10,1/2"
1,True,27529/39250,True,1.1102230246251565e-16,0.63123821656050949,5,0.701375796178344,1/10,multistate,1/5,1,"1/5,3/10,1/2"
0,True,417109/712000,True,1.1102230246251565e-16,0.52724452247191023,5,0.5858272471910112,1/10,multistate,3/10,2,"1/5,3/10,1/2"
1/2,True,417109/712000,True,1.1102230246251565e-16,0.52724452247191023,5,0.5858272471910112,1/10,multistate,3/10,2,"1/5,3/10,1/2"
1,True,417109/712000,True,1.1102230246251565e-16,0.52724452247191023,5,0.5858272471910112,1/10,multistate,3/10,2,"1/5,3/10,1/2"
0,True,13729/35200,True,5.5511151231257827e-17,0.35102556818181824,5,0.3900284090909091,1/10,multistate,1/2,3,"1/5,3/10,1/2"
1/2,True,13729/35200,True,5.5511151231257827e-17,0.35102556818181824,5,0.3900284090909091,1/10,multistate,1/2,3,"1/5,3/10,1/2"
1,True,13729/35200,True,5.5511151231257827e-17,0.35102556818181824,5,0.3900284090909091,1/10,multistate,1/2,3,"1/5,3/10,1/2"
0,True,13729/35200,True,2.2204460492503131e-16,0.3510255681818184,5,0.3900284090909091,1/10,multistate,1/2,4,"1/5,3/10,1/2"
1/2,True,13729/35200,True,2.2204460492503131e-16,0.3510255681818184,5,0.3900284090909091,1/10,multistate,1/2,4,"1/5,3/10,1/2"
1,True,13729/35200,True,2.2204460492503131e-16,0.3510255681818184,5,0.3900284090909091,1/10,multistate,1/2,4,"1/5,3/10,1/2"
0,True,233109/1048000,True,0,0.20018902671755726,5,0.22243225190839694,1/10,multistate,7/10,5,"1/5,3/10,1/2"
1/2,True,233109/1048000,True,0,0.20018902671755726,5,0.22243225190839694,1/10,multistate,7/10,5,"1/5,3/10,1/2"
1,True,233109/1048000,True,0,0.20018902671755726,5,0.22243225190839694,1/10,multistate,7/10,5,"1/5,3/10,1/2"
0,True,100791/700750,True,8.3266726846886741e-17,0.12944973242953986,5,0.14383303603282196,1/10,multistate,4/5,6,"1/5,3/10,1/2"
1/2,True,100791/700750,True,8.3266726846886741e-17,0.12944973242953986,5,0.14383303603282196,1/10,multistate,4/5,6,"1/5,3/10,1/2"
1,True,100791/700750,True,8.3266726846886741e-17,0.12944973242953986,5,0.14383303603282196,1/10,multistate,4/5,6,"1/5,3/10,1/2"
0,True,339/490,True,5.5511151231257827e-17,0.34591836734693882,5,0.6918367346938775,1/2,multistate,1/5,1,"1/5,3/10,1/2"
1/2,True,339/490,True,5.5511151231257827e-17,0.34591836734693882,5,0.6918367346938775,1/2,multistate,1/5,1,"1/5,3/10,1/2"
1,True,339/490,True,5.5511151231257827e-17,0.34591836734693882,5,0.6918367346938775,1/2,multistate,1/5,1,"1/5,3/10,1/2"
0,True,14917/26080,True,0,0.28598542944785277,5,0.5719708588957055,1/2,multistate,3/10,2,"1/5,3/10,1/2"
1/2,True,14917/26080,True,0,0.28598542944785277,5,0.5719708588957055,1/2,multistate,3/10,2,"1/5,3/10,1/2"
1,True,14917/26080,True,0,0.28598542944785277,5,0.5719708588957055,1/2,multistate,3/10,2,"1/5,3/10,1/2"
0,True,155/416,True,0,0.18629807692307693,5,0.37259615384615385,1/2,multistate,1/2,3,"1/5,3/10,1/2"
1/2,True,155/416,True,0,0.18629807692307693,5,0.37259615384615385,1/2,multistate,1/2,3,"1/5,3/10,1/2"
1,True,155/416,True,0,0.18629807692307693,5,0.37259615384615385,1/2,multistate,1/2,3,"1/5,3/10,1/2"
0,True,155/416,True,5.5511151231257827e-17,0.18629807692307687,5,0.37259615384615385,1/2,multistate,1/2,4,"1/5,3/10,1/2"
1/2,True,155/416,True,5.5511151231257827e-17,0.18629807692307687,5,0.37259615384615385,1/2,multistate,1/2,4,"1/5,3/10,1/2"
1,True,155/416,True,5.5511151231257827e-17,0.18629807692307687,5,0.37259615384615385,1/2,multistate,1/2,4,"1/5,3/10,1/2"
0,True,7557/36320,True,6.9388939039072284e-17,0.10403359030837012,5,0.2080671806167401,1/2,multistate,7/10,5,"1/5,3/10,1/2"
1/2,True,7557/36320,True,6.9388939039072284e-17,0.10403359030837012,5,0.2080671806167401,1/2,multistate,7/10,5,"1/5,3/10,1/2"
1,True,7557/36320,True,6.9388939039072284e-17,0.10403359030837012,5,0.2080671806167401,1/2,multistate,7/10,5,"1/5,3/10,1/2"
0,True,109/810,True,2.7755575615628914e-17,0.067283950617283983,5,0.1345679012345679,1/2,multistate,4/5,6,"1/5,3/10,1/2"
1/2,True,109/810,True,2.7755575615628914e-17,0.067283950617283983,5,0.1345679012345679,1/2,multistate,4/5,6,"1/5,3/10,1/2"
1,True,109/810,True,2.7755575615628914e-17,0.067283950617283983,5,0.1345679012345679,1/2,multistate,4/5,6,"1/5,3/10,1/2"
0,True,36196/53391,True,0,0.067794197523927249,5,0.6779419752392726,9/10,multistate,1/5,1,"1/5,3/10,1/2"
1/2,True,36196/53391,True,0,0.067794197523927249,5,0.6779419752392726,9/10,multistate,1/5,1,"1/5,3/10,1/2"
1,True,36196/53391,True,0,0.067794197523927249,5,0.6779419752392726,9/10,multistate,1/5,1,"1/5,3/10,1/2"
0,True,63343/114928,True,1.3877787807814457e-17,0.055115376583600155,5,0.5511537658360016,9/10,multistate,3/10,2,"1/5,3/10,1/2"
1/2,True,63343/114928,True,1.3877787807814457e-17,0.055115376583600155,5,0.5511537658360016,9/10,multistate,3/10,2,"1/5,3/10,1/2"
1,True,63343/114928,True,1.3877787807814457e-17,0.055115376583600155,5,0.5511537658360016,9/10,multistate,3/10,2,"1/5,3/10,1/2"
0,True,9049/26244,True,0,0.034480262155159272,5,0.34480262155159275,9/10,multistate,1/2,3,"1/5,3/10,1/2"
1/2,True,9049/26244,True,0,0.034480262155159272,5,0.34480262155159275,9/10,multistate,1/2,3,"1/5,3/10,1/2"
1,True,9049/26244,True,0,0.034480262155159272,5,0.34480262155159275,9/10,multistate,1/2,3,"1/5,3/10,1/2"
0,True,9049/26244,True,6.9388939039072284e-18,0.034480262155159265,5,0.34480262155159275,9/10,multistate,1/2,4,"1/5,3/10,1/2"
1/2,True,9049/26244,True,6.9388939039072284e-18,0.034480262155159265,5,0.34480262155159275,9/10,multistate,1/2,4,"1/5,3/10,1/2"
1,True,9049/26244,True,6.9388939039072284e-18,0.034480262155159265,5,0.34480262155159275,9/10,multistate,1/2,4,"1/5,3/10,1/2"
0,True,27147/147512,True,3.4694469519536142e-18,0.018403248549270571,5,0.18403248549270568,9/10,multistate,7/10,5,"1/5,3/10,1/2"
1/2,True,27147/147512,True,3.4694469519536142e-18,0.018403248549270571,5,0.18403248549270568,9/10,multistate,7/10,5,"1/5,3/10,1/2"
1,True,27147/147512,True,3.4694469519536142e-18,0.018403248549270571,5,0.18403248549270568,9/10,multistate,7/10,5,"1/5,3/10,1/2"
0,True,9049/77829,True,1.7347234759768071e-18,0.011626771511904301,5,0.11626771511904303,9/10,multistate,4/5,6,"1/5,3/10,1/2"
1/2,True,9049/77829,True,1.7347234759768071e-18,0.011626771511904301,5,0.11626771511904303,9/10,multistate,4/5,6,"1/5,3/10,1/2"
1,True,9049/77829,True,1.7347234759768071e-18,0.011626771511904301,5,0.11626771511904303,9/10,multistate,4/5,6,"1/5,3/10,1/2"
