m,p,stage,cells,envelope_gap,exact_required_mean,full_table,generic_required_mean,required_mean,risk_budget,universal_required_mean
2,1/10,threshold,1,0.0016201620162016317,99/101,SEE_BINARY_AUDIT,0.98999999999999999,0.98019801980198018,1/100,0.98181818181818181
2,1/10,threshold,1,0.013512495001250957,19/21,SEE_BINARY_AUDIT,0.94999999999999996,0.90476190476190477,1/20,0.91827439976315572
2,1/10,threshold,1,0.029868796488590199,9/11,SEE_BINARY_AUDIT,0.90000000000000002,0.81818181818181823,1/10,0.84805061467040843
2,1/10,threshold,1,0.066666666666666763,3/5,SEE_BINARY_AUDIT,0.75,0.59999999999999998,1/4,0.66666666666666674
2,1/10,threshold,1,0.08088022903976172,1/3,SEE_BINARY_AUDIT,0.5,0.33333333333333331,1/2,0.41421356237309503
2,1/2,threshold,1,0.0016201620162016317,99/101,SEE_BINARY_AUDIT,0.98999999999999999,0.98019801980198018,1/100,0.98181818181818181
2,1/2,threshold,1,0.013512495001250957,19/21,SEE_BINARY_AUDIT,0.94999999999999996,0.90476190476190477,1/20,0.91827439976315572
2,1/2,threshold,1,0.029868796488590199,9/11,SEE_BINARY_AUDIT,0.90000000000000002,0.81818181818181823,1/10,0.84805061467040843
2,1/2,threshold,1,0.066666666666666763,3/5,SEE_BINARY_AUDIT,0.75,0.59999999999999998,1/4,0.66666666666666674
2,1/2,threshold,1,0.08088022903976172,1/3,SEE_BINARY_AUDIT,0.5,0.33333333333333331,1/2,0.41421356237309503
2,9/10,threshold,1,0.0016201620162016317,99/101,SEE_BINARY_AUDIT,0.98999999999999999,0.98019801980198018,1/100,0.98181818181818181
2,9/10,threshold,1,0.013512495001250957,19/21,SEE_BINARY_AUDIT,0.94999999999999996,0.90476190476190477,1/20,0.91827439976315572
2,9/10,threshold,1,0.029868796488590199,9/11,SEE_BINARY_AUDIT,0.90000000000000002,0.81818181818181823,1/10,0.84805061467040843
2,9/10,threshold,1,0.066666666666666763,3/5,SEE_BINARY_AUDIT,0.75,0.59999999999999998,1/4,0.66666666666666674
2,9/10,threshold,1,0.08088022903976172,1/3,SEE_BINARY_AUDIT,0.5,0.33333333333333331,1/2,0.41421356237309503
3,1/10,threshold,2,0.0015240641711229408,3333/3400,SEE_BINARY_AUDIT,0.98999999999999999,0.98029411764705887,1/100,0.98181818181818181
3,1/10,threshold,2,0.011456217944973868,399/440,SEE_BINARY_AUDIT,0.94999999999999996,0.90681818181818186,1/20,0.91827439976315572
3,1/10,threshold,2,0.023050614670408476,33/40,SEE_BINARY_AUDIT,0.90000000000000002,0.82499999999999996,1/10,0.84805061467040843
3,1/10,threshold,2,0.041666666666666741,5/8,SEE_BINARY_AUDIT,0.75,0.625,1/4,0.66666666666666674
3,1/10,threshold,2,0.039213562373095034,3/8,SEE_BINARY_AUDIT,0.5,0.375,1/2,0.41421356237309503
3,1/2,threshold,2,0.0015240641711229408,3333/3400,SEE_BINARY_AUDIT,0.98999999999999999,0.98029411764705887,1/100,0.98181818181818181
3,1/2,threshold,2,0.011456217944973868,399/440,SEE_BINARY_AUDIT,0.94999999999999996,0.90681818181818186,1/20,0.91827439976315572
3,1/2,threshold,2,0.023050614670408476,33/40,SEE_BINARY_AUDIT,0.90000000000000002,0.82499999999999996,1/10,0.84805061467040843
3,1/2,threshold,2,0.041666666666666741,5/8,SEE_BINARY_AUDIT,0.75,0.625,1/4,0.66666666666666674
3,1/2,threshold,2,0.057070705230237884,5/14,SEE_BINARY_AUDIT,0.5,0.35714285714285715,1/2,0.41421356237309503
3,9/10,threshold,2,0.0015240641711229408,3333/3400,SEE_BINARY_AUDIT,0.98999999999999999,0.98029411764705887,1/100,0.98181818181818181
3,9/10,threshold,2,0.012024399763155724,29/32,SEE_BINARY_AUDIT,0.94999999999999996,0.90625,1/20,0.91827439976315572
3,9/10,threshold,2,0.027295897689276316,87/106,SEE_BINARY_AUDIT,0.90000000000000002,0.82075471698113212,1/10,0.84805061467040843
3,9/10,threshold,2,0.062500000000000111,29/48,SEE_BINARY_AUDIT,0.75,0.60416666666666663,1/4,0.66666666666666674
3,9/10,threshold,2,0.077004260047513651,29/86,SEE_BINARY_AUDIT,0.5,0.33720930232558138,1/2,0.41421356237309503
5,1/10,threshold,4,0.0013374125874126008,10197/10400,SEE_BINARY_AUDIT,0.98999999999999999,0.98048076923076921,1/100,0.98181818181818181
5,1/10,threshold,4,0.0078577330964890724,437/480,SEE_BINARY_AUDIT,0.94999999999999996,0.91041666666666665,1/20,0.91827439976315572
5,1/10,threshold,4,0.012336328956122689,117/140,SEE_BINARY_AUDIT,0.90000000000000002,0.83571428571428574,1/10,0.84805061467040843
5,1/10,threshold,4,0.024996890547263728,68787/107200,SEE_BINARY_AUDIT,0.75,0.64166977611940301,1/4,0.66666666666666674
5,1/10,threshold,4,0.024185153282185956,13729/35200,SEE_BINARY_AUDIT,0.5,0.39002840909090908,1/2,0.41421356237309503
5,1/2,threshold,4,0.0013374125874126008,10197/10400,SEE_BINARY_AUDIT,0.98999999999999999,0.98048076923076921,1/100,0.98181818181818181
5,1/2,threshold,4,0.0096114250796114353,22971/25280,SEE_BINARY_AUDIT,0.94999999999999996,0.90866297468354429,1/20,0.91827439976315572
5,1/2,threshold,4,0.018363114670408409,531/640,SEE_BINARY_AUDIT,0.90000000000000002,0.82968750000000002,1/10,0.84805061467040843
5,1/2,threshold,4,0.036878360215053863,2499/3968,SEE_BINARY_AUDIT,0.75,0.62978830645161288,1/4,0.66666666666666674
5,1/2,threshold,4,0.04161740852694118,155/416,SEE_BINARY_AUDIT,0.5,0.37259615384615385,1/2,0.41421356237309503
5,9/10,threshold,4,0.0014844324159298816,1804049379/1840240000,SEE_BINARY_AUDIT,0.98999999999999999,0.98033374940225193,1/100,0.98181818181818181
5,9/10,threshold,4,0.011440252989941113,71719699/79088000,SEE_BINARY_AUDIT,0.94999999999999996,0.90683414677321461,1/20,0.91827439976315572
5,9/10,threshold,4,0.023321095027883709,17718489/21484000,SEE_BINARY_AUDIT,0.90000000000000002,0.82472951964252472,1/10,0.84805061467040843
5,9/10,threshold,4,0.054448002646099281,27147/44342,SEE_BINARY_AUDIT,0.75,0.61221866402056746,1/4,0.66666666666666674
5,9/10,threshold,4,0.069410940821502287,9049/26244,SEE_BINARY_AUDIT,0.5,0.34480262155159275,1/2,0.41421356237309503
10,1/10,threshold,9,0.00090075062552130714,2673/2725,NOT_RUN_DIMENSION_CAP,0.98999999999999999,0.9809174311926605,1/100,0.98181818181818181
10,1/10,threshold,9,0.0043575962378747946,65070876411/71200000000,NOT_RUN_DIMENSION_CAP,0.94999999999999996,0.91391680352528093,1/20,0.91827439976315572
10,1/10,threshold,9,0.0078705224901758353,28902195171/34400000000,NOT_RUN_DIMENSION_CAP,0.90000000000000002,0.8401800921802326,1/10,0.84805061467040843
10,1/10,threshold,9,0.012148289005815216,32715446589/49984000000,NOT_RUN_DIMENSION_CAP,0.75,0.65451837766085152,1/4,0.66666666666666674
10,1/10,threshold,9,0.011522200887023104,13126127619/32596000000,NOT_RUN_DIMENSION_CAP,0.5,0.40269136148607193,1/2,0.41421356237309503
10,1/2,threshold,9,0.001193458030076866,159761811/162918400,NOT_RUN_DIMENSION_CAP,0.98999999999999999,0.98062472378810495,1/100,0.98181818181818181
10,1/2,threshold,9,0.0075007430089307769,30490079/33477120,NOT_RUN_DIMENSION_CAP,0.94999999999999996,0.91077365675422495,1/20,0.91827439976315572
10,1/2,threshold,9,0.013659477064090098,878981/1053440,NOT_RUN_DIMENSION_CAP,0.90000000000000002,0.83439113760631833,1/10,0.84805061467040843
10,1/2,threshold,9,0.024589119611315269,1253171/1951744,NOT_RUN_DIMENSION_CAP,0.75,0.64207754705535147,1/4,0.66666666666666674
10,1/2,threshold,9,0.024888724095841974,1013017/2601984,NOT_RUN_DIMENSION_CAP,0.5,0.38932483827725306,1/2,0.41421356237309503
10,9/10,threshold,9,0.0014176060749067076,7338493777783603281/7485199376000000000,NOT_RUN_DIMENSION_CAP,0.98999999999999999,0.9804005757432751,1/100,0.98181818181818181
10,9/10,threshold,9,0.010356273466665566,15001859259942983299/16523361331200000000,NOT_RUN_DIMENSION_CAP,0.94999999999999996,0.90791812629649016,1/20,0.91827439976315572
10,9/10,threshold,9,0.022121006042744584,408073378596999121/494077672400000000,NOT_RUN_DIMENSION_CAP,0.90000000000000002,0.82592960862766385,1/10,0.84805061467040843
10,9/10,threshold,9,0.043872796609502718,179174481756999121/287694677760000000,NOT_RUN_DIMENSION_CAP,0.75,0.62279387005716402,1/4,0.66666666666666674
10,9/10,threshold,9,0.051482164727961965,3486784401/9612579511,NOT_RUN_DIMENSION_CAP,0.5,0.36273139764513307,1/2,0.41421356237309503
25,1/10,threshold,24,0.00057301706694490306,719030551857356989820973174849/732773600000000000000000000000,NOT_RUN_DIMENSION_CAP,0.98999999999999999,0.98124516475123691,1/100,0.98181818181818181
25,1/10,threshold,24,0.002028400496746019,3561631741547107538950821625969/3887200320000000000000000000000,NOT_RUN_DIMENSION_CAP,0.94999999999999996,0.91624599926640971,1/20,0.91827439976315572
25,1/10,threshold,24,0.0031321316410962696,22506650940683194309391342319391/26637659600000000000000000000000,NOT_RUN_DIMENSION_CAP,0.90000000000000002,0.84491848302931216,1/10,0.84805061467040843
25,1/10,threshold,24,0.0046291586720713651,257231423942766002894255849870613/388545091232000000000000000000000,NOT_RUN_DIMENSION_CAP,0.75,0.66203750799459538,1/4,0.66666666666666674
25,1/10,threshold,24,0.0044913298875882135,19103936456884942549996664561569307/46626555608160000000000000000000000,NOT_RUN_DIMENSION_CAP,0.5,0.40972223248550682,1/2,0.41421356237309503
25,1/2,threshold,24,0.00096014228667251622,203412873920776641/207382583128883200,NOT_RUN_DIMENSION_CAP,0.98999999999999999,0.9808580395315093,1/100,0.98181818181818181
25,1/2,threshold,24,0.004940661562781945,70108875836647877/76761508859609088,NOT_RUN_DIMENSION_CAP,0.94999999999999996,0.91333373820037378,1/20,0.91827439976315572
25,1/2,threshold,24,0.008276430722898076,8244777934039059/9817851145748480,NOT_RUN_DIMENSION_CAP,0.90000000000000002,0.83977418394751036,1/10,0.84805061467040843
25,1/2,threshold,24,0.012623277103071651,684497207555055/1046562381758464,NOT_RUN_DIMENSION_CAP,0.75,0.65404338956359509,1/4,0.66666666666666674
25,1/2,threshold,24,0.011680707524480749,314077133977645/780252171206656,NOT_RUN_DIMENSION_CAP,0.5,0.40253285484861429,1/2,0.41421356237309503
25,9/10,threshold,24,0.0013066692542931246,3714765043434492352465142612547159299512488502953/3788599109582044465779058400000000000000000000000,NOT_RUN_DIMENSION_CAP,0.98999999999999999,0.98051151256388869,1/100,0.98181818181818181
25,9/10,threshold,24,0.0090060652448975542,2375442968263502218544577667589147469256340835401/2612477393180135230825833920000000000000000000000,NOT_RUN_DIMENSION_CAP,0.94999999999999996,0.90926833451825817,1/20,0.91827439976315572
25,9/10,threshold,24,0.017490936116922762,14983706831657645499431907268747533121073712875493/18040493920621668553318859200000000000000000000000,NOT_RUN_DIMENSION_CAP,0.90000000000000002,0.83055967855348567,1/10,0.84805061467040843
25,9/10,threshold,24,0.033722991597186946,2257922705859129649598571249582511040357904291831/3567335917546331176600346560000000000000000000000,NOT_RUN_DIMENSION_CAP,0.75,0.63294367506947979,1/4,0.66666666666666674
25,9/10,threshold,24,0.037795117629354336,2359514256148731161296127948762538534230890216321/6268327944862129084795943520000000000000000000000,NOT_RUN_DIMENSION_CAP,0.5,0.3764184447437407,1/2,0.41421356237309503
50,1/10,threshold,49,0.0003367248396801692,19748824025904629180322497858123840281260713102091950534957667/20121443849486000000000000000000000000000000000000000000000000,NOT_RUN_DIMENSION_CAP,0.98999999999999999,0.98148145697850164,1/100,0.98181818181818181
50,1/10,threshold,49,0.0010452829825413623,485131681598179270196719656700754095624305745524123655094327521481/528910032098571648000000000000000000000000000000000000000000000000,NOT_RUN_DIMENSION_CAP,0.94999999999999996,0.91722911678061436,1/20,0.91827439976315572
50,1/10,threshold,49,0.0015369626167306416,7953930686276825533713048416598304394949684166241206546550594775279/9396104442001914996800000000000000000000000000000000000000000000000,NOT_RUN_DIMENSION_CAP,0.90000000000000002,0.84651365205367779,1/10,0.84805061467040843
50,1/10,threshold,49,0.0022675736258905843,1535959696918818939829361047245209361714256055442259332965440529674179/2311802820032676619556320000000000000000000000000000000000000000000000,NOT_RUN_DIMENSION_CAP,0.75,0.66439909304077616,1/4,0.66666666666666674
50,1/10,threshold,49,0.0021883356156888745,2222041195197606685286929465927035782749116186143829942772916512319322009/5392973660095596389863455904000000000000000000000000000000000000000000000,NOT_RUN_DIMENSION_CAP,0.5,0.41202522675740616,1/2,0.41421356237309503
50,1/2,threshold,49,0.00077550324677411187,576773999706540412059247890344331/587919376297102070573330490982400,NOT_RUN_DIMENSION_CAP,0.98999999999999999,0.9810426785714077,1/100,0.98181818181818181
50,1/2,threshold,49,0.0033072753249474562,3893240477335105198905039783331/4255060508021600301014830809088,NOT_RUN_DIMENSION_CAP,0.94999999999999996,0.91496712443820827,1/20,0.91827439976315572
50,1/2,threshold,49,0.005042440420890526,3430717644890698227241025177133/4069613735293694676055736975360,NOT_RUN_DIMENSION_CAP,0.90000000000000002,0.84300817424951791,1/10,0.84805061467040843
50,1/2,threshold,49,0.0067715800793453074,22717712480926120276677078572001/34426248873001679670661668143104,NOT_RUN_DIMENSION_CAP,0.75,0.65989508658732143,1/4,0.66666666666666674
50,1/2,threshold,49,0.0060248484918196121,3165200530122414500857777534285/7754257828507810136512891191296,NOT_RUN_DIMENSION_CAP,0.5,0.40818871388127542,1/2,0.41421356237309503
50,9/10,threshold,49,0.0011998294072362858,34663089961870670266953190845103141949598863610778391690851618133149915171350800800528476160329867837/35348196244388141402745843823054953982023385858299520000000000000000000000000000000000000000000000000,NOT_RUN_DIMENSION_CAP,0.98999999999999999,0.98061835241094553,1/100,0.98181818181818181
50,9/10,threshold,49,0.0076450692300052969,9231438289987822756339294029285191466249061989387345908434502630865322769062279659889218969779286799/10137426920548506564762073517329627356149850681875835200000000000000000000000000000000000000000000000,NOT_RUN_DIMENSION_CAP,0.94999999999999996,0.91062933053315043,1/20,0.91827439976315572
50,9/10,threshold,49,0.014213804806388564,836852977849967247716729705007622424447650575925726572740262244565178490274260288150272124109441283/1003617216163003419903217767730134521262494858334565600000000000000000000000000000000000000000000000,NOT_RUN_DIMENSION_CAP,0.90000000000000002,0.83383680986401987,1/10,0.84805061467040843
50,9/10,threshold,49,0.025024670442040153,990884456011397241283460227119756656297151443641443322152789756268872793925436230130347777485736487/1544294890050350558084230632439201916600185907901691520000000000000000000000000000000000000000000000,NOT_RUN_DIMENSION_CAP,0.75,0.64164199622462659,1/4,0.66666666666666674
50,9/10,threshold,49,0.026318704406091797,193000513544923882131465273447228574622340912471081187384263252089624264641812076710115925828578829/497558834774091549116072378367553670013340483132045920000000000000000000000000000000000000000000000,NOT_RUN_DIMENSION_CAP,0.5,0.38789485796700324,1/2,0.41421356237309503
100,1/10,threshold,99,0.00018232628371850357,7549892409940173450474159281255597436166319619405641263829108960594612382895561467382618257873337871822487932987803025961/7691133496575004816196500000000000000000000000000000000000000000000000000000000000000000000000000000000000000000000000000,NOT_RUN_DIMENSION_CAP,0.98999999999999999,0.98163585553446331,1/100,0.98181818181818181
100,1/10,threshold,99,0.00051530652496090124,8226592257584530683569272009884163889483975653323903533056207976200381418540840493262038388885171029402589265208468234168627/8963781800906007826533972314000000000000000000000000000000000000000000000000000000000000000000000000000000000000000000000000,NOT_RUN_DIMENSION_CAP,0.94999999999999996,0.91775909323819482,1/20,0.91827439976315572
100,1/10,threshold,99,0.00076050931342130923,2381801143332676725442473102918891672994561407566650038138890740578445999738893940866359314422785428792444065368976155231405314269/2811081031483492725708812616576295000000000000000000000000000000000000000000000000000000000000000000000000000000000000000000000000,NOT_RUN_DIMENSION_CAP,0.90000000000000002,0.84729010535698712,1/10,0.84805061467040843
100,1/10,threshold,99,0.0011223344556678949,565830836320933404099732041972581483263226046774998922790984280444146656206453626919013442794850688527117988447590838391390753606582110077/850177529784066879844195399259605018131694000000000000000000000000000000000000000000000000000000000000000000000000000000000000000000000000,NOT_RUN_DIMENSION_CAP,0.75,0.66554433221099885,1/4,0.66666666666666674
100,1/10,threshold,99,0.0010972726163853141,88893905655469278004886832499287738902784287434884580540720684992984961299252420526892832923433252110375841345060514002580343336400161251621666047/215178892383595462622176969577094021780775246016457500000000000000000000000000000000000000000000000000000000000000000000000000000000000000000000000,NOT_RUN_DIMENSION_CAP,0.5,0.41311628975670972,1/2,0.41421356237309503
100,1/2,threshold,99,0.00057987322767993899,26515188200891583714388157133581371202300912910555064012046727/27022169812121665067494699836328248867689349461143172258201600,NOT_RUN_DIMENSION_CAP,0.98999999999999999,0.98123830859050187,1/100,0.98181818181818181
100,1/2,threshold,99,0.0019740275857348388,10063500295325414572732235381468991957410976111166540962069629/10982752600450592149018441719019819925239508756702882923806720,NOT_RUN_DIMENSION_CAP,0.94999999999999996,0.91630037217742089,1/20,0.91827439976315572
100,1/2,threshold,99,0.0027156528239679067,21676177672264598621795824903452302619809337526875722219731767/25642116617202198060495345117252756403519852457603296196034560,NOT_RUN_DIMENSION_CAP,0.90000000000000002,0.84533496184644052,1/10,0.84805061467040843
100,1/2,threshold,99,0.0033976137927118621,26105633292246432471713675640435870793781840045962464046828097/39359040164968236949940839132185731093359500043164093452910592,NOT_RUN_DIMENSION_CAP,0.75,0.66326905287395488,1/4,0.66666666666666674
100,1/2,threshold,99,0.0029580432625336273,170375780670042454568418858844969918182778834378017997987285/414282052769822788265372164030866895843858526847363276865536,NOT_RUN_DIMENSION_CAP,0.5,0.41125551911056141,1/2,0.41421356237309503
100,9/10,threshold,99,0.0010737770779547517,810512334550683656350456679533414082240884682217596661078450226126419488015549267501796165559642213699450663906164360488770144601462566747162744611125980439538229880084138910909861169259352316287981/826425652426094309332623811216608641595067573449804154471572925486125637610684146596887978458797544750000000000000000000000000000000000000000000000000000000000000000000000000000000000000000000000000,NOT_RUN_DIMENSION_CAP,0.98999999999999999,0.98074440474022706,1/100,0.98181818181818181
100,9/10,threshold,99,0.0061190611912582682,699956720720135598616308500889679059607495261635872213161182425128029832752251674664904219373388493859793676654398065175639203049377640747602712864260434036547218795708340177115566008446499503174153/767365700907931426375613522525679689019610197237438249855228508858012079319497453486492021037033385910000000000000000000000000000000000000000000000000000000000000000000000000000000000000000000000000,NOT_RUN_DIMENSION_CAP,0.94999999999999996,0.91215533857189746,1/20,0.91827439976315572
100,9/10,threshold,99,0.010840760816953732,2566331270863340469001185083937122606032022501448677691465148088312498942269648080937455568231188568371862064402666845258708481628661080042402767715767992402034227100105482472953946227154354610514911/3065338109735807310721713716455377361618054782770207407015421220961890331447962102285959575998230956495000000000000000000000000000000000000000000000000000000000000000000000000000000000000000000000000,NOT_RUN_DIMENSION_CAP,0.90000000000000002,0.8372098538534547,1/10,0.84805061467040843
100,9/10,threshold,99,0.017368162883690585,2021021417772273402226338584107407873800760616072929046026579117925870405490222102887571265619475584843980703253878855077520756209375571028226214962339584193006371318338158244776005621673057715571903/3112622939984144494148859625107226831156427940041305414220701703244164950450309308067312675678064900220000000000000000000000000000000000000000000000000000000000000000000000000000000000000000000000000,NOT_RUN_DIMENSION_CAP,0.75,0.64929850378297616,1/4,0.66666666666666674
100,9/10,threshold,99,0.016613584853329255,981992629507791847392861090016002576799038981207740857729445717153388937830793539220776337573158618665038801070395610232868076249143554189862163248906873517570763513132846958932285645387171086108737/2469800515667721031394349394270251304079848533219610048089741515345152284813025367000117212435562256585000000000000000000000000000000000000000000000000000000000000000000000000000000000000000000000000,NOT_RUN_DIMENSION_CAP,0.5,0.39759997751976578,1/2,0.41421356237309503
