blind_matched_risk,epsilon,exact_mean,stage,exact_sharp_risk,generic_risk,sharp_risk,transfer_risk
0.81818181818181823,0,1/10,baseline,9/11,0.90000000000000002,0.81818181818181823,0.81818181818181823
0.81818181818181823,1/20,1/10,baseline,181/220,0.90000000000000002,0.82272727272727275,0.90000000000000002
0.81818181818181823,1/10,1/10,baseline,91/110,0.90000000000000002,0.82727272727272727,0.90000000000000002
0.81818181818181823,1/4,1/10,baseline,37/44,0.90000000000000002,0.84090909090909094,0.90000000000000002
0.81818181818181823,1/2,1/10,baseline,19/22,0.90000000000000002,0.86363636363636365,0.90000000000000002
0.81818181818181823,1,1/10,baseline,9/10,0.90000000000000002,0.90000000000000002,0.90000000000000002
0.59999999999999998,0,1/4,baseline,3/5,0.75,0.59999999999999998,0.59999999999999998
0.59999999999999998,1/20,1/4,baseline,61/100,0.75,0.60999999999999999,0.71666666666666667
0.59999999999999998,1/10,1/4,baseline,31/50,0.75,0.62,0.75
0.59999999999999998,1/4,1/4,baseline,13/20,0.75,0.65000000000000002,0.75
0.59999999999999998,1/2,1/4,baseline,7/10,0.75,0.69999999999999996,0.75
0.59999999999999998,1,1/4,baseline,3/4,0.75,0.75,0.75
0.33333333333333331,0,1/2,baseline,1/3,0.5,0.33333333333333331,0.33333333333333331
0.33333333333333331,1/20,1/2,baseline,7/20,0.5,0.34999999999999998,0.42931034482758623
0.33333333333333331,1/10,1/2,baseline,11/30,0.5,0.36666666666666664,0.5
0.33333333333333331,1/4,1/2,baseline,5/12,0.5,0.41666666666666669,0.5
0.33333333333333331,1/2,1/2,baseline,1/2,0.5,0.5,0.5
0.33333333333333331,1,1/2,baseline,1/2,0.5,0.5,0.5
0.14285714285714285,0,3/4,baseline,1/7,0.25,0.14285714285714285,0.14285714285714285
0.14285714285714285,1/20,3/4,baseline,23/140,0.25,0.16428571428571428,0.22647058823529412
0.14285714285714285,1/10,3/4,baseline,13/70,0.25,0.18571428571428572,0.25
0.14285714285714285,1/4,3/4,baseline,1/4,0.25,0.25,0.25
0.14285714285714285,1/2,3/4,baseline,1/4,0.25,0.25,0.25
0.14285714285714285,1,3/4,baseline,1/4,0.25,0.25,0.25
0.052631578947368418,0,9/10,baseline,1/19,0.10000000000000001,0.052631578947368418,0.052631578947368418
0.052631578947368418,1/20,9/10,baseline,29/380,0.10000000000000001,0.076315789473684212,0.10000000000000001
0.052631578947368418,1/10,9/10,baseline,1/10,0.10000000000000001,0.10000000000000001,0.10000000000000001
0.052631578947368418,1/4,9/10,baseline,1/10,0.10000000000000001,0.10000000000000001,0.10000000000000001
0.052631578947368418,1/2,9/10,baseline,1/10,0.10000000000000001,0.10000000000000001,0.10000000000000001
0.052631578947368418,1,9/10,baseline,1/10,0.10000000000000001,0.10000000000000001,0.10000000000000001
