actual_tv,blind_certificate_violated,blind_matched_risk,coalition_error,constant,epsilon,exact_mean,exact_risk,lp_error,lp_normalized_mean,normalized_mean,p,reference_bad,risk,stage,z,zero_reference_mass
0,False,0.01,1.1102230246251565e-16,0,0,99/101,1/100,1.1102230246251565e-16,0.98019801980198007,0.98019801980198018,1/10,1/100,0.01,witness,1/100,False
0,False,0.01,1.1102230246251565e-16,1/2,0,99/101,1/100,1.1102230246251565e-16,0.98019801980198007,0.98019801980198018,1/10,1/100,0.01,witness,1/100,False
0,False,0.01,1.1102230246251565e-16,1,0,99/101,1/100,1.1102230246251565e-16,0.98019801980198007,0.98019801980198018,1/10,1/100,0.01,witness,1/100,False
1/100,True,0.0050251256281407036,0,0,1/20,99/100,1/100,0,0.98999999999999999,0.98999999999999999,1/10,0,0.01,witness,1/100,True
1/100,True,0.0050251256281407036,0,1/2,1/20,99/100,1/100,0,0.98999999999999999,0.98999999999999999,1/10,0,0.01,witness,1/100,True
1/100,True,0.0050251256281407036,0,1,1/20,99/100,1/100,0,0.98999999999999999,0.98999999999999999,1/10,0,0.01,witness,1/100,True
1/100,True,0.0050251256281407036,0,0,1/10,99/100,1/100,0,0.98999999999999999,0.98999999999999999,1/10,0,0.01,witness,1/100,True
1/100,True,0.0050251256281407036,0,1/2,1/10,99/100,1/100,0,0.98999999999999999,0.98999999999999999,1/10,0,0.01,witness,1/100,True
1/100,True,0.0050251256281407036,0,1,1/10,99/100,1/100,0,0.98999999999999999,0.98999999999999999,1/10,0,0.01,witness,1/100,True
1/100,True,0.0050251256281407036,0,0,1/4,99/100,1/100,0,0.98999999999999999,0.98999999999999999,1/10,0,0.01,witness,1/100,True
1/100,True,0.0050251256281407036,0,1/2,1/4,99/100,1/100,0,0.98999999999999999,0.98999999999999999,1/10,0,0.01,witness,1/100,True
1/100,True,0.0050251256281407036,0,1,1/4,99/100,1/100,0,0.98999999999999999,0.98999999999999999,1/10,0,0.01,witness,1/100,True
1/100,True,0.0050251256281407036,0,0,1/2,99/100,1/100,0,0.98999999999999999,0.98999999999999999,1/10,0,0.01,witness,1/100,True
1/100,True,0.0050251256281407036,0,1/2,1/2,99/100,1/100,0,0.98999999999999999,0.98999999999999999,1/10,0,0.01,witness,1/100,True
1/100,True,0.0050251256281407036,0,1,1/2,99/100,1/100,0,0.98999999999999999,0.98999999999999999,1/10,0,0.01,witness,1/100,True
1/100,True,0.0050251256281407036,0,0,1,99/100,1/100,0,0.98999999999999999,0.98999999999999999,1/10,0,0.01,witness,1/100,True
1/100,True,0.0050251256281407036,0,1/2,1,99/100,1/100,0,0.98999999999999999,0.98999999999999999,1/10,0,0.01,witness,1/100,True
1/100,True,0.0050251256281407036,0,1,1,99/100,1/100,0,0.98999999999999999,0.98999999999999999,1/10,0,0.01,witness,1/100,True
0,False,0.10000000000000001,1.1102230246251565e-16,0,0,9/11,1/10,1.1102230246251565e-16,0.81818181818181834,0.81818181818181823,1/10,1/10,0.10000000000000001,witness,1/10,False
0,False,0.10000000000000001,1.1102230246251565e-16,1/2,0,9/11,1/10,1.1102230246251565e-16,0.81818181818181834,0.81818181818181823,1/10,1/10,0.10000000000000001,witness,1/10,False
0,False,0.10000000000000001,1.1102230246251565e-16,1,0,9/11,1/10,1.1102230246251565e-16,0.81818181818181834,0.81818181818181823,1/10,1/10,0.10000000000000001,witness,1/10,False
1/20,True,0.076923076923076927,1.1102230246251565e-16,0,1/20,6/7,1/10,0,0.8571428571428571,0.8571428571428571,1/10,1/20,0.10000000000000001,witness,1/10,False
1/20,True,0.076923076923076927,1.1102230246251565e-16,1/2,1/20,6/7,1/10,0,0.8571428571428571,0.8571428571428571,1/10,1/20,0.10000000000000001,witness,1/10,False
1/20,True,0.076923076923076927,1.1102230246251565e-16,1,1/20,6/7,1/10,0,0.8571428571428571,0.8571428571428571,1/10,1/20,0.10000000000000001,witness,1/10,False
1/10,True,0.052631578947368418,0,0,1/10,9/10,1/10,0,0.90000000000000002,0.90000000000000002,1/10,0,0.10000000000000001,witness,1/10,True
1/10,True,0.052631578947368418,0,1/2,1/10,9/10,1/10,0,0.90000000000000002,0.90000000000000002,1/10,0,0.10000000000000001,witness,1/10,True
1/10,True,0.052631578947368418,0,1,1/10,9/10,1/10,0,0.90000000000000002,0.90000000000000002,1/10,0,0.10000000000000001,witness,1/10,True
1/10,True,0.052631578947368418,0,0,1/4,9/10,1/10,0,0.90000000000000002,0.90000000000000002,1/10,0,0.10000000000000001,witness,1/10,True
1/10,True,0.052631578947368418,0,1/2,1/4,9/10,1/10,0,0.90000000000000002,0.90000000000000002,1/10,0,0.10000000000000001,witness,1/10,True
1/10,True,0.052631578947368418,0,1,1/4,9/10,1/10,0,0.90000000000000002,0.90000000000000002,1/10,0,0.10000000000000001,witness,1/10,True
1/10,True,0.052631578947368418,0,0,1/2,9/10,1/10,0,0.90000000000000002,0.90000000000000002,1/10,0,0.10000000000000001,witness,1/10,True
1/10,True,0.052631578947368418,0,1/2,1/2,9/10,1/10,0,0.90000000000000002,0.90000000000000002,1/10,0,0.10000000000000001,witness,1/10,True
1/10,True,0.052631578947368418,0,1,1/2,9/10,1/10,0,0.90000000000000002,0.90000000000000002,1/10,0,0.10000000000000001,witness,1/10,True
1/10,True,0.052631578947368418,0,0,1,9/10,1/10,0,0.90000000000000002,0.90000000000000002,1/10,0,0.10000000000000001,witness,1/10,True
1/10,True,0.052631578947368418,0,1/2,1,9/10,1/10,0,0.90000000000000002,0.90000000000000002,1/10,0,0.10000000000000001,witness,1/10,True
1/10,True,0.052631578947368418,0,1,1,9/10,1/10,0,0.90000000000000002,0.90000000000000002,1/10,0,0.10000000000000001,witness,1/10,True
0,False,0.25,1.1102230246251565e-16,0,0,3/5,1/4,1.1102230246251565e-16,0.60000000000000009,0.59999999999999998,1/10,1/4,0.25,witness,1/4,False
0,False,0.25,1.1102230246251565e-16,1/2,0,3/5,1/4,1.1102230246251565e-16,0.60000000000000009,0.59999999999999998,1/10,1/4,0.25,witness,1/4,False
0,False,0.25,1.1102230246251565e-16,1,0,3/5,1/4,1.1102230246251565e-16,0.60000000000000009,0.59999999999999998,1/10,1/4,0.25,witness,1/4,False
1/20,True,0.23076923076923078,1.1102230246251565e-16,0,1/20,5/8,1/4,0,0.625,0.625,1/10,1/5,0.25,witness,1/4,False
1/20,True,0.23076923076923078,1.1102230246251565e-16,1/2,1/20,5/8,1/4,0,0.625,0.625,1/10,1/5,0.25,witness,1/4,False
1/20,True,0.23076923076923078,1.1102230246251565e-16,1,1/20,5/8,1/4,0,0.625,0.625,1/10,1/5,0.25,witness,1/4,False
1/10,True,0.21052631578947367,1.1102230246251565e-16,0,1/10,15/23,1/4,0,0.65217391304347827,0.65217391304347827,1/10,3/20,0.25,witness,1/4,False
1/10,True,0.21052631578947367,1.1102230246251565e-16,1/2,1/10,15/23,1/4,0,0.65217391304347827,0.65217391304347827,1/10,3/20,0.25,witness,1/4,False
1/10,True,0.21052631578947367,1.1102230246251565e-16,1,1/10,15/23,1/4,0,0.65217391304347827,0.65217391304347827,1/10,3/20,0.25,witness,1/4,False
1/4,True,0.14285714285714285,0,0,1/4,3/4,1/4,0,0.75,0.75,1/10,0,0.25,witness,1/4,True
1/4,True,0.14285714285714285,0,1/2,1/4,3/4,1/4,0,0.75,0.75,1/10,0,0.25,witness,1/4,True
1/4,True,0.14285714285714285,0,1,1/4,3/4,1/4,0,0.75,0.75,1/10,0,0.25,witness,1/4,True
1/4,True,0.14285714285714285,0,0,1/2,3/4,1/4,0,0.75,0.75,1/10,0,0.25,witness,1/4,True
1/4,True,0.14285714285714285,0,1/2,1/2,3/4,1/4,0,0.75,0.75,1/10,0,0.25,witness,1/4,True
1/4,True,0.14285714285714285,0,1,1/2,3/4,1/4,0,0.75,0.75,1/10,0,0.25,witness,1/4,True
1/4,True,0.14285714285714285,0,0,1,3/4,1/4,0,0.75,0.75,1/10,0,0.25,witness,1/4,True
1/4,True,0.14285714285714285,0,1/2,1,3/4,1/4,0,0.75,0.75,1/10,0,0.25,witness,1/4,True
1/4,True,0.14285714285714285,0,1,1,3/4,1/4,0,0.75,0.75,1/10,0,0.25,witness,1/4,True
0,False,0.5,1.1102230246251565e-16,0,0,1/3,1/2,5.5511151231257827e-17,0.33333333333333337,0.33333333333333331,1/10,1/2,0.5,witness,1/2,False
0,False,0.5,1.1102230246251565e-16,1/2,0,1/3,1/2,5.5511151231257827e-17,0.33333333333333337,0.33333333333333331,1/10,1/2,0.5,witness,1/2,False
0,False,0.5,1.1102230246251565e-16,1,0,1/3,1/2,5.5511151231257827e-17,0.33333333333333337,0.33333333333333331,1/10,1/2,0.5,witness,1/2,False
1/20,True,0.48717948717948717,1.1102230246251565e-16,0,1/20,10/29,1/2,0,0.34482758620689657,0.34482758620689657,1/10,9/20,0.5,witness,1/2,False
1/20,True,0.48717948717948717,1.1102230246251565e-16,1/2,1/20,10/29,1/2,0,0.34482758620689657,0.34482758620689657,1/10,9/20,0.5,witness,1/2,False
1/20,True,0.48717948717948717,1.1102230246251565e-16,1,1/20,10/29,1/2,0,0.34482758620689657,0.34482758620689657,1/10,9/20,0.5,witness,1/2,False
1/10,True,0.47368421052631576,1.1102230246251565e-16,0,1/10,5/14,1/2,5.5511151231257827e-17,0.35714285714285721,0.35714285714285715,1/10,2/5,0.5,witness,1/2,False
1/10,True,0.47368421052631576,1.1102230246251565e-16,1/2,1/10,5/14,1/2,5.5511151231257827e-17,0.35714285714285721,0.35714285714285715,1/10,2/5,0.5,witness,1/2,False
1/10,True,0.47368421052631576,1.1102230246251565e-16,1,1/10,5/14,1/2,5.5511151231257827e-17,0.35714285714285721,0.35714285714285715,1/10,2/5,0.5,witness,1/2,False
1/4,True,0.42857142857142855,1.1102230246251565e-16,0,1/4,2/5,1/2,0,0.40000000000000002,0.40000000000000002,1/10,1/4,0.5,witness,1/2,False
1/4,True,0.42857142857142855,1.1102230246251565e-16,1/2,1/4,2/5,1/2,0,0.40000000000000002,0.40000000000000002,1/10,1/4,0.5,witness,1/2,False
1/4,True,0.42857142857142855,1.1102230246251565e-16,1,1/4,2/5,1/2,0,0.40000000000000002,0.40000000000000002,1/10,1/4,0.5,witness,1/2,False
1/2,True,0.33333333333333331,0,0,1/2,1/2,1/2,0,0.5,0.5,1/10,0,0.5,witness,1/2,True
1/2,True,0.33333333333333331,0,1/2,1/2,1/2,1/2,0,0.5,0.5,1/10,0,0.5,witness,1/2,True
1/2,True,0.33333333333333331,0,1,1/2,1/2,1/2,0,0.5,0.5,1/10,0,0.5,witness,1/2,True
1/2,True,0.33333333333333331,0,0,1,1/2,1/2,0,0.5,0.5,1/10,0,0.5,witness,1/2,True
1/2,True,0.33333333333333331,0,1/2,1,1/2,1/2,0,0.5,0.5,1/10,0,0.5,witness,1/2,True
1/2,True,0.33333333333333331,0,1,1,1/2,1/2,0,0.5,0.5,1/10,0,0.5,witness,1/2,True
0,False,0.90000000000000002,2.2204460492503131e-16,0,0,1/19,9/10,3.4694469519536142e-17,0.052631578947368453,0.052631578947368418,1/10,9/10,0.90000000000000002,witness,9/10,False
0,False,0.90000000000000002,2.2204460492503131e-16,1/2,0,1/19,9/10,3.4694469519536142e-17,0.052631578947368453,0.052631578947368418,1/10,9/10,0.90000000000000002,witness,9/10,False
0,False,0.90000000000000002,2.2204460492503131e-16,1,0,1/19,9/10,3.4694469519536142e-17,0.052631578947368453,0.052631578947368418,1/10,9/10,0.90000000000000002,witness,9/10,False
1/20,True,0.89743589743589747,1.1102230246251565e-16,0,1/20,2/37,9/10,0,0.054054054054054057,0.054054054054054057,1/10,17/20,0.90000000000000002,witness,9/10,False
1/20,True,0.89743589743589747,1.1102230246251565e-16,1/2,1/20,2/37,9/10,0,0.054054054054054057,0.054054054054054057,1/10,17/20,0.90000000000000002,witness,9/10,False
1/20,True,0.89743589743589747,1.1102230246251565e-16,1,1/20,2/37,9/10,0,0.054054054054054057,0.054054054054054057,1/10,17/20,0.90000000000000002,witness,9/10,False
1/10,True,0.89473684210526316,1.1102230246251565e-16,0,1/10,1/18,9/10,1.3877787807814457e-17,0.055555555555555566,0.055555555555555552,1/10,4/5,0.90000000000000002,witness,9/10,False
1/10,True,0.89473684210526316,1.1102230246251565e-16,1/2,1/10,1/18,9/10,1.3877787807814457e-17,0.055555555555555566,0.055555555555555552,1/10,4/5,0.90000000000000002,witness,9/10,False
1/10,True,0.89473684210526316,1.1102230246251565e-16,1,1/10,1/18,9/10,1.3877787807814457e-17,0.055555555555555566,0.055555555555555552,1/10,4/5,0.90000000000000002,witness,9/10,False
1/4,True,0.88571428571428568,1.1102230246251565e-16,0,1/4,2/33,9/10,0,0.060606060606060608,0.060606060606060608,1/10,13/20,0.90000000000000002,witness,9/10,False
1/4,True,0.88571428571428568,1.1102230246251565e-16,1/2,1/4,2/33,9/10,0,0.060606060606060608,0.060606060606060608,1/10,13/20,0.90000000000000002,witness,9/10,False
1/4,True,0.88571428571428568,1.1102230246251565e-16,1,1/4,2/33,9/10,0,0.060606060606060608,0.060606060606060608,1/10,13/20,0.90000000000000002,witness,9/10,False
1/2,True,0.8666666666666667,1.1102230246251565e-16,0,1/2,1/14,9/10,2.7755575615628914e-17,0.071428571428571452,0.071428571428571425,1/10,2/5,0.90000000000000002,witness,9/10,False
1/2,True,0.8666666666666667,1.1102230246251565e-16,1/2,1/2,1/14,9/10,2.7755575615628914e-17,0.071428571428571452,0.071428571428571425,1/10,2/5,0.90000000000000002,witness,9/10,False
1/2,True,0.8666666666666667,1.1102230246251565e-16,1,1/2,1/14,9/10,2.7755575615628914e-17,0.071428571428571452,0.071428571428571425,1/10,2/5,0.90000000000000002,witness,9/10,False
9/10,True,0.81818181818181823,0,0,1,1/10,9/10,2.7755575615628914e-17,0.10000000000000003,0.10000000000000001,1/10,0,0.90000000000000002,witness,9/10,True
9/10,True,0.81818181818181823,0,1/2,1,1/10,9/10,2.7755575615628914e-17,0.10000000000000003,0.10000000000000001,1/10,0,0.90000000000000002,witness,9/10,True
9/10,True,0.81818181818181823,0,1,1,1/10,9/10,2.7755575615628914e-17,0.10000000000000003,0.10000000000000001,1/10,0,0.90000000000000002,witness,9/10,True
0,False,0.01,1.1102230246251565e-16,0,0,99/101,1/100,1.1102230246251565e-16,0.98019801980198007,0.98019801980198018,1/2,1/100,0.01,witness,1/100,False
0,False,0.01,1.1102230246251565e-16,1/2,0,99/101,1/100,1.1102230246251565e-16,0.98019801980198007,0.98019801980198018,1/2,1/100,0.01,witness,1/100,False
0,False,0.01,1.1102230246251565e-16,1,0,99/101,1/100,1.1102230246251565e-16,0.98019801980198007,0.98019801980198018,1/2,1/100,0.01,witness,1/100,False
1/100,True,0.0050251256281407036,5.5511151231257827e-17,0,1/20,99/100,1/100,1.1102230246251565e-16,0.98999999999999988,0.98999999999999999,1/2,0,0.01,witness,1/100,True
1/100,True,0.0050251256281407036,5.5511151231257827e-17,1/2,1/20,99/100,1/100,1.1102230246251565e-16,0.98999999999999988,0.98999999999999999,1/2,0,0.01,witness,1/100,True
1/100,True,0.0050251256281407036,5.5511151231257827e-17,1,1/20,99/100,1/100,1.1102230246251565e-16,0.98999999999999988,0.98999999999999999,1/2,0,0.01,witness,1/100,True
1/100,True,0.0050251256281407036,5.5511151231257827e-17,0,1/10,99/100,1/100,1.1102230246251565e-16,0.98999999999999988,0.98999999999999999,1/2,0,0.01,witness,1/100,True
1/100,True,0.0050251256281407036,5.5511151231257827e-17,1/2,1/10,99/100,1/100,1.1102230246251565e-16,0.98999999999999988,0.98999999999999999,1/2,0,0.01,witness,1/100,True
1/100,True,0.0050251256281407036,5.5511151231257827e-17,1,1/10,99/100,1/100,1.1102230246251565e-16,0.98999999999999988,0.98999999999999999,1/2,0,0.01,witness,1/100,True
1/100,True,0.0050251256281407036,5.5511151231257827e-17,0,1/4,99/100,1/100,1.1102230246251565e-16,0.98999999999999988,0.98999999999999999,1/2,0,0.01,witness,1/100,True
1/100,True,0.0050251256281407036,5.5511151231257827e-17,1/2,1/4,99/100,1/100,1.1102230246251565e-16,0.98999999999999988,0.98999999999999999,1/2,0,0.01,witness,1/100,True
1/100,True,0.0050251256281407036,5.5511151231257827e-17,1,1/4,99/100,1/100,1.1102230246251565e-16,0.98999999999999988,0.98999999999999999,1/2,0,0.01,witness,1/100,True
1/100,True,0.0050251256281407036,5.5511151231257827e-17,0,1/2,99/100,1/100,1.1102230246251565e-16,0.98999999999999988,0.98999999999999999,1/2,0,0.01,witness,1/100,True
1/100,True,0.0050251256281407036,5.5511151231257827e-17,1/2,1/2,99/100,1/100,1.1102230246251565e-16,0.98999999999999988,0.98999999999999999,1/2,0,0.01,witness,1/100,True
1/100,True,0.0050251256281407036,5.5511151231257827e-17,1,1/2,99/100,1/100,1.1102230246251565e-16,0.98999999999999988,0.98999999999999999,1/2,0,0.01,witness,1/100,True
1/100,True,0.0050251256281407036,5.5511151231257827e-17,0,1,99/100,1/100,1.1102230246251565e-16,0.98999999999999988,0.98999999999999999,1/2,0,0.01,witness,1/100,True
1/100,True,0.0050251256281407036,5.5511151231257827e-17,1/2,1,99/100,1/100,1.1102230246251565e-16,0.98999999999999988,0.98999999999999999,1/2,0,0.01,witness,1/100,True
1/100,True,0.0050251256281407036,5.5511151231257827e-17,1,1,99/100,1/100,1.1102230246251565e-16,0.98999999999999988,0.98999999999999999,1/2,0,0.01,witness,1/100,True
0,False,0.10000000000000001,0,0,0,9/11,1/10,0,0.81818181818181823,0.81818181818181823,1/2,1/10,0.10000000000000001,witness,1/10,False
0,False,0.10000000000000001,0,1/2,0,9/11,1/10,0,0.81818181818181823,0.81818181818181823,1/2,1/10,0.10000000000000001,witness,1/10,False
0,False,0.10000000000000001,0,1,0,9/11,1/10,0,0.81818181818181823,0.81818181818181823,1/2,1/10,0.10000000000000001,witness,1/10,False
1/20,True,0.076923076923076927,1.1102230246251565e-16,0,1/20,6/7,1/10,0,0.8571428571428571,0.8571428571428571,1/2,1/20,0.10000000000000001,witness,1/10,False
1/20,True,0.076923076923076927,1.1102230246251565e-16,1/2,1/20,6/7,1/10,0,0.8571428571428571,0.8571428571428571,1/2,1/20,0.10000000000000001,witness,1/10,False
1/20,True,0.076923076923076927,1.1102230246251565e-16,1,1/20,6/7,1/10,0,0.8571428571428571,0.8571428571428571,1/2,1/20,0.10000000000000001,witness,1/10,False
1/10,True,0.052631578947368418,5.5511151231257827e-17,0,1/10,9/10,1/10,1.1102230246251565e-16,0.89999999999999991,0.90000000000000002,1/2,0,0.10000000000000001,witness,1/10,True
1/10,True,0.052631578947368418,5.5511151231257827e-17,1/2,1/10,9/10,1/10,1.1102230246251565e-16,0.89999999999999991,0.90000000000000002,1/2,0,0.10000000000000001,witness,1/10,True
1/10,True,0.052631578947368418,5.5511151231257827e-17,1,1/10,9/10,1/10,1.1102230246251565e-16,0.89999999999999991,0.90000000000000002,1/2,0,0.10000000000000001,witness,1/10,True
1/10,True,0.052631578947368418,5.5511151231257827e-17,0,1/4,9/10,1/10,1.1102230246251565e-16,0.89999999999999991,0.90000000000000002,1/2,0,0.10000000000000001,witness,1/10,True
1/10,True,0.052631578947368418,5.5511151231257827e-17,1/2,1/4,9/10,1/10,1.1102230246251565e-16,0.89999999999999991,0.90000000000000002,1/2,0,0.10000000000000001,witness,1/10,True
1/10,True,0.052631578947368418,5.5511151231257827e-17,1,1/4,9/10,1/10,1.1102230246251565e-16,0.89999999999999991,0.90000000000000002,1/2,0,0.10000000000000001,witness,1/10,True
1/10,True,0.052631578947368418,5.5511151231257827e-17,0,1/2,9/10,1/10,1.1102230246251565e-16,0.89999999999999991,0.90000000000000002,1/2,0,0.10000000000000001,witness,1/10,True
1/10,True,0.052631578947368418,5.5511151231257827e-17,1/2,1/2,9/10,1/10,1.1102230246251565e-16,0.89999999999999991,0.90000000000000002,1/2,0,0.10000000000000001,witness,1/10,True
1/10,True,0.052631578947368418,5.5511151231257827e-17,1,1/2,9/10,1/10,1.1102230246251565e-16,0.89999999999999991,0.90000000000000002,1/2,0,0.10000000000000001,witness,1/10,True
1/10,True,0.052631578947368418,5.5511151231257827e-17,0,1,9/10,1/10,1.1102230246251565e-16,0.89999999999999991,0.90000000000000002,1/2,0,0.10000000000000001,witness,1/10,True
1/10,True,0.052631578947368418,5.5511151231257827e-17,1/2,1,9/10,1/10,1.1102230246251565e-16,0.89999999999999991,0.90000000000000002,1/2,0,0.10000000000000001,witness,1/10,True
1/10,True,0.052631578947368418,5.5511151231257827e-17,1,1,9/10,1/10,1.1102230246251565e-16,0.89999999999999991,0.90000000000000002,1/2,0,0.10000000000000001,witness,1/10,True
0,False,0.25,0,0,0,3/5,1/4,0,0.59999999999999998,0.59999999999999998,1/2,1/4,0.25,witness,1/4,False
0,False,0.25,0,1/2,0,3/5,1/4,0,0.59999999999999998,0.59999999999999998,1/2,1/4,0.25,witness,1/4,False
0,False,0.25,0,1,0,3/5,1/4,0,0.59999999999999998,0.59999999999999998,1/2,1/4,0.25,witness,1/4,False
1/20,True,0.23076923076923078,0,0,1/20,5/8,1/4,0,0.625,0.625,1/2,1/5,0.25,witness,1/4,False
1/20,True,0.23076923076923078,0,1/2,1/20,5/8,1/4,0,0.625,0.625,1/2,1/5,0.25,witness,1/4,False
1/20,True,0.23076923076923078,0,1,1/20,5/8,1/4,0,0.625,0.625,1/2,1/5,0.25,witness,1/4,False
1/10,True,0.21052631578947367,5.5511151231257827e-17,0,1/10,15/23,1/4,1.1102230246251565e-16,0.65217391304347816,0.65217391304347827,1/2,3/20,0.25,witness,1/4,False
1/10,True,0.21052631578947367,5.5511151231257827e-17,1/2,1/10,15/23,1/4,1.1102230246251565e-16,0.65217391304347816,0.65217391304347827,1/2,3/20,0.25,witness,1/4,False
1/10,True,0.21052631578947367,5.5511151231257827e-17,1,1/10,15/23,1/4,1.1102230246251565e-16,0.65217391304347816,0.65217391304347827,1/2,3/20,0.25,witness,1/4,False
1/4,True,0.14285714285714285,5.5511151231257827e-17,0,1/4,3/4,1/4,1.1102230246251565e-16,0.74999999999999989,0.75,1/2,0,0.25,witness,1/4,True
1/4,True,0.14285714285714285,5.5511151231257827e-17,1/2,1/4,3/4,1/4,1.1102230246251565e-16,0.74999999999999989,0.75,1/2,0,0.25,witness,1/4,True
1/4,True,0.14285714285714285,5.5511151231257827e-17,1,1/4,3/4,1/4,1.1102230246251565e-16,0.74999999999999989,0.75,1/2,0,0.25,witness,1/4,True
1/4,True,0.14285714285714285,5.5511151231257827e-17,0,1/2,3/4,1/4,1.1102230246251565e-16,0.74999999999999989,0.75,1/2,0,0.25,witness,1/4,True
1/4,True,0.14285714285714285,5.5511151231257827e-17,1/2,1/2,3/4,1/4,1.1102230246251565e-16,0.74999999999999989,0.75,1/2,0,0.25,witness,1/4,True
1/4,True,0.14285714285714285,5.5511151231257827e-17,1,1/2,3/4,1/4,1.1102230246251565e-16,0.74999999999999989,0.75,1/2,0,0.25,witness,1/4,True
1/4,True,0.14285714285714285,5.5511151231257827e-17,0,1,3/4,1/4,1.1102230246251565e-16,0.74999999999999989,0.75,1/2,0,0.25,witness,1/4,True
1/4,True,0.14285714285714285,5.5511151231257827e-17,1/2,1,3/4,1/4,1.1102230246251565e-16,0.74999999999999989,0.75,1/2,0,0.25,witness,1/4,True
1/4,True,0.14285714285714285,5.5511151231257827e-17,1,1,3/4,1/4,1.1102230246251565e-16,0.74999999999999989,0.75,1/2,0,0.25,witness,1/4,True
0,False,0.5,5.5511151231257827e-17,0,0,1/3,1/2,5.5511151231257827e-17,0.33333333333333326,0.33333333333333331,1/2,1/2,0.5,witness,1/2,False
0,False,0.5,5.5511151231257827e-17,1/2,0,1/3,1/2,5.5511151231257827e-17,0.33333333333333326,0.33333333333333331,1/2,1/2,0.5,witness,1/2,False
0,False,0.5,5.5511151231257827e-17,1,0,1/3,1/2,5.5511151231257827e-17,0.33333333333333326,0.33333333333333331,1/2,1/2,0.5,witness,1/2,False
1/20,True,0.48717948717948717,1.1102230246251565e-16,0,1/20,10/29,1/2,1.1102230246251565e-16,0.34482758620689646,0.34482758620689657,1/2,9/20,0.5,witness,1/2,False
1/20,True,0.48717948717948717,1.1102230246251565e-16,1/2,1/20,10/29,1/2,1.1102230246251565e-16,0.34482758620689646,0.34482758620689657,1/2,9/20,0.5,witness,1/2,False
1/20,True,0.48717948717948717,1.1102230246251565e-16,1,1/20,10/29,1/2,1.1102230246251565e-16,0.34482758620689646,0.34482758620689657,1/2,9/20,0.5,witness,1/2,False
1/10,True,0.47368421052631576,1.1102230246251565e-16,0,1/10,5/14,1/2,5.5511151231257827e-17,0.35714285714285721,0.35714285714285715,1/2,2/5,0.5,witness,1/2,False
1/10,True,0.47368421052631576,1.1102230246251565e-16,1/2,1/10,5/14,1/2,5.5511151231257827e-17,0.35714285714285721,0.35714285714285715,1/2,2/5,0.5,witness,1/2,False
1/10,True,0.47368421052631576,1.1102230246251565e-16,1,1/10,5/14,1/2,5.5511151231257827e-17,0.35714285714285721,0.35714285714285715,1/2,2/5,0.5,witness,1/2,False
1/4,True,0.42857142857142855,0,0,1/4,2/5,1/2,0,0.40000000000000002,0.40000000000000002,1/2,1/4,0.5,witness,1/2,False
1/4,True,0.42857142857142855,0,1/2,1/4,2/5,1/2,0,0.40000000000000002,0.40000000000000002,1/2,1/4,0.5,witness,1/2,False
1/4,True,0.42857142857142855,0,1,1/4,2/5,1/2,0,0.40000000000000002,0.40000000000000002,1/2,1/4,0.5,witness,1/2,False
1/2,True,0.33333333333333331,5.5511151231257827e-17,0,1/2,1/2,1/2,1.1102230246251565e-16,0.49999999999999989,0.5,1/2,0,0.5,witness,1/2,True
1/2,True,0.33333333333333331,5.5511151231257827e-17,1/2,1/2,1/2,1/2,1.1102230246251565e-16,0.49999999999999989,0.5,1/2,0,0.5,witness,1/2,True
1/2,True,0.33333333333333331,5.5511151231257827e-17,1,1/2,1/2,1/2,1.1102230246251565e-16,0.49999999999999989,0.5,1/2,0,0.5,witness,1/2,True
1/2,True,0.33333333333333331,5.5511151231257827e-17,0,1,1/2,1/2,1.1102230246251565e-16,0.49999999999999989,0.5,1/2,0,0.5,witness,1/2,True
1/2,True,0.33333333333333331,5.5511151231257827e-17,1/2,1,1/2,1/2,1.1102230246251565e-16,0.49999999999999989,0.5,1/2,0,0.5,witness,1/2,True
1/2,True,0.33333333333333331,5.5511151231257827e-17,1,1,1/2,1/2,1.1102230246251565e-16,0.49999999999999989,0.5,1/2,0,0.5,witness,1/2,True
0,False,0.90000000000000002,0,0,0,1/19,9/10,6.9388939039072284e-18,0.052631578947368425,0.052631578947368418,1/2,9/10,0.90000000000000002,witness,9/10,False
0,False,0.90000000000000002,0,1/2,0,1/19,9/10,6.9388939039072284e-18,0.052631578947368425,0.052631578947368418,1/2,9/10,0.90000000000000002,witness,9/10,False
0,False,0.90000000000000002,0,1,0,1/19,9/10,6.9388939039072284e-18,0.052631578947368425,0.052631578947368418,1/2,9/10,0.90000000000000002,witness,9/10,False
1/20,True,0.89743589743589747,1.1102230246251565e-16,0,1/20,2/37,9/10,0,0.054054054054054057,0.054054054054054057,1/2,17/20,0.90000000000000002,witness,9/10,False
1/20,True,0.89743589743589747,1.1102230246251565e-16,1/2,1/20,2/37,9/10,0,0.054054054054054057,0.054054054054054057,1/2,17/20,0.90000000000000002,witness,9/10,False
1/20,True,0.89743589743589747,1.1102230246251565e-16,1,1/20,2/37,9/10,0,0.054054054054054057,0.054054054054054057,1/2,17/20,0.90000000000000002,witness,9/10,False
1/10,True,0.89473684210526316,0,0,1/10,1/18,9/10,1.3877787807814457e-17,0.055555555555555566,0.055555555555555552,1/2,4/5,0.90000000000000002,witness,9/10,False
1/10,True,0.89473684210526316,0,1/2,1/10,1/18,9/10,1.3877787807814457e-17,0.055555555555555566,0.055555555555555552,1/2,4/5,0.90000000000000002,witness,9/10,False
1/10,True,0.89473684210526316,0,1,1/10,1/18,9/10,1.3877787807814457e-17,0.055555555555555566,0.055555555555555552,1/2,4/5,0.90000000000000002,witness,9/10,False
1/4,True,0.88571428571428568,5.5511151231257827e-17,0,1/4,2/33,9/10,2.7755575615628914e-17,0.060606060606060635,0.060606060606060608,1/2,13/20,0.90000000000000002,witness,9/10,False
1/4,True,0.88571428571428568,5.5511151231257827e-17,1/2,1/4,2/33,9/10,2.7755575615628914e-17,0.060606060606060635,0.060606060606060608,1/2,13/20,0.90000000000000002,witness,9/10,False
1/4,True,0.88571428571428568,5.5511151231257827e-17,1,1/4,2/33,9/10,2.7755575615628914e-17,0.060606060606060635,0.060606060606060608,1/2,13/20,0.90000000000000002,witness,9/10,False
1/2,True,0.8666666666666667,1.1102230246251565e-16,0,1/2,1/14,9/10,2.7755575615628914e-17,0.071428571428571452,0.071428571428571425,1/2,2/5,0.90000000000000002,witness,9/10,False
1/2,True,0.8666666666666667,1.1102230246251565e-16,1/2,1/2,1/14,9/10,2.7755575615628914e-17,0.071428571428571452,0.071428571428571425,1/2,2/5,0.90000000000000002,witness,9/10,False
1/2,True,0.8666666666666667,1.1102230246251565e-16,1,1/2,1/14,9/10,2.7755575615628914e-17,0.071428571428571452,0.071428571428571425,1/2,2/5,0.90000000000000002,witness,9/10,False
9/10,True,0.81818181818181823,5.5511151231257827e-17,0,1,1/10,9/10,2.7755575615628914e-17,0.099999999999999978,0.10000000000000001,1/2,0,0.90000000000000002,witness,9/10,True
9/10,True,0.81818181818181823,5.5511151231257827e-17,1/2,1,1/10,9/10,2.7755575615628914e-17,0.099999999999999978,0.10000000000000001,1/2,0,0.90000000000000002,witness,9/10,True
9/10,True,0.81818181818181823,5.5511151231257827e-17,1,1,1/10,9/10,2.7755575615628914e-17,0.099999999999999978,0.10000000000000001,1/2,0,0.90000000000000002,witness,9/10,True
0,False,0.01,1.1102230246251565e-16,0,0,99/101,1/100,1.1102230246251565e-16,0.98019801980198029,0.98019801980198018,9/10,1/100,0.01,witness,1/100,False
0,False,0.01,1.1102230246251565e-16,1/2,0,99/101,1/100,1.1102230246251565e-16,0.98019801980198029,0.98019801980198018,9/10,1/100,0.01,witness,1/100,False
0,False,0.01,1.1102230246251565e-16,1,0,99/101,1/100,1.1102230246251565e-16,0.98019801980198029,0.98019801980198018,9/10,1/100,0.01,witness,1/100,False
1/100,True,0.0050251256281407036,5.5511151231257827e-17,0,1/20,99/100,1/100,1.1102230246251565e-16,0.98999999999999988,0.98999999999999999,9/10,0,0.01,witness,1/100,True
1/100,True,0.0050251256281407036,5.5511151231257827e-17,1/2,1/20,99/100,1/100,1.1102230246251565e-16,0.98999999999999988,0.98999999999999999,9/10,0,0.01,witness,1/100,True
1/100,True,0.0050251256281407036,5.5511151231257827e-17,1,1/20,99/100,1/100,1.1102230246251565e-16,0.98999999999999988,0.98999999999999999,9/10,0,0.01,witness,1/100,True
1/100,True,0.0050251256281407036,5.5511151231257827e-17,0,1/10,99/100,1/100,1.1102230246251565e-16,0.98999999999999988,0.98999999999999999,9/10,0,0.01,witness,1/100,True
1/100,True,0.0050251256281407036,5.5511151231257827e-17,1/2,1/10,99/100,1/100,1.1102230246251565e-16,0.98999999999999988,0.98999999999999999,9/10,0,0.01,witness,1/100,True
1/100,True,0.0050251256281407036,5.5511151231257827e-17,1,1/10,99/100,1/100,1.1102230246251565e-16,0.98999999999999988,0.98999999999999999,9/10,0,0.01,witness,1/100,True
1/100,True,0.0050251256281407036,5.5511151231257827e-17,0,1/4,99/100,1/100,1.1102230246251565e-16,0.98999999999999988,0.98999999999999999,9/10,0,0.01,witness,1/100,True
1/100,True,0.0050251256281407036,5.5511151231257827e-17,1/2,1/4,99/100,1/100,1.1102230246251565e-16,0.98999999999999988,0.98999999999999999,9/10,0,0.01,witness,1/100,True
1/100,True,0.0050251256281407036,5.5511151231257827e-17,1,1/4,99/100,1/100,1.1102230246251565e-16,0.98999999999999988,0.98999999999999999,9/10,0,0.01,witness,1/100,True
1/100,True,0.0050251256281407036,5.5511151231257827e-17,0,1/2,99/100,1/100,1.1102230246251565e-16,0.98999999999999988,0.98999999999999999,9/10,0,0.01,witness,1/100,True
1/100,True,0.0050251256281407036,5.5511151231257827e-17,1/2,1/2,99/100,1/100,1.1102230246251565e-16,0.98999999999999988,0.98999999999999999,9/10,0,0.01,witness,1/100,True
1/100,True,0.0050251256281407036,5.5511151231257827e-17,1,1/2,99/100,1/100,1.1102230246251565e-16,0.98999999999999988,0.98999999999999999,9/10,0,0.01,witness,1/100,True
1/100,True,0.0050251256281407036,5.5511151231257827e-17,0,1,99/100,1/100,1.1102230246251565e-16,0.98999999999999988,0.98999999999999999,9/10,0,0.01,witness,1/100,True
1/100,True,0.0050251256281407036,5.5511151231257827e-17,1/2,1,99/100,1/100,1.1102230246251565e-16,0.98999999999999988,0.98999999999999999,9/10,0,0.01,witness,1/100,True
1/100,True,0.0050251256281407036,5.5511151231257827e-17,1,1,99/100,1/100,1.1102230246251565e-16,0.98999999999999988,0.98999999999999999,9/10,0,0.01,witness,1/100,True
0,False,0.10000000000000001,1.1102230246251565e-16,0,0,9/11,1/10,1.1102230246251565e-16,0.81818181818181834,0.81818181818181823,9/10,1/10,0.10000000000000001,witness,1/10,False
0,False,0.10000000000000001,1.1102230246251565e-16,1/2,0,9/11,1/10,1.1102230246251565e-16,0.81818181818181834,0.81818181818181823,9/10,1/10,0.10000000000000001,witness,1/10,False
0,False,0.10000000000000001,1.1102230246251565e-16,1,0,9/11,1/10,1.1102230246251565e-16,0.81818181818181834,0.81818181818181823,9/10,1/10,0.10000000000000001,witness,1/10,False
1/20,True,0.076923076923076927,1.1102230246251565e-16,0,1/20,6/7,1/10,0,0.8571428571428571,0.8571428571428571,9/10,1/20,0.10000000000000001,witness,1/10,False
1/20,True,0.076923076923076927,1.1102230246251565e-16,1/2,1/20,6/7,1/10,0,0.8571428571428571,0.8571428571428571,9/10,1/20,0.10000000000000001,witness,1/10,False
1/20,True,0.076923076923076927,1.1102230246251565e-16,1,1/20,6/7,1/10,0,0.8571428571428571,0.8571428571428571,9/10,1/20,0.10000000000000001,witness,1/10,False
1/10,True,0.052631578947368418,5.5511151231257827e-17,0,1/10,9/10,1/10,1.1102230246251565e-16,0.89999999999999991,0.90000000000000002,9/10,0,0.10000000000000001,witness,1/10,True
1/10,True,0.052631578947368418,5.5511151231257827e-17,1/2,1/10,9/10,1/10,1.1102230246251565e-16,0.89999999999999991,0.90000000000000002,9/10,0,0.10000000000000001,witness,1/10,True
1/10,True,0.052631578947368418,5.5511151231257827e-17,1,1/10,9/10,1/10,1.1102230246251565e-16,0.89999999999999991,0.90000000000000002,9/10,0,0.10000000000000001,witness,1/10,True
1/10,True,0.052631578947368418,5.5511151231257827e-17,0,1/4,9/10,1/10,1.1102230246251565e-16,0.89999999999999991,0.90000000000000002,9/10,0,0.10000000000000001,witness,1/10,True
1/10,True,0.052631578947368418,5.5511151231257827e-17,1/2,1/4,9/10,1/10,1.1102230246251565e-16,0.89999999999999991,0.90000000000000002,9/10,0,0.10000000000000001,witness,1/10,True
1/10,True,0.052631578947368418,5.5511151231257827e-17,1,1/4,9/10,1/10,1.1102230246251565e-16,0.89999999999999991,0.90000000000000002,9/10,0,0.10000000000000001,witness,1/10,True
1/10,True,0.052631578947368418,5.5511151231257827e-17,0,1/2,9/10,1/10,1.1102230246251565e-16,0.89999999999999991,0.90000000000000002,9/10,0,0.10000000000000001,witness,1/10,True
1/10,True,0.052631578947368418,5.5511151231257827e-17,1/2,1/2,9/10,1/10,1.1102230246251565e-16,0.89999999999999991,0.90000000000000002,9/10,0,0.10000000000000001,witness,1/10,True
1/10,True,0.052631578947368418,5.5511151231257827e-17,1,1/2,9/10,1/10,1.1102230246251565e-16,0.89999999999999991,0.90000000000000002,9/10,0,0.10000000000000001,witness,1/10,True
1/10,True,0.052631578947368418,5.5511151231257827e-17,0,1,9/10,1/10,1.1102230246251565e-16,0.89999999999999991,0.90000000000000002,9/10,0,0.10000000000000001,witness,1/10,True
1/10,True,0.052631578947368418,5.5511151231257827e-17,1/2,1,9/10,1/10,1.1102230246251565e-16,0.89999999999999991,0.90000000000000002,9/10,0,0.10000000000000001,witness,1/10,True
1/10,True,0.052631578947368418,5.5511151231257827e-17,1,1,9/10,1/10,1.1102230246251565e-16,0.89999999999999991,0.90000000000000002,9/10,0,0.10000000000000001,witness,1/10,True
0,False,0.25,0,0,0,3/5,1/4,0,0.59999999999999998,0.59999999999999998,9/10,1/4,0.25,witness,1/4,False
0,False,0.25,0,1/2,0,3/5,1/4,0,0.59999999999999998,0.59999999999999998,9/10,1/4,0.25,witness,1/4,False
0,False,0.25,0,1,0,3/5,1/4,0,0.59999999999999998,0.59999999999999998,9/10,1/4,0.25,witness,1/4,False
1/20,True,0.23076923076923078,1.1102230246251565e-16,0,1/20,5/8,1/4,0,0.625,0.625,9/10,1/5,0.25,witness,1/4,False
1/20,True,0.23076923076923078,1.1102230246251565e-16,1/2,1/20,5/8,1/4,0,0.625,0.625,9/10,1/5,0.25,witness,1/4,False
1/20,True,0.23076923076923078,1.1102230246251565e-16,1,1/20,5/8,1/4,0,0.625,0.625,9/10,1/5,0.25,witness,1/4,False
1/10,True,0.21052631578947367,1.1102230246251565e-16,0,1/10,15/23,1/4,0,0.65217391304347827,0.65217391304347827,9/10,3/20,0.25,witness,1/4,False
1/10,True,0.21052631578947367,1.1102230246251565e-16,1/2,1/10,15/23,1/4,0,0.65217391304347827,0.65217391304347827,9/10,3/20,0.25,witness,1/4,False
1/10,True,0.21052631578947367,1.1102230246251565e-16,1,1/10,15/23,1/4,0,0.65217391304347827,0.65217391304347827,9/10,3/20,0.25,witness,1/4,False
1/4,True,0.14285714285714285,5.5511151231257827e-17,0,1/4,3/4,1/4,1.1102230246251565e-16,0.74999999999999989,0.75,9/10,0,0.25,witness,1/4,True
1/4,True,0.14285714285714285,5.5511151231257827e-17,1/2,1/4,3/4,1/4,1.1102230246251565e-16,0.74999999999999989,0.75,9/10,0,0.25,witness,1/4,True
1/4,True,0.14285714285714285,5.5511151231257827e-17,1,1/4,3/4,1/4,1.1102230246251565e-16,0.74999999999999989,0.75,9/10,0,0.25,witness,1/4,True
1/4,True,0.14285714285714285,5.5511151231257827e-17,0,1/2,3/4,1/4,1.1102230246251565e-16,0.74999999999999989,0.75,9/10,0,0.25,witness,1/4,True
1/4,True,0.14285714285714285,5.5511151231257827e-17,1/2,1/2,3/4,1/4,1.1102230246251565e-16,0.74999999999999989,0.75,9/10,0,0.25,witness,1/4,True
1/4,True,0.14285714285714285,5.5511151231257827e-17,1,1/2,3/4,1/4,1.1102230246251565e-16,0.74999999999999989,0.75,9/10,0,0.25,witness,1/4,True
1/4,True,0.14285714285714285,5.5511151231257827e-17,0,1,3/4,1/4,1.1102230246251565e-16,0.74999999999999989,0.75,9/10,0,0.25,witness,1/4,True
1/4,True,0.14285714285714285,5.5511151231257827e-17,1/2,1,3/4,1/4,1.1102230246251565e-16,0.74999999999999989,0.75,9/10,0,0.25,witness,1/4,True
1/4,True,0.14285714285714285,5.5511151231257827e-17,1,1,3/4,1/4,1.1102230246251565e-16,0.74999999999999989,0.75,9/10,0,0.25,witness,1/4,True
0,False,0.5,5.5511151231257827e-17,0,0,1/3,1/2,5.5511151231257827e-17,0.33333333333333326,0.33333333333333331,9/10,1/2,0.5,witness,1/2,False
0,False,0.5,5.5511151231257827e-17,1/2,0,1/3,1/2,5.5511151231257827e-17,0.33333333333333326,0.33333333333333331,9/10,1/2,0.5,witness,1/2,False
0,False,0.5,5.5511151231257827e-17,1,0,1/3,1/2,5.5511151231257827e-17,0.33333333333333326,0.33333333333333331,9/10,1/2,0.5,witness,1/2,False
1/20,True,0.48717948717948717,1.1102230246251565e-16,0,1/20,10/29,1/2,0,0.34482758620689657,0.34482758620689657,9/10,9/20,0.5,witness,1/2,False
1/20,True,0.48717948717948717,1.1102230246251565e-16,1/2,1/20,10/29,1/2,0,0.34482758620689657,0.34482758620689657,9/10,9/20,0.5,witness,1/2,False
1/20,True,0.48717948717948717,1.1102230246251565e-16,1,1/20,10/29,1/2,0,0.34482758620689657,0.34482758620689657,9/10,9/20,0.5,witness,1/2,False
1/10,True,0.47368421052631576,1.1102230246251565e-16,0,1/10,5/14,1/2,5.5511151231257827e-17,0.3571428571428571,0.35714285714285715,9/10,2/5,0.5,witness,1/2,False
1/10,True,0.47368421052631576,1.1102230246251565e-16,1/2,1/10,5/14,1/2,5.5511151231257827e-17,0.3571428571428571,0.35714285714285715,9/10,2/5,0.5,witness,1/2,False
1/10,True,0.47368421052631576,1.1102230246251565e-16,1,1/10,5/14,1/2,5.5511151231257827e-17,0.3571428571428571,0.35714285714285715,9/10,2/5,0.5,witness,1/2,False
1/4,True,0.42857142857142855,0,0,1/4,2/5,1/2,5.5511151231257827e-17,0.39999999999999997,0.40000000000000002,9/10,1/4,0.5,witness,1/2,False
1/4,True,0.42857142857142855,0,1/2,1/4,2/5,1/2,5.5511151231257827e-17,0.39999999999999997,0.40000000000000002,9/10,1/4,0.5,witness,1/2,False
1/4,True,0.42857142857142855,0,1,1/4,2/5,1/2,5.5511151231257827e-17,0.39999999999999997,0.40000000000000002,9/10,1/4,0.5,witness,1/2,False
1/2,True,0.33333333333333331,5.5511151231257827e-17,0,1/2,1/2,1/2,1.1102230246251565e-16,0.49999999999999989,0.5,9/10,0,0.5,witness,1/2,True
1/2,True,0.33333333333333331,5.5511151231257827e-17,1/2,1/2,1/2,1/2,1.1102230246251565e-16,0.49999999999999989,0.5,9/10,0,0.5,witness,1/2,True
1/2,True,0.33333333333333331,5.5511151231257827e-17,1,1/2,1/2,1/2,1.1102230246251565e-16,0.49999999999999989,0.5,9/10,0,0.5,witness,1/2,True
1/2,True,0.33333333333333331,5.5511151231257827e-17,0,1,1/2,1/2,1.1102230246251565e-16,0.49999999999999989,0.5,9/10,0,0.5,witness,1/2,True
1/2,True,0.33333333333333331,5.5511151231257827e-17,1/2,1,1/2,1/2,1.1102230246251565e-16,0.49999999999999989,0.5,9/10,0,0.5,witness,1/2,True
1/2,True,0.33333333333333331,5.5511151231257827e-17,1,1,1/2,1/2,1.1102230246251565e-16,0.49999999999999989,0.5,9/10,0,0.5,witness,1/2,True
0,False,0.90000000000000002,1.1102230246251565e-16,0,0,1/19,9/10,1.3877787807814457e-17,0.052631578947368432,0.052631578947368418,9/10,9/10,0.90000000000000002,witness,9/10,False
0,False,0.90000000000000002,1.1102230246251565e-16,1/2,0,1/19,9/10,1.3877787807814457e-17,0.052631578947368432,0.052631578947368418,9/10,9/10,0.90000000000000002,witness,9/10,False
0,False,0.90000000000000002,1.1102230246251565e-16,1,0,1/19,9/10,1.3877787807814457e-17,0.052631578947368432,0.052631578947368418,9/10,9/10,0.90000000000000002,witness,9/10,False
1/20,True,0.89743589743589747,1.1102230246251565e-16,0,1/20,2/37,9/10,2.7755575615628914e-17,0.054054054054054085,0.054054054054054057,9/10,17/20,0.90000000000000002,witness,9/10,False
1/20,True,0.89743589743589747,1.1102230246251565e-16,1/2,1/20,2/37,9/10,2.7755575615628914e-17,0.054054054054054085,0.054054054054054057,9/10,17/20,0.90000000000000002,witness,9/10,False
1/20,True,0.89743589743589747,1.1102230246251565e-16,1,1/20,2/37,9/10,2.7755575615628914e-17,0.054054054054054085,0.054054054054054057,9/10,17/20,0.90000000000000002,witness,9/10,False
1/10,True,0.89473684210526316,0,0,1/10,1/18,9/10,0,0.055555555555555552,0.055555555555555552,9/10,4/5,0.90000000000000002,witness,9/10,False
1/10,True,0.89473684210526316,0,1/2,1/10,1/18,9/10,0,0.055555555555555552,0.055555555555555552,9/10,4/5,0.90000000000000002,witness,9/10,False
1/10,True,0.89473684210526316,0,1,1/10,1/18,9/10,0,0.055555555555555552,0.055555555555555552,9/10,4/5,0.90000000000000002,witness,9/10,False
1/4,True,0.88571428571428568,1.1102230246251565e-16,0,1/4,2/33,9/10,2.7755575615628914e-17,0.060606060606060635,0.060606060606060608,9/10,13/20,0.90000000000000002,witness,9/10,False
1/4,True,0.88571428571428568,1.1102230246251565e-16,1/2,1/4,2/33,9/10,2.7755575615628914e-17,0.060606060606060635,0.060606060606060608,9/10,13/20,0.90000000000000002,witness,9/10,False
1/4,True,0.88571428571428568,1.1102230246251565e-16,1,1/4,2/33,9/10,2.7755575615628914e-17,0.060606060606060635,0.060606060606060608,9/10,13/20,0.90000000000000002,witness,9/10,False
1/2,True,0.8666666666666667,1.1102230246251565e-16,0,1/2,1/14,9/10,2.7755575615628914e-17,0.071428571428571452,0.071428571428571425,9/10,2/5,0.90000000000000002,witness,9/10,False
1/2,True,0.8666666666666667,1.1102230246251565e-16,1/2,1/2,1/14,9/10,2.7755575615628914e-17,0.071428571428571452,0.071428571428571425,9/10,2/5,0.90000000000000002,witness,9/10,False
1/2,True,0.8666666666666667,1.1102230246251565e-16,1,1/2,1/14,9/10,2.7755575615628914e-17,0.071428571428571452,0.071428571428571425,9/10,2/5,0.90000000000000002,witness,9/10,False
9/10,True,0.81818181818181823,5.5511151231257827e-17,0,1,1/10,9/10,2.7755575615628914e-17,0.099999999999999978,0.10000000000000001,9/10,0,0.90000000000000002,witness,9/10,True
9/10,True,0.81818181818181823,5.5511151231257827e-17,1/2,1,1/10,9/10,2.7755575615628914e-17,0.099999999999999978,0.10000000000000001,9/10,0,0.90000000000000002,witness,9/10,True
9/10,True,0.81818181818181823,5.5511151231257827e-17,1,1,1/10,9/10,2.7755575615628914e-17,0.099999999999999978,0.10000000000000001,9/10,0,0.90000000000000002,witness,9/10,True
