scenario,arm3_intercept,arm3_target,arm3_128node_error,arm4_intercept,arm4_target,arm4_128node_error
0,0.41045832211729016,0.59999999999999998,1.1102230246251565e-16,0.41045832211729016,0.59999999999999998,1.1102230246251565e-16
1,0.41045832211729016,0.59999999999999998,1.1102230246251565e-16,0.6265273643557151,0.65000000000000002,2.2204460492503131e-16
2,0.41045832211729016,0.59999999999999998,1.1102230246251565e-16,0.8572789611563274,0.69999999999999996,6.6613381477509392e-16
3,0.49204189263909959,0.59999999999999998,-1.1102230246251565e-16,0.49204189263909959,0.59999999999999998,-1.1102230246251565e-16
4,0.49204189263909959,0.59999999999999998,-1.1102230246251565e-16,0.7496623744093428,0.65000000000000002,-1.5543122344752192e-15
5,0.49204189263909959,0.59999999999999998,-1.1102230246251565e-16,1.0229383908882297,0.69999999999999996,-2.2204460492503131e-16
6,0.49204189263909959,0.59999999999999998,-1.1102230246251565e-16,0.52689650157641266,0.59999999999999998,-2.7755575615628914e-15
7,0.49204189263909959,0.59999999999999998,-1.1102230246251565e-16,0.80245563289262789,0.65000000000000002,0
8,0.49204189263909959,0.59999999999999998,-1.1102230246251565e-16,1.0943398540625762,0.69999999999999996,-1.1102230246251565e-16
9,1.3206823006963302,0.75,-1.1102230246251565e-16,1.4116952853403315,0.75,0
10,1.3206823006963302,0.75,-1.1102230246251565e-16,1.7688890402947006,0.80000000000000004,1.5543122344752192e-15
11,1.3206823006963302,0.75,-1.1102230246251565e-16,2.1917586612371571,0.84999999999999998,2.3314683517128287e-15
12,0.41045832211729016,0.59999999999999998,1.1102230246251565e-16,0.41045832211729016,0.59999999999999998,1.1102230246251565e-16
13,0.41045832211729016,0.59999999999999998,1.1102230246251565e-16,0.6265273643557151,0.65000000000000002,2.2204460492503131e-16
14,0.41045832211729016,0.59999999999999998,1.1102230246251565e-16,0.8572789611563274,0.69999999999999996,6.6613381477509392e-16
15,0.49204189263909959,0.59999999999999998,-1.1102230246251565e-16,0.49204189263909959,0.59999999999999998,-1.1102230246251565e-16
16,0.49204189263909959,0.59999999999999998,-1.1102230246251565e-16,0.7496623744093428,0.65000000000000002,-1.5543122344752192e-15
17,0.49204189263909959,0.59999999999999998,-1.1102230246251565e-16,1.0229383908882297,0.69999999999999996,-2.2204460492503131e-16
18,0.49204189263909959,0.59999999999999998,-1.1102230246251565e-16,0.52689650157641266,0.59999999999999998,-2.7755575615628914e-15
19,0.49204189263909959,0.59999999999999998,-1.1102230246251565e-16,0.80245563289262789,0.65000000000000002,0
20,0.49204189263909959,0.59999999999999998,-1.1102230246251565e-16,1.0943398540625762,0.69999999999999996,-1.1102230246251565e-16
21,1.3206823006963302,0.75,-1.1102230246251565e-16,1.4116952853403315,0.75,0
22,1.3206823006963302,0.75,-1.1102230246251565e-16,1.7688890402947006,0.80000000000000004,1.5543122344752192e-15
23,1.3206823006963302,0.75,-1.1102230246251565e-16,2.1917586612371571,0.84999999999999998,2.3314683517128287e-15
24,0.41045832211729016,0.59999999999999998,1.1102230246251565e-16,0.41045832211729016,0.59999999999999998,1.1102230246251565e-16
25,0.41045832211729016,0.59999999999999998,1.1102230246251565e-16,0.6265273643557151,0.65000000000000002,2.2204460492503131e-16
26,0.41045832211729016,0.59999999999999998,1.1102230246251565e-16,0.8572789611563274,0.69999999999999996,6.6613381477509392e-16
27,0.49204189263909959,0.59999999999999998,-1.1102230246251565e-16,0.49204189263909959,0.59999999999999998,-1.1102230246251565e-16
28,0.49204189263909959,0.59999999999999998,-1.1102230246251565e-16,0.7496623744093428,0.65000000000000002,-1.5543122344752192e-15
29,0.49204189263909959,0.59999999999999998,-1.1102230246251565e-16,1.0229383908882297,0.69999999999999996,-2.2204460492503131e-16
30,0.49204189263909959,0.59999999999999998,-1.1102230246251565e-16,0.52689650157641266,0.59999999999999998,-2.7755575615628914e-15
31,0.49204189263909959,0.59999999999999998,-1.1102230246251565e-16,0.80245563289262789,0.65000000000000002,0
32,0.49204189263909959,0.59999999999999998,-1.1102230246251565e-16,1.0943398540625762,0.69999999999999996,-1.1102230246251565e-16
33,1.3206823006963302,0.75,-1.1102230246251565e-16,1.4116952853403315,0.75,0
34,1.3206823006963302,0.75,-1.1102230246251565e-16,1.7688890402947006,0.80000000000000004,1.5543122344752192e-15
35,1.3206823006963302,0.75,-1.1102230246251565e-16,2.1917586612371571,0.84999999999999998,2.3314683517128287e-15
