scenario,reviewers,cases,profile,effect,method,replicates,valid,invalid_fraction,rejection_rate,rejection_wilson_lower,rejection_wilson_upper,rejection_given_valid,coverage_given_valid,coverage_all,mean_width,mean_estimate,bias,mean_primary_observed,min_finite_bootstrap_fraction,null_screen_pass,conservative_flag
0,16,16,iid,0,two_way_percentile,1000,1000,0,0.0030000000000000001,0.0010207838811386186,0.0087830140535031728,0.0030000000000000001,0.997,0.997,0.50701594704285147,0.0031093750000000002,0.0031093750000000002,128,0.99198396793587162,True,True
0,16,16,iid,0,naive_wald,1000,1000,0,0.036999999999999998,0.026961180875554734,0.050582397482069309,0.036999999999999998,0.96299999999999997,0.96299999999999997,0.32678536718673012,0.0031093750000000002,0.0031093750000000002,128,,True,False
3,16,16,intercepts,0,two_way_percentile,1000,1000,0,0.001,0.00017654637062607809,0.0056425585979579355,0.001,0.999,0.999,0.49589234318296849,-0.0057656249999999999,-0.0057656249999999999,128,0.99198396793587162,True,True
3,16,16,intercepts,0,naive_wald,1000,1000,0,0.047,0.035527105106384502,0.061939938081528451,0.047,0.95299999999999996,0.95299999999999996,0.3245629423435088,-0.0057656249999999999,-0.0057656249999999999,128,,True,False
6,16,16,slopes_missing,0,two_way_percentile,1000,673,0.32699999999999996,0.002,0.00054864358812072803,0.0072628078634921767,0.0029717682020802376,0.99702823179791977,0.67100000000000004,0.55241341546732892,0.0024147272866022842,0.0024147272866022842,104.07299999999999,0.91382765531062116,False,True
6,16,16,slopes_missing,0,naive_wald,1000,1000,0,0.060999999999999999,0.047779775126033701,0.077580118824283673,0.060999999999999999,0.93899999999999995,0.93899999999999995,0.35783735567222347,0.0024147272866022842,0.0024147272866022842,104.07299999999999,,False,False
9,16,16,high_baseline,0,two_way_percentile,1000,653,0.34699999999999998,0.0040000000000000001,0.0015565881404084308,0.010239556277262253,0.0061255742725880554,0.99387442572741191,0.64900000000000002,0.48294359559718864,0.0031766882423132393,0.0031766882423132393,104.004,0.94789579158316617,False,True
9,16,16,high_baseline,0,naive_wald,1000,1000,0,0.063,0.049549663211729086,0.079794923704646095,0.063,0.93700000000000006,0.93700000000000006,0.31578868419622863,0.0031766882423132393,0.0031766882423132393,104.004,,False,False
12,48,32,iid,0,two_way_percentile,1000,1000,0,0,0,0.0038267584855551234,0,1,1,0.22453617321476624,0.00095833333333333209,0.00095833333333333209,768,1,True,True
12,48,32,iid,0,naive_wald,1000,1000,0,0.050000000000000003,0.038130262392748818,0.065313820244250809,0.050000000000000003,0.94999999999999996,0.94999999999999996,0.13704977496846499,0.00095833333333333209,0.00095833333333333209,768,,True,False
15,48,32,intercepts,0,two_way_percentile,1000,1000,0,0,0,0.0038267584855551234,0,1,1,0.21716561611890389,0.0012604166666666655,0.0012604166666666655,768,1,True,True
15,48,32,intercepts,0,naive_wald,1000,1000,0,0.033000000000000002,0.023592927958426907,0.04598126446708159,0.033000000000000002,0.96699999999999997,0.96699999999999997,0.13657901718933815,0.0012604166666666655,0.0012604166666666655,768,,True,False
18,48,32,slopes_missing,0,two_way_percentile,1000,1000,0,0.002,0.00054864358812072803,0.0072628078634921767,0.002,0.998,0.998,0.25367176189120261,-0.0002569196911810019,-0.0002569196911810019,621.91999999999996,1,True,True
18,48,32,slopes_missing,0,naive_wald,1000,1000,0,0.087999999999999995,0.071980997942320851,0.10717225104977657,0.087999999999999995,0.91200000000000003,0.91200000000000003,0.15158592659465728,-0.0002569196911810019,-0.0002569196911810019,621.91999999999996,,False,False
21,48,32,high_baseline,0,two_way_percentile,1000,1000,0,0.001,0.00017654637062607809,0.0056425585979579355,0.001,0.999,0.999,0.2232035686420849,0.0019453643836194927,0.0019453643836194927,622.82299999999998,1,True,True
21,48,32,high_baseline,0,naive_wald,1000,1000,0,0.069000000000000006,0.054883945585911253,0.086414720228637276,0.069000000000000006,0.93100000000000005,0.93100000000000005,0.13419269265034048,0.0019453643836194927,0.0019453643836194927,622.82299999999998,,False,False
24,96,64,iid,0,two_way_percentile,1000,1000,0,0.002,0.00054864358812072803,0.0072628078634921767,0.002,0.998,0.998,0.11512898921554843,-0.00067708333333333379,-0.00067708333333333379,3072,1,True,True
24,96,64,iid,0,naive_wald,1000,1000,0,0.041000000000000002,0.030364971082098315,0.055147993207641299,0.041000000000000002,0.95899999999999996,0.95899999999999996,0.068799021094600704,-0.00067708333333333379,-0.00067708333333333379,3072,,True,False
27,96,64,intercepts,0,two_way_percentile,1000,1000,0,0,0,0.0038267584855551234,0,1,1,0.11173594149603847,-0.0008020833333333313,-0.0008020833333333313,3072,1,True,True
27,96,64,intercepts,0,naive_wald,1000,1000,0,0.032000000000000001,0.022757107858710962,0.044824738083768648,0.032000000000000001,0.96799999999999997,0.96799999999999997,0.068695523914632503,-0.0008020833333333313,-0.0008020833333333313,3072,,True,False
30,96,64,slopes_missing,0,two_way_percentile,1000,1000,0,0.0050000000000000001,0.0021375355273244596,0.011650955373375113,0.0050000000000000001,0.995,0.995,0.13713998724825491,0.00052315221344385605,0.00052315221344385605,2489.4920000000002,1,True,True
30,96,64,slopes_missing,0,naive_wald,1000,1000,0,0.112,0.093919540908881077,0.13305002367590971,0.112,0.88800000000000001,0.88800000000000001,0.07636609882031628,0.00052315221344385605,0.00052315221344385605,2489.4920000000002,,False,False
33,96,64,high_baseline,0,two_way_percentile,1000,1000,0,0.001,0.00017654637062607809,0.0056425585979579355,0.001,0.999,0.999,0.12102935145778464,0.00044211969972921303,0.00044211969972921303,2486.3760000000002,1,True,True
33,96,64,high_baseline,0,naive_wald,1000,1000,0,0.081000000000000003,0.065649621541200298,0.0995572020696949,0.081000000000000003,0.91900000000000004,0.91900000000000004,0.067690555740276978,0.00044211969972921303,0.00044211969972921303,2486.3760000000002,,False,False
