branch_increment_seconds,branch_nodes,enumerated_states,enumeration_increment_seconds,family,k,mc_2048_increment_seconds,mc_256_increment_seconds,mean_bundle_seconds,model_seed,support_states,task_index,terms,total_task_seconds,variance_increment_seconds
0.0013255418743938208,627,65536,0.0046220410149544477,sparse_polynomial,16,0.0036477919202297926,0.0017620830330997705,0.00022854190319776535,1619,65536,0,32,0.014152874937281013,0.00019866693764925003
0.0017494999337941408,1029,1048576,0.037496499950066209,linear,20,0.0031858328729867935,0.0014144170563668013,0.00020920787937939167,1619,1048576,1,20,0.045948958024382591,0.00012441701255738735
0.0091373750474303961,5248,1048576,0.039483417058363557,shared_gate,20,0.0030539168510586023,0.0016830421518534422,0.00021666707471013069,811,1048576,2,20,0.055354207986965775,0.00013995799235999584
0.0025132088921964169,1757,65536,0.0022787500638514757,shared_gate,16,0.0028630408924072981,0.001180499792098999,0.00022129202261567116,1619,65536,3,16,0.010803667129948735,0.00013212487101554871
0.00014650006778538227,93,256,7.9249963164329529e-05,sparse_polynomial,8,0.0020032080356031656,0.00088733294978737831,0.00022654188796877861,1619,256,4,16,0.0053507920820266008,0.0001680001150816679
0.026734584011137486,6730,0,,linear,40,0.0062690000049769878,0.0017113750800490379,0.00020541716367006302,811,1099511627776,5,40,0.036918957950547338,0.00018995790742337704
0.041653082938864827,10085,0,,shared_gate,40,0.0062271670904010534,0.0018614998552948236,0.00021879188716411591,271,1099511627776,6,40,0.052004624856635928,0.00020050001330673695
9.4166025519371033e-05,59,256,8.7457941845059395e-05,sparse_polynomial,8,0.0021919999271631241,0.00087954197078943253,0.0002206659410148859,271,256,7,16,0.0054167499765753746,0.00016362499445676804
0.016168791800737381,6970,0,,shared_gate,28,0.0044748750515282154,0.0015360410325229168,0.0002292911522090435,811,268435456,8,28,0.025007040938362479,0.00015558302402496338
0.00049225008115172386,345,65536,0.0020076669752597809,linear,16,0.0026722080074250698,0.0010354998521506786,0.00020679086446762085,271,65536,9,16,0.0080012499820441008,0.000120542012155056
0.040468082996085286,10177,0,,shared_gate,40,0.0057752078864723444,0.0018072500824928284,0.00022645806893706322,1619,1099511627776,10,40,0.050429207971319556,0.00020633311942219734
0.025712582981213927,6568,0,,linear,40,0.0056720839347690344,0.0017358751501888037,0.00020904187113046646,271,1099511627776,11,40,0.035217249998822808,0.00018695788457989693
0.00022829207591712475,113,4096,0.0002957500983029604,sparse_polynomial,12,0.002602333901450038,0.0010632500052452087,0.00023058312945067883,271,4096,12,24,0.0065948329865932465,0.00018354202620685101
0.0090871669817715883,5218,1048576,0.037209540838375688,shared_gate,20,0.0033296248875558376,0.0011644579935818911,0.00021629198454320431,271,1048576,13,20,0.052820999873802066,0.00013845809735357761
0.013954582856968045,6078,0,,shared_gate,28,0.0044514168985188007,0.0015542090404778719,0.00022025010548532009,271,268435456,14,28,0.021964458050206304,0.00015491712838411331
6.5417028963565826e-05,51,256,6.3208863139152527e-05,linear,8,0.001609165919944644,0.00071316701360046864,0.00021199998445808887,271,256,15,8,0.0042315828613936901,0.00010570883750915527
0.0019190001767128706,1085,1048576,0.03828374994918704,linear,20,0.0032828329131007195,0.0010610830504447222,0.00020645791664719582,811,1048576,16,20,0.046354542020708323,0.00012533320114016533
0.03338904189877212,6944,0,,sparse_polynomial,40,0.0069645829498767853,0.0024333752226084471,0.00022695888765156269,811,1099511627776,17,64,0.046321250032633543,0.00036929105408489704
0.012773416005074978,5454,0,,linear,28,0.0044140000827610493,0.0018359168898314238,0.00020683393813669682,1619,268435456,18,28,0.021023915847763419,0.0001466250978410244
0.011174374958500266,4083,1048576,0.082360042026266456,sparse_polynomial,20,0.0047029999550431967,0.001519292127341032,0.00022275000810623169,811,1048576,19,40,0.10246137506328523,0.00022925017401576042
0.0065723329316824675,2395,1048576,0.076037749880924821,sparse_polynomial,20,0.0045774581376463175,0.0018446671310812235,0.0002360418438911438,271,1048576,20,40,0.091822625137865543,0.00023570889607071877
0.016566707985475659,7248,0,,shared_gate,28,0.0043239998631179333,0.0015487081836909056,0.0002219171728938818,1619,268435456,21,28,0.024471957935020328,0.00016058399342000484
0.01887233299203217,5264,0,,sparse_polynomial,28,0.0055957080330699682,0.001922916853800416,0.00022766599431633949,271,268435456,22,56,0.029513540910556912,0.00030587497167289257
6.99581578373909e-05,59,256,7.5916992500424385e-05,shared_gate,8,0.0018382498528808355,0.00072333402931690216,0.00021125003695487976,811,256,23,8,0.0046432919334620237,0.00012725009582936764
0.035160999977961183,7782,0,,sparse_polynomial,40,0.0069070418830960989,0.002308625029399991,0.0002335419412702322,1619,1099511627776,24,64,0.047811499796807766,0.00036937487311661243
0.01308545796200633,5104,1048576,0.073247792199254036,sparse_polynomial,20,0.0041093339677900076,0.0014870420563966036,0.00022854120470583439,1619,1048576,25,40,0.09473008313216269,0.00024529104121029377
0.012235708069056273,5240,0,,linear,28,0.004632915835827589,0.0013197909574955702,0.00021416600793600082,811,268435456,26,28,0.020154374884441495,0.00014883303083479404
0.00039099995046854019,315,4096,0.0001960420049726963,shared_gate,12,0.0021210419945418835,0.00083724991418421268,0.00022049993276596069,811,4096,27,12,0.0054301661439239979,0.00013058306649327278
0.019688708940520883,5878,0,,sparse_polynomial,28,0.0056435419246554375,0.0019597080536186695,0.00023050000891089439,811,268435456,28,56,0.030353167094290257,0.00030420883558690548
0.0013393750414252281,623,65536,0.0043847919441759586,sparse_polynomial,16,0.0033768331632018089,0.0012677500490099192,0.00023191608488559723,811,65536,29,32,0.012926458846777678,0.00021129217930138111
0.00057299993932247162,253,65536,0.003229374997317791,sparse_polynomial,16,0.0036679159384220839,0.0012564160861074924,0.00023674988187849522,271,65536,30,32,0.011245791800320148,0.0002057917881757021
0.00044424994848668575,283,65536,0.002261041896417737,linear,16,0.0028976250905543566,0.00093091698363423347,0.00020733289420604706,1619,65536,31,16,0.0082939998246729374,0.00011891708709299564
9.9709024652838707e-05,99,256,6.0332939028739929e-05,shared_gate,8,0.001573291840031743,0.00069041689857840538,0.00021579209715127945,1619,256,32,8,0.0042139999568462372,0.00011508306488394737
0.019347541965544224,5754,0,,sparse_polynomial,28,0.0072261251043528318,0.0023340831976383924,0.00023716711439192295,1619,268435456,33,56,0.032076667062938213,0.00030974997207522392
6.937514990568161e-05,51,256,6.7833112552762032e-05,linear,8,0.0024272920563817024,0.00072937505319714546,0.00021216715686023235,811,256,34,8,0.005124000133946538,0.00010704202577471733
0.00035070884041488171,273,4096,0.00018362491391599178,shared_gate,12,0.0021247919648885727,0.00083812489174306393,0.0002180000301450491,271,4096,35,12,0.0053487080149352551,0.00012395810335874557
0.00069199991412460804,403,4096,0.00034508318640291691,sparse_polynomial,12,0.0027580419555306435,0.0011325420346111059,0.00023024994879961014,811,4096,36,24,0.0072704157792031765,0.00018362491391599178
0.0018319170922040939,1115,1048576,0.042576999869197607,linear,20,0.0035841248463839293,0.0011788341216742992,0.0002121669240295887,271,1048576,37,20,0.050981249893084168,0.00012362492270767689
0.00015845801681280136,101,256,0.00011041690595448017,sparse_polynomial,8,0.0019896251615136862,0.00098770810291171074,0.00022620800882577896,811,256,38,16,0.0055379581172019243,0.00017462507821619511
0.00016424991190433502,125,4096,0.00017379107885062695,linear,12,0.0021661249920725822,0.00081366719678044319,0.00020391703583300114,811,4096,39,12,0.0050340841989964247,0.00011062505654990673
0.00017095799557864666,123,4096,0.00018458301201462746,linear,12,0.002163708908483386,0.00082387495785951614,0.0002004159614443779,271,4096,40,12,0.0050509579014033079,0.00011362507939338684
9.8375137895345688e-05,87,256,6.0999998822808266e-05,shared_gate,8,0.0016373330727219582,0.00071920896880328655,0.00021762517280876637,271,256,41,8,0.0043049170635640621,0.0001166248694062233
0.028598250122740865,5300,0,,sparse_polynomial,40,0.0073004579171538353,0.002234957879409194,0.00022520893253386021,271,1099511627776,42,64,0.041472499957308173,0.00035679200664162636
0.009303458034992218,5430,1048576,0.042601832887157798,shared_gate,20,0.003545332932844758,0.001087290933355689,0.00022079190239310265,1619,1048576,43,20,0.058478124905377626,0.0001332918182015419
0.040814833017066121,10091,0,,shared_gate,40,0.0055712091270834208,0.001963708084076643,0.00022066687233746052,811,1099511627776,44,40,0.0506139169447124,0.00020029116421937943
0.00015404215082526207,111,4096,0.00019866600632667542,linear,12,0.0021468331106007099,0.00080104195512831211,0.00020604091696441174,1619,4096,45,12,0.0050262920558452606,0.00011200015433132648
0.0018127500079572201,1255,65536,0.0023823331575840712,shared_gate,16,0.0029597498942166567,0.00092816608957946301,0.00021987501531839371,271,65536,46,16,0.010009249905124307,0.00013175001367926598
6.6084088757634163e-05,53,256,5.8667035773396492e-05,linear,8,0.0015943751204758883,0.00070333294570446014,0.00020395894534885883,1619,256,47,8,0.0041803328786045313,0.00010941596701741219
0.00031116604804992676,159,4096,0.00026933313347399235,sparse_polynomial,12,0.0026437079068273306,0.0011183328460901976,0.00023758294992148876,1619,4096,48,24,0.0067614170257002115,0.0001807499211281538
0.03415700001642108,8400,0,,linear,40,0.0055539580062031746,0.001947999931871891,0.00020504207350313663,1619,1099511627776,49,40,0.043878749944269657,0.00020041689276695251
0.00060483301058411598,399,65536,0.0026931250467896461,linear,16,0.0026009581051766872,0.0010283750016242266,0.00020958390086889267,811,65536,50,16,0.0087687079794704914,0.00011645909398794174
0.012112249853089452,5254,0,,linear,28,0.0042737910989671946,0.0014074160717427731,0.00020999996922910213,271,268435456,51,28,0.019676625030115247,0.00014529121108353138
0.00042662513442337513,349,4096,0.00017787492834031582,shared_gate,12,0.0021329580340534449,0.0010643750429153442,0.00021441606804728508,1619,4096,52,12,0.005655250046402216,0.00012624985538423061
0.0023544160649180412,1575,65536,0.0027057079132646322,shared_gate,16,0.0028582089580595493,0.0011717081069946289,0.00021649990230798721,811,65536,53,16,0.01096037495881319,0.00012754113413393497
