k,method,model_tasks,law_cells_per_task,median_seconds,q25_seconds,q75_seconds
8,mean_bundle,9,9,0.0002157920971512,0.000211999984458,0.00022066594101480001
8,mean_plus_variance,9,9,0.0003342500422149,0.00031920918263489997,0.00038429093547149998
8,branch,9,9,0.00031483196653417107,0.00028120819479219086,0.0003160003107040457
8,enumeration,9,9,0.00028000026941296202,0.00027612503617993991,0.00030579185113302953
8,mc_256,9,9,0.00093683414161190004,0.00092516699805839998,0.0011002079118042
8,mc_2048,9,9,0.0020494998898355999,0.0018211659044025999,0.0022297499235718003
12,mean_bundle,9,9,0.00021800003014500001,0.0002060409169644,0.0002302499487996
12,mean_plus_variance,9,9,0.00034195813350370002,0.0003180410712957,0.00041387486271550001
12,branch,9,9,0.00054874899797129994,0.00037137395702289998,0.00061149988323440005
12,enumeration,9,9,0.00040470692329099998,0.00039229099638749996,0.00050691608339529994
12,mc_256,9,9,0.0010577498469501001,0.0010242909193037999,0.0012938331346958
12,mc_2048,9,9,0.0023641248699276,0.0023473741021006003,0.0028329170309005997
16,mean_bundle,9,9,0.00021987501531830001,0.0002095839008688,0.0002285419031977
16,mean_plus_variance,9,9,0.00035162502899749998,0.00032733287662259998,0.00042720884084690002
16,branch,9,9,0.0015540837775915,0.00080974982120079998,0.0020326250232754997
16,enumeration,9,9,0.0029027089476584,0.0025000420864669999,0.0034661248791960997
16,mc_256,9,9,0.0013882080093025001,0.001237958902493,0.0014931659679858001
16,mc_2048,9,9,0.0031049579847603004,0.0030747088603673999,0.0036087492480872999
20,mean_bundle,9,9,0.00021666707471010001,0.00021216692402950001,0.0002227500081062
20,mean_plus_variance,9,9,0.00035475008189670001,0.00033579184673710003,0.00045200018212190001
20,branch,9,9,0.0093034589663147007,0.0021254580933598999,0.0095242499373852998
20,enumeration,9,9,0.042789166793227099,0.038490207865834097,0.073476333403959801
20,mc_256,9,9,0.0016236249357460999,0.001380749978125,0.0017420421354472
20,mc_2048,9,9,0.0037661248352378,0.0034892908297477999,0.0043378751724957995
28,mean_bundle,9,9,0.00022191717289379999,0.00021416600793600001,0.000229291152209
28,mean_plus_variance,9,9,0.00038250116631380001,0.0003629990387707,0.00053354096598910001
28,branch,9,9,0.0163980829529463,0.012980249943211499,0.019099998986348402
28,mc_256,9,9,0.0017744591459630998,0.0017653321847319,0.0021505828481167
28,mc_2048,9,9,0.0047041662037371999,0.0046208340208975995,0.0058233740273861993
40,mean_bundle,9,9,0.00022066687233739999,0.0002090418711304,0.00022645806893700001
40,mean_plus_variance,9,9,0.00042095803655669997,0.00040545896627000003,0.00058200093917540005
40,branch,9,9,0.034362042089924105,0.0288234590552746,0.040694541065022204
40,mc_256,9,9,0.0021530420053749002,0.0020337081514298001,0.0024601668119428998
40,mc_2048,9,9,0.0064459589775650999,0.0058811258058993994,0.0071405838243662001
