scope,alpha,method,cells,released,coverage,evidence
enumerated,1/100,generic,324,12,0.037037037037037035,known_law_population
enumerated,1/100,transfer,324,28,0.086419753086419748,known_law_population
enumerated,1/100,c6,324,28,0.086419753086419748,known_law_population
enumerated,1/100,reference_aware,324,28,0.086419753086419748,known_law_population
enumerated,1/100,cantelli,324,90,0.27777777777777779,known_law_population
enumerated,1/100,hybrid,324,90,0.27777777777777779,known_law_population
enumerated,1/100,branch_upper,324,252,0.77777777777777779,known_law_population
enumerated,1/100,mc_256,324,0,0,finite_sample_binomial_bound
enumerated,1/100,mc_2048,324,218,0.6728395061728395,finite_sample_binomial_bound
enumerated,1/100,oracle,324,252,0.77777777777777779,known_law_population
enumerated,1/20,generic,324,72,0.22222222222222221,known_law_population
enumerated,1/20,transfer,324,84,0.25925925925925924,known_law_population
enumerated,1/20,c6,324,96,0.29629629629629628,known_law_population
enumerated,1/20,reference_aware,324,96,0.29629629629629628,known_law_population
enumerated,1/20,cantelli,324,252,0.77777777777777779,known_law_population
enumerated,1/20,hybrid,324,252,0.77777777777777779,known_law_population
enumerated,1/20,branch_upper,324,288,0.88888888888888884,known_law_population
enumerated,1/20,mc_256,324,241,0.74382716049382713,finite_sample_binomial_bound
enumerated,1/20,mc_2048,324,288,0.88888888888888884,finite_sample_binomial_bound
enumerated,1/20,oracle,324,288,0.88888888888888884,known_law_population
enumerated,1/10,generic,324,132,0.40740740740740738,known_law_population
enumerated,1/10,transfer,324,177,0.54629629629629628,known_law_population
enumerated,1/10,c6,324,180,0.55555555555555558,known_law_population
enumerated,1/10,reference_aware,324,192,0.59259259259259256,known_law_population
enumerated,1/10,cantelli,324,288,0.88888888888888884,known_law_population
enumerated,1/10,hybrid,324,288,0.88888888888888884,known_law_population
enumerated,1/10,branch_upper,324,318,0.98148148148148151,known_law_population
enumerated,1/10,mc_256,324,284,0.87654320987654322,finite_sample_binomial_bound
enumerated,1/10,mc_2048,324,298,0.91975308641975306,finite_sample_binomial_bound
enumerated,1/10,oracle,324,324,1,known_law_population
large_not_enumerated,1/100,generic,162,6,0.037037037037037035,known_law_population
large_not_enumerated,1/100,transfer,162,10,0.061728395061728392,known_law_population
large_not_enumerated,1/100,c6,162,10,0.061728395061728392,known_law_population
large_not_enumerated,1/100,reference_aware,162,10,0.061728395061728392,known_law_population
large_not_enumerated,1/100,cantelli,162,60,0.37037037037037035,known_law_population
large_not_enumerated,1/100,hybrid,162,60,0.37037037037037035,known_law_population
large_not_enumerated,1/100,branch_upper,162,99,0.61111111111111116,known_law_population
large_not_enumerated,1/100,mc_256,162,0,0,finite_sample_binomial_bound
large_not_enumerated,1/100,mc_2048,162,110,0.67901234567901236,finite_sample_binomial_bound
large_not_enumerated,1/20,generic,162,36,0.22222222222222221,known_law_population
large_not_enumerated,1/20,transfer,162,42,0.25925925925925924,known_law_population
large_not_enumerated,1/20,c6,162,48,0.29629629629629628,known_law_population
large_not_enumerated,1/20,reference_aware,162,48,0.29629629629629628,known_law_population
large_not_enumerated,1/20,cantelli,162,136,0.83950617283950613,known_law_population
large_not_enumerated,1/20,hybrid,162,136,0.83950617283950613,known_law_population
large_not_enumerated,1/20,branch_upper,162,116,0.71604938271604934,known_law_population
large_not_enumerated,1/20,mc_256,162,122,0.75308641975308643,finite_sample_binomial_bound
large_not_enumerated,1/20,mc_2048,162,144,0.88888888888888884,finite_sample_binomial_bound
large_not_enumerated,1/10,generic,162,66,0.40740740740740738,known_law_population
large_not_enumerated,1/10,transfer,162,85,0.52469135802469136,known_law_population
large_not_enumerated,1/10,c6,162,90,0.55555555555555558,known_law_population
large_not_enumerated,1/10,reference_aware,162,96,0.59259259259259256,known_law_population
large_not_enumerated,1/10,cantelli,162,144,0.88888888888888884,known_law_population
large_not_enumerated,1/10,hybrid,162,144,0.88888888888888884,known_law_population
large_not_enumerated,1/10,branch_upper,162,121,0.74691358024691357,known_law_population
large_not_enumerated,1/10,mc_256,162,141,0.87037037037037035,finite_sample_binomial_bound
large_not_enumerated,1/10,mc_2048,162,147,0.90740740740740744,finite_sample_binomial_bound
