leaves,stage,benchmark,covariance_discrepancy,depth,dimensions,discrepancy_from_quadrature,layout,max_pair_states,method,minimum_covariance_eigenvalue,possible_completions,repeat,seconds,status,targets,reason
4,benchmark,0,0,2,2,0,shared,,quadrature,5.5511151231257827e-17,1,0,0.00068933400325477123,RUN,2,
4,benchmark,0,0,2,2,0,shared,,coefficients,5.5511151231257827e-17,1,0,0.001448916969820857,RUN,2,
4,benchmark,0,0,2,2,0,shared,1,pair_cells,5.5511151231257827e-17,1,0,0.00097266701050102711,RUN,2,
4,benchmark,0,1.5432100042289676e-14,2,2,1.5432100042289676e-14,shared,,mc_1024,-1.6481185264834964e-14,1,0,0.00078925001434981823,RUN,2,
4,benchmark,0,4.5474735088646412e-13,2,2,4.5474735088646412e-13,shared,,mc_16384,-1.0595333507483246e-13,1,0,0.0010918329935520887,RUN,2,
4,benchmark,0,0,2,2,0,shared,,coefficients,5.5511151231257827e-17,1,1,0.001388415927067399,RUN,2,
4,benchmark,0,0,2,2,0,shared,1,pair_cells,5.5511151231257827e-17,1,1,0.0010007920209318399,RUN,2,
4,benchmark,0,1.5432100042289676e-14,2,2,1.5432100042289676e-14,shared,,mc_1024,-1.6481185264834964e-14,1,1,0.0002473748754709959,RUN,2,
4,benchmark,0,4.5474735088646412e-13,2,2,4.5474735088646412e-13,shared,,mc_16384,-1.0595333507483246e-13,1,1,0.0010420000180602074,RUN,2,
4,benchmark,0,0,2,2,0,shared,,quadrature,5.5511151231257827e-17,1,1,0.00064812507480382919,RUN,2,
4,benchmark,0,0,2,2,0,shared,1,pair_cells,5.5511151231257827e-17,1,2,0.0010528750717639923,RUN,2,
4,benchmark,0,1.5432100042289676e-14,2,2,1.5432100042289676e-14,shared,,mc_1024,-1.6481185264834964e-14,1,2,0.00029395916499197483,RUN,2,
4,benchmark,0,4.5474735088646412e-13,2,2,4.5474735088646412e-13,shared,,mc_16384,-1.0595333507483246e-13,1,2,0.0010189581662416458,RUN,2,
4,benchmark,0,0,2,2,0,shared,,quadrature,5.5511151231257827e-17,1,2,0.00062916683964431286,RUN,2,
4,benchmark,0,0,2,2,0,shared,,coefficients,5.5511151231257827e-17,1,2,0.0014269580133259296,RUN,2,
4,benchmark,1,0,4,4,0,shared,,quadrature,0.0061005913657007846,4,0,0.0013780419249087572,RUN,2,
4,benchmark,1,2.0816681711721685e-17,4,4,2.7755575615628914e-17,shared,,coefficients,0.0061005913657007794,4,0,0.0029847500845789909,RUN,2,
4,benchmark,1,2.0816681711721685e-17,4,4,2.7755575615628914e-17,shared,4,pair_cells,0.0061005913657007638,4,0,0.001671541016548872,RUN,2,
4,benchmark,1,0.0011319395995164558,4,4,0.0029581745185027208,shared,,mc_1024,0.006029952387362052,4,0,0.00056316587142646313,RUN,2,
4,benchmark,1,2.445581674329067e-05,4,4,0.00094051010010954422,shared,,mc_16384,0.0061140572685083631,4,0,0.0050056250765919685,RUN,2,
4,benchmark,1,2.0816681711721685e-17,4,4,2.7755575615628914e-17,shared,,coefficients,0.0061005913657007794,4,1,0.0031999158672988415,RUN,2,
4,benchmark,1,2.0816681711721685e-17,4,4,2.7755575615628914e-17,shared,4,pair_cells,0.0061005913657007638,4,1,0.0014833749737590551,RUN,2,
4,benchmark,1,0.0010961059643635196,4,4,0.0037344435321924642,shared,,mc_1024,0.0062147168028577416,4,1,0.00052425009198486805,RUN,2,
4,benchmark,1,0.001027733887532585,4,4,0.0034142631156561295,shared,,mc_16384,0.0061547166778551845,4,1,0.0035582911223173141,RUN,2,
4,benchmark,1,0,4,4,0,shared,,quadrature,0.0061005913657007846,4,1,0.0014380419161170721,RUN,2,
4,benchmark,1,2.0816681711721685e-17,4,4,2.7755575615628914e-17,shared,4,pair_cells,0.0061005913657007638,4,2,0.0015117910224944353,RUN,2,
4,benchmark,1,0.0041481994205458603,4,4,0.0095545771553806891,shared,,mc_1024,0.0063899771719041591,4,2,0.00058279093354940414,RUN,2,
4,benchmark,1,0.00031264415194508233,4,4,0.0029021353136920447,shared,,mc_16384,0.0061084569013535274,4,2,0.0034760420676320791,RUN,2,
4,benchmark,1,0,4,4,0,shared,,quadrature,0.0061005913657007846,4,2,0.0013863330241292715,RUN,2,
4,benchmark,1,2.0816681711721685e-17,4,4,2.7755575615628914e-17,shared,,coefficients,0.0061005913657007794,4,2,0.0029027920681983232,RUN,2,
4,benchmark,2,0,8,8,0,shared,,quadrature,0.0005137173159269309,64,0,0.002794917207211256,RUN,2,
4,benchmark,2,1.7347234759768071e-18,8,8,3.4694469519536142e-18,shared,,coefficients,0.00051371731592693112,64,0,0.0062149579171091318,RUN,2,
4,benchmark,2,6.5052130349130266e-19,8,8,1.7347234759768071e-18,shared,64,pair_cells,0.0005137173159269309,64,0,0.0030033339280635118,RUN,2,
4,benchmark,2,4.4433564993981477e-05,8,8,0.0017093371964174093,shared,,mc_1024,0.00048593016174431589,64,0,0.0010827078949660063,RUN,2,
4,benchmark,2,7.0359036364727942e-05,8,8,0.00032238542672444453,shared,,mc_16384,0.00053951410397271114,64,0,0.0088639170862734318,RUN,2,
4,benchmark,2,1.7347234759768071e-18,8,8,3.4694469519536142e-18,shared,,coefficients,0.00051371731592693112,64,1,0.0060812500305473804,RUN,2,
4,benchmark,2,6.5052130349130266e-19,8,8,1.7347234759768071e-18,shared,64,pair_cells,0.0005137173159269309,64,1,0.0029160419944673777,RUN,2,
4,benchmark,2,0.00014587693128490973,8,8,0.00063157605505866684,shared,,mc_1024,0.00060761865437523855,64,1,0.0010128750000149012,RUN,2,
4,benchmark,2,5.5633735576668289e-05,8,8,0.00032477239011141634,shared,,mc_16384,0.00054402720209868315,64,1,0.0095210000872612,RUN,2,
4,benchmark,2,0,8,8,0,shared,,quadrature,0.0005137173159269309,64,1,0.0028014590498059988,RUN,2,
4,benchmark,2,6.5052130349130266e-19,8,8,1.7347234759768071e-18,shared,64,pair_cells,0.0005137173159269309,64,2,0.0030225410591810942,RUN,2,
4,benchmark,2,0.00022448699185954402,8,8,0.0025987653576204865,shared,,mc_1024,0.00058489993806669751,64,2,0.0010131248272955418,RUN,2,
4,benchmark,2,5.2930795295577518e-05,8,8,0.00029884155741588016,shared,,mc_16384,0.0004830440165382332,64,2,0.0089239589869976044,RUN,2,
4,benchmark,2,0,8,8,0,shared,,quadrature,0.0005137173159269309,64,2,0.0027554158587008715,RUN,2,
4,benchmark,2,1.7347234759768071e-18,8,8,3.4694469519536142e-18,shared,,coefficients,0.00051371731592693112,64,2,0.0062464999500662088,RUN,2,
4,benchmark,3,0,12,12,0,shared,,quadrature,3.2150688717290889e-05,1024,0,0.0044260830618441105,RUN,2,
4,benchmark,3,8.1315162936412833e-20,12,12,2.1684043449710089e-19,shared,,coefficients,3.2150688717290848e-05,1024,0,0.0088379171211272478,RUN,2,
4,benchmark,3,9.4867690092481638e-20,12,12,1.0842021724855044e-18,shared,1024,pair_cells,3.2150688717290875e-05,1024,0,0.021584790898486972,RUN,2,
4,benchmark,3,5.1509911732735836e-05,12,12,0.00036402928396468259,shared,,mc_1024,3.2815142909612289e-05,1024,0,0.0019076250027865171,RUN,2,
4,benchmark,3,2.1669019972813915e-05,12,12,0.0001462346134792473,shared,,mc_16384,2.7959849888495962e-05,1024,0,0.015518541913479567,RUN,2,
4,benchmark,3,8.1315162936412833e-20,12,12,2.1684043449710089e-19,shared,,coefficients,3.2150688717290848e-05,1024,1,0.0094512079376727343,RUN,2,
4,benchmark,3,9.4867690092481638e-20,12,12,1.0842021724855044e-18,shared,1024,pair_cells,3.2150688717290875e-05,1024,1,0.021965040825307369,RUN,2,
4,benchmark,3,5.3051545899452735e-05,12,12,0.00043059038801135374,shared,,mc_1024,4.091848208748601e-05,1024,1,0.0017205001786351204,RUN,2,
4,benchmark,3,1.673207839807643e-05,12,12,8.5745909568979949e-05,shared,,mc_16384,3.1460689867108331e-05,1024,1,0.016566583188250661,RUN,2,
4,benchmark,3,0,12,12,0,shared,,quadrature,3.2150688717290889e-05,1024,1,0.0044009170960634947,RUN,2,
4,benchmark,3,9.4867690092481638e-20,12,12,1.0842021724855044e-18,shared,1024,pair_cells,3.2150688717290875e-05,1024,2,0.03249825001694262,RUN,2,
4,benchmark,3,4.9342017999978349e-05,12,12,0.00025092224743497561,shared,,mc_1024,3.1486238969345976e-05,1024,2,0.0017505830619484186,RUN,2,
4,benchmark,3,1.0464191446390194e-05,12,12,0.0001102570761908582,shared,,mc_16384,2.7901692407244438e-05,1024,2,0.015677874907851219,RUN,2,
4,benchmark,3,0,12,12,0,shared,,quadrature,3.2150688717290889e-05,1024,2,0.0044606658630073071,RUN,2,
4,benchmark,3,8.1315162936412833e-20,12,12,2.1684043449710089e-19,shared,,coefficients,3.2150688717290848e-05,1024,2,0.0089905830100178719,RUN,2,
4,benchmark,4,0,16,16,0,shared,,quadrature,3.0183150473361031e-07,16384,0,0.0058411669451743364,RUN,2,
4,benchmark,4,7.6232965252887031e-21,16,16,5.4210108624275222e-20,shared,,coefficients,3.018315047336101e-07,16384,0,0.012428833171725273,RUN,2,
4,benchmark,4,8.3856261778175734e-20,16,16,3.0357660829594124e-18,shared,16384,pair_cells,3.0183150473361084e-07,16384,0,0.38038729201070964,RUN,2,
4,benchmark,4,4.6324305885801849e-06,16,16,7.8659383704569332e-06,shared,,mc_1024,2.879598259717269e-08,16384,0,0.0025076249148696661,RUN,2,
4,benchmark,4,2.0870965155850525e-06,16,16,1.8813921082526722e-05,shared,,mc_16384,4.8685368124137671e-07,16384,0,0.021782957948744297,RUN,2,
4,benchmark,4,7.6232965252887031e-21,16,16,5.4210108624275222e-20,shared,,coefficients,3.018315047336101e-07,16384,1,0.012332082958891988,RUN,2,
4,benchmark,4,8.3856261778175734e-20,16,16,3.0357660829594124e-18,shared,16384,pair_cells,3.0183150473361084e-07,16384,1,0.38260979205369949,RUN,2,
4,benchmark,4,1.0403933175623121e-05,16,16,8.538121031121987e-05,shared,,mc_1024,3.1051777785440825e-08,16384,1,0.0021597498562186956,RUN,2,
4,benchmark,4,3.2973628393866421e-06,16,16,2.9105750992719943e-05,shared,,mc_16384,1.8262656117854815e-07,16384,1,0.021406000014394522,RUN,2,
4,benchmark,4,0,16,16,0,shared,,quadrature,3.0183150473361031e-07,16384,1,0.0056953339371830225,RUN,2,
4,benchmark,4,8.3856261778175734e-20,16,16,3.0357660829594124e-18,shared,16384,pair_cells,3.0183150473361084e-07,16384,2,0.38034250005148351,RUN,2,
4,benchmark,4,5.1168779387681889e-06,16,16,5.9495677495885902e-05,shared,,mc_1024,7.3879581650143026e-07,16384,2,0.0028384581673890352,RUN,2,
4,benchmark,4,9.9899008304151373e-07,16,16,1.9611799949723296e-05,shared,,mc_16384,6.2602519166775072e-07,16384,2,0.020674790954217315,RUN,2,
4,benchmark,4,0,16,16,0,shared,,quadrature,3.0183150473361031e-07,16384,2,0.0058811670169234276,RUN,2,
4,benchmark,4,7.6232965252887031e-21,16,16,5.4210108624275222e-20,shared,,coefficients,3.018315047336101e-07,16384,2,0.0123607087880373,RUN,2,
4,benchmark,5,0,24,24,0,shared,,quadrature,0,4194304,0,0.0092528332024812698,RUN,2,
4,benchmark,5,1.3234889800848443e-23,24,24,2.1175823681357508e-22,shared,,coefficients,0,4194304,0,0.019022916909307241,RUN,2,
4,benchmark,5,,24,24,,shared,,pair_cells,,4194304,0,6.9916015490889549e-05,NOT_RUN_CAP,2,Threshold cells 4194304 exceed declared cap 65536
4,benchmark,5,3.4600475568957936e-09,24,24,3.4600475568957936e-09,shared,,mc_1024,0,4194304,0,0.0032754589337855577,RUN,2,
4,benchmark,5,3.1167329517900246e-09,24,24,3.1167329517900246e-09,shared,,mc_16384,0,4194304,0,0.043174167163670063,RUN,2,
4,benchmark,5,1.3234889800848443e-23,24,24,2.1175823681357508e-22,shared,,coefficients,0,4194304,1,0.018879957962781191,RUN,2,
4,benchmark,5,,24,24,,shared,,pair_cells,,4194304,1,7.3624774813652039e-05,NOT_RUN_CAP,2,Threshold cells 4194304 exceed declared cap 65536
4,benchmark,5,2.1405336465197188e-09,24,24,1.0566194992324909e-06,shared,,mc_1024,0,4194304,1,0.0040827500633895397,RUN,2,
4,benchmark,5,3.3932045701766979e-09,24,24,4.2383057016790163e-08,shared,,mc_16384,0,4194304,1,0.041563000064343214,RUN,2,
4,benchmark,5,0,24,24,0,shared,,quadrature,0,4194304,1,0.0095746670849621296,RUN,2,
4,benchmark,5,,24,24,,shared,,pair_cells,,4194304,2,8.5208099335432053e-05,NOT_RUN_CAP,2,Threshold cells 4194304 exceed declared cap 65536
4,benchmark,5,3.4994959457856762e-09,24,24,2.2295293939868394e-07,shared,,mc_1024,0,4194304,2,0.0034671670291572809,RUN,2,
4,benchmark,5,4.1756661290057217e-08,24,24,1.7363059297254734e-06,shared,,mc_16384,0,4194304,2,0.04194220807403326,RUN,2,
4,benchmark,5,0,24,24,0,shared,,quadrature,0,4194304,2,0.0093442911747843027,RUN,2,
4,benchmark,5,1.3234889800848443e-23,24,24,2.1175823681357508e-22,shared,,coefficients,0,4194304,2,0.01844554184935987,RUN,2,
16,benchmark,6,0,4,34,0,disjoint_hidden,,quadrature,0.008883972638493786,4294967296,0,0.016855333000421524,RUN,2,
16,benchmark,6,4.163336342344337e-17,4,34,1.1102230246251565e-16,disjoint_hidden,,coefficients,0.008883972638493734,4294967296,0,0.055419667158275843,RUN,2,
16,benchmark,6,1.9428902930940239e-16,4,34,1.9428902930940239e-16,disjoint_hidden,16,pair_cells,0.008883972638493904,4294967296,0,0.027772375149652362,RUN,2,
16,benchmark,6,0.0029262515286546109,4,34,0.011672088471588404,disjoint_hidden,,mc_1024,0.0087637147030130147,4294967296,0,0.0024348748847842216,RUN,2,
16,benchmark,6,0.00045868782667142505,4,34,0.0033134400995979418,disjoint_hidden,,mc_16384,0.0087821825492527174,4294967296,0,0.017945666098967195,RUN,2,
16,benchmark,6,4.163336342344337e-17,4,34,1.1102230246251565e-16,disjoint_hidden,,coefficients,0.008883972638493734,4294967296,1,0.055350458947941661,RUN,2,
16,benchmark,6,1.9428902930940239e-16,4,34,1.9428902930940239e-16,disjoint_hidden,16,pair_cells,0.008883972638493904,4294967296,1,0.028042040998116136,RUN,2,
16,benchmark,6,0.0031826987350804248,4,34,0.0058398339314609804,disjoint_hidden,,mc_1024,0.008687482357977231,4294967296,1,0.0023190421052277088,RUN,2,
16,benchmark,6,0.00041590527369744085,4,34,0.0010488867640780532,disjoint_hidden,,mc_16384,0.0087974816423355955,4294967296,1,0.017233457881957293,RUN,2,
16,benchmark,6,0,4,34,0,disjoint_hidden,,quadrature,0.008883972638493786,4294967296,1,0.017143334029242396,RUN,2,
16,benchmark,6,1.9428902930940239e-16,4,34,1.9428902930940239e-16,disjoint_hidden,16,pair_cells,0.008883972638493904,4294967296,2,0.026976749999448657,RUN,2,
16,benchmark,6,0.002412321056089739,4,34,0.0055129600933271914,disjoint_hidden,,mc_1024,0.0088146682757688135,4294967296,2,0.0023443750105798244,RUN,2,
16,benchmark,6,0.00052521850175665102,4,34,0.0011105603347679183,disjoint_hidden,,mc_16384,0.0088377673566424342,4294967296,2,0.018681291956454515,RUN,2,
16,benchmark,6,0,4,34,0,disjoint_hidden,,quadrature,0.008883972638493786,4294967296,2,0.016928625060245395,RUN,2,
16,benchmark,6,4.163336342344337e-17,4,34,1.1102230246251565e-16,disjoint_hidden,,coefficients,0.008883972638493734,4294967296,2,0.055279958993196487,RUN,2,
16,benchmark,7,0,6,66,0,disjoint_hidden,,quadrature,0.0031018848578360739,18446744073709551616,0,0.024978790897876024,RUN,2,
16,benchmark,7,2.7755575615628914e-17,6,66,5.5511151231257827e-17,disjoint_hidden,,coefficients,0.0031018848578360414,18446744073709551616,0,0.087620917009189725,RUN,2,
16,benchmark,7,4.8572257327350599e-17,6,66,5.5511151231257827e-17,disjoint_hidden,256,pair_cells,0.0031018848578360228,18446744073709551616,0,0.1366351661272347,RUN,2,
16,benchmark,7,0.0016910088422907137,6,66,0.0024750896377752074,disjoint_hidden,,mc_1024,0.0031414627684128752,18446744073709551616,0,0.0035554578062146902,RUN,2,
16,benchmark,7,0.00041033391071975192,6,66,0.00041033391071975192,disjoint_hidden,,mc_16384,0.0031792524264036923,18446744073709551616,0,0.032738750101998448,RUN,2,
16,benchmark,7,2.7755575615628914e-17,6,66,5.5511151231257827e-17,disjoint_hidden,,coefficients,0.0031018848578360414,18446744073709551616,1,0.089100375073030591,RUN,2,
16,benchmark,7,4.8572257327350599e-17,6,66,5.5511151231257827e-17,disjoint_hidden,256,pair_cells,0.0031018848578360228,18446744073709551616,1,0.13620616705156863,RUN,2,
16,benchmark,7,0.00089312538074139483,6,66,0.0042438535191585969,disjoint_hidden,,mc_1024,0.0034049887324845117,18446744073709551616,1,0.003501000115647912,RUN,2,
16,benchmark,7,0.00024420178444803375,6,66,0.0018293599131426752,disjoint_hidden,,mc_16384,0.0031456105787807695,18446744073709551616,1,0.034763542003929615,RUN,2,
16,benchmark,7,0,6,66,0,disjoint_hidden,,quadrature,0.0031018848578360739,18446744073709551616,1,0.025714665884152055,RUN,2,
16,benchmark,7,4.8572257327350599e-17,6,66,5.5511151231257827e-17,disjoint_hidden,256,pair_cells,0.0031018848578360228,18446744073709551616,2,0.13876500003971159,RUN,2,
16,benchmark,7,0.0011678377021368709,6,66,0.0036469508582508414,disjoint_hidden,,mc_1024,0.0031826182712486458,18446744073709551616,2,0.0036420419346541166,RUN,2,
16,benchmark,7,0.00031776700945852776,6,66,0.0012793771017020061,disjoint_hidden,,mc_16384,0.0030474349094898744,18446744073709551616,2,0.033004041993990541,RUN,2,
16,benchmark,7,0,6,66,0,disjoint_hidden,,quadrature,0.0031018848578360739,18446744073709551616,2,0.024420334026217461,RUN,2,
16,benchmark,7,2.7755575615628914e-17,6,66,5.5511151231257827e-17,disjoint_hidden,,coefficients,0.0031018848578360414,18446744073709551616,2,0.087583041982725263,RUN,2,
