case,coefficient_error,leaves,pair_cell_error,quadrature_error,stage
0,4.4408920985006262e-16,11,4.4408920985006262e-16,4.4408920985006262e-16,correctness
1,1.7763568394002505e-15,9,1.3322676295501878e-15,1.3322676295501878e-15,correctness
2,1.0408340855860843e-16,10,1.6653345369377348e-16,1.6653345369377348e-16,correctness
3,6.6613381477509392e-16,8,2.2204460492503131e-16,6.6613381477509392e-16,correctness
4,4.4408920985006262e-16,10,8.8817841970012523e-16,4.4408920985006262e-16,correctness
5,1.6653345369377348e-16,11,1.6653345369377348e-16,2.2204460492503131e-16,correctness
6,1.1102230246251565e-16,7,1.6653345369377348e-16,1.6653345369377348e-16,correctness
7,4.4408920985006262e-16,8,4.4408920985006262e-16,4.4408920985006262e-16,correctness
8,3.3306690738754696e-16,10,3.8857805861880479e-16,2.7755575615628914e-16,correctness
9,1.8041124150158794e-16,9,2.2204460492503131e-16,1.3877787807814457e-16,correctness
10,2.2204460492503131e-15,7,8.8817841970012523e-16,2.2204460492503131e-15,correctness
11,1.9428902930940239e-16,9,5.5511151231257827e-17,1.9428902930940239e-16,correctness
12,2.2204460492503131e-16,11,1.1102230246251565e-16,2.2204460492503131e-16,correctness
13,2.2204460492503131e-15,9,1.7763568394002505e-15,1.7763568394002505e-15,correctness
14,1.6653345369377348e-16,9,1.6653345369377348e-16,1.1102230246251565e-16,correctness
15,1.3877787807814457e-16,9,3.3306690738754696e-16,2.2204460492503131e-16,correctness
16,4.4408920985006262e-16,9,1.3877787807814457e-16,4.4408920985006262e-16,correctness
17,1.1102230246251565e-16,6,1.6653345369377348e-16,1.1102230246251565e-16,correctness
18,8.8817841970012523e-16,10,1.7763568394002505e-15,4.4408920985006262e-16,correctness
19,9.9920072216264089e-16,7,6.6613381477509392e-16,9.9920072216264089e-16,correctness
20,2.0816681711721685e-16,8,1.6653345369377348e-16,1.5265566588595902e-16,correctness
21,2.7755575615628914e-16,9,3.3306690738754696e-16,2.7755575615628914e-16,correctness
22,2.2204460492503131e-16,9,2.2204460492503131e-16,2.2204460492503131e-16,correctness
23,2.2204460492503131e-16,11,2.2204460492503131e-16,4.4408920985006262e-16,correctness
24,1.3877787807814457e-16,7,1.3877787807814457e-16,1.9428902930940239e-16,correctness
25,3.3306690738754696e-16,7,5.5511151231257827e-17,3.8857805861880479e-16,correctness
26,1.1102230246251565e-15,8,1.5543122344752192e-15,1.1102230246251565e-15,correctness
27,4.4408920985006262e-16,9,4.4408920985006262e-16,4.4408920985006262e-16,correctness
28,8.3266726846886741e-17,10,9.7144514654701197e-17,9.7144514654701197e-17,correctness
29,1.1102230246251565e-16,7,2.2204460492503131e-16,8.3266726846886741e-17,correctness
30,8.8817841970012523e-16,6,1.3322676295501878e-15,8.8817841970012523e-16,correctness
31,2.2204460492503131e-16,7,2.2204460492503131e-16,2.2204460492503131e-16,correctness
32,8.8817841970012523e-16,9,1.3322676295501878e-15,4.4408920985006262e-16,correctness
33,6.6613381477509392e-16,10,3.3306690738754696e-16,6.6613381477509392e-16,correctness
34,2.2204460492503131e-16,9,3.3306690738754696e-16,2.9143354396410359e-16,correctness
35,2.2204460492503131e-16,11,2.2204460492503131e-16,3.3306690738754696e-16,correctness
36,2.3592239273284576e-16,10,2.2204460492503131e-16,2.2204460492503131e-16,correctness
37,8.8817841970012523e-16,4,8.8817841970012523e-16,8.8817841970012523e-16,correctness
38,1.6653345369377348e-16,7,2.2204460492503131e-16,5.8980598183211441e-17,correctness
39,2.7755575615628914e-16,8,1.1102230246251565e-16,2.2204460492503131e-16,correctness
40,1.1102230246251565e-15,11,1.1102230246251565e-15,8.8817841970012523e-16,correctness
41,1.3322676295501878e-15,10,3.3306690738754696e-16,1.7763568394002505e-15,correctness
42,1.1102230246251565e-16,9,2.2204460492503131e-16,1.1102230246251565e-16,correctness
43,6.6613381477509392e-16,9,7.7715611723760958e-16,6.6613381477509392e-16,correctness
44,2.4980018054066022e-16,10,1.1102230246251565e-16,2.4980018054066022e-16,correctness
45,8.3266726846886741e-17,10,1.9428902930940239e-16,8.3266726846886741e-17,correctness
46,3.3306690738754696e-16,10,2.7755575615628914e-16,5.5511151231257827e-16,correctness
47,3.8857805861880479e-16,9,3.3306690738754696e-16,3.8857805861880479e-16,correctness
48,2.2204460492503131e-16,7,4.4408920985006262e-16,2.2204460492503131e-16,correctness
49,1.1882855810441129e-16,8,3.3306690738754696e-16,1.1882855810441129e-16,correctness
50,5.5511151231257827e-17,9,9.7144514654701197e-17,5.5511151231257827e-17,correctness
51,4.4408920985006262e-16,9,5.5511151231257827e-16,5.5511151231257827e-16,correctness
52,1.1102230246251565e-16,10,1.6653345369377348e-16,1.1102230246251565e-16,correctness
53,6.6613381477509392e-16,6,6.6613381477509392e-16,6.6613381477509392e-16,correctness
54,3.8857805861880479e-16,8,3.8857805861880479e-16,3.8857805861880479e-16,correctness
55,1.3322676295501878e-15,9,8.8817841970012523e-16,8.8817841970012523e-16,correctness
56,6.6613381477509392e-16,8,4.4408920985006262e-16,6.6613381477509392e-16,correctness
57,4.4408920985006262e-16,9,3.3306690738754696e-16,4.4408920985006262e-16,correctness
58,2.7755575615628914e-16,11,3.3306690738754696e-16,3.3306690738754696e-16,correctness
59,2.2204460492503131e-16,9,2.2204460492503131e-16,2.2204460492503131e-16,correctness
60,4.4408920985006262e-16,8,4.4408920985006262e-16,8.8817841970012523e-16,correctness
61,2.1510571102112408e-16,10,1.5092094240998222e-16,1.3704315460216776e-16,correctness
62,2.2204460492503131e-16,11,1.6653345369377348e-16,2.2204460492503131e-16,correctness
63,1.3877787807814457e-16,8,1.6653345369377348e-16,1.3877787807814457e-16,correctness
64,4.4408920985006262e-16,10,2.2204460492503131e-16,2.2204460492503131e-16,correctness
65,1.1102230246251565e-16,10,8.3266726846886741e-17,1.1102230246251565e-16,correctness
66,6.6613381477509392e-16,8,3.3306690738754696e-16,4.4408920985006262e-16,correctness
67,2.7755575615628914e-16,9,1.1102230246251565e-16,2.7755575615628914e-16,correctness
68,6.6613381477509392e-16,10,3.3306690738754696e-16,6.6613381477509392e-16,correctness
69,1.6653345369377348e-16,10,1.6653345369377348e-16,1.6653345369377348e-16,correctness
70,7.7715611723760958e-16,9,4.4408920985006262e-16,7.7715611723760958e-16,correctness
71,3.3306690738754696e-16,7,2.2204460492503131e-16,4.9960036108132044e-16,correctness
72,3.8857805861880479e-16,9,1.3322676295501878e-15,3.8857805861880479e-16,correctness
73,2.2204460492503131e-16,12,1.6653345369377348e-16,1.1102230246251565e-16,correctness
74,4.4408920985006262e-16,10,2.2204460492503131e-16,4.4408920985006262e-16,correctness
75,6.6613381477509392e-16,8,2.2204460492503131e-16,6.6613381477509392e-16,correctness
76,1.1796119636642288e-16,7,1.3877787807814457e-16,1.1796119636642288e-16,correctness
77,2.7755575615628914e-16,11,2.7755575615628914e-16,3.3306690738754696e-16,correctness
78,6.6613381477509392e-16,9,6.6613381477509392e-16,6.6613381477509392e-16,correctness
79,1.6653345369377348e-16,10,2.2204460492503131e-16,2.2204460492503131e-16,correctness
80,3.0531133177191805e-16,7,1.1102230246251565e-16,3.0531133177191805e-16,correctness
81,6.6613381477509392e-16,8,2.2204460492503131e-16,6.6613381477509392e-16,correctness
82,1.6653345369377348e-16,11,1.1102230246251565e-16,1.6653345369377348e-16,correctness
83,3.3306690738754696e-16,9,3.3306690738754696e-16,2.2204460492503131e-16,correctness
84,1.6653345369377348e-16,10,1.6653345369377348e-16,2.2204460492503131e-16,correctness
85,4.4408920985006262e-16,8,1.1102230246251565e-15,4.4408920985006262e-16,correctness
86,3.0531133177191805e-16,8,2.2204460492503131e-16,3.0531133177191805e-16,correctness
87,8.8817841970012523e-16,8,2.2204460492503131e-16,8.8817841970012523e-16,correctness
88,1.6653345369377348e-16,10,1.6653345369377348e-16,1.6653345369377348e-16,correctness
89,1.3877787807814457e-16,10,1.6653345369377348e-16,2.2204460492503131e-16,correctness
90,1.3877787807814457e-16,8,1.9428902930940239e-16,1.6653345369377348e-16,correctness
91,4.9960036108132044e-16,8,4.9960036108132044e-16,7.7715611723760958e-16,correctness
92,6.2172489379008766e-15,9,4.4408920985006262e-15,6.2172489379008766e-15,correctness
93,2.2204460492503131e-16,8,1.6653345369377348e-16,2.7755575615628914e-16,correctness
94,2.2204460492503131e-16,11,2.2204460492503131e-16,2.2204460492503131e-16,correctness
95,1.6653345369377348e-16,9,1.1102230246251565e-16,1.1102230246251565e-16,correctness
96,7.7715611723760958e-16,8,4.4408920985006262e-16,5.5511151231257827e-16,correctness
97,6.2172489379008766e-15,9,4.4408920985006262e-15,4.4408920985006262e-15,correctness
98,3.3306690738754696e-16,7,1.1102230246251565e-16,3.3306690738754696e-16,correctness
99,5.2041704279304213e-17,9,5.5511151231257827e-17,4.163336342344337e-17,correctness
