brute_count,cardinality,exact_match,exact_second_difference,kind,n,oracle_queries,recovered_count,repeat,target,weights
1,0,True,3/8,zero,2,3,1,0,0,"[8, 15]"
0,1,True,0,zero,2,3,0,0,0,"[8, 15]"
0,2,True,0,zero,2,3,0,0,0,"[8, 15]"
0,0,True,0,half_total,2,3,0,0,11,"[8, 15]"
0,1,True,0,half_total,2,3,0,0,11,"[8, 15]"
0,2,True,0,half_total,2,3,0,0,11,"[8, 15]"
0,0,True,0,above_total,2,3,0,0,24,"[8, 15]"
0,1,True,0,above_total,2,3,0,0,24,"[8, 15]"
0,2,True,0,above_total,2,3,0,0,24,"[8, 15]"
1,0,True,3/8,zero,2,3,1,1,0,"[6, 1]"
0,1,True,0,zero,2,3,0,1,0,"[6, 1]"
0,2,True,0,zero,2,3,0,1,0,"[6, 1]"
0,0,True,0,half_total,2,3,0,1,3,"[6, 1]"
0,1,True,0,half_total,2,3,0,1,3,"[6, 1]"
0,2,True,0,half_total,2,3,0,1,3,"[6, 1]"
0,0,True,0,above_total,2,3,0,1,8,"[6, 1]"
0,1,True,0,above_total,2,3,0,1,8,"[6, 1]"
0,2,True,0,above_total,2,3,0,1,8,"[6, 1]"
1,0,True,5/16,zero,3,3,1,0,0,"[8, 4, 20]"
0,1,True,0,zero,3,3,0,0,0,"[8, 4, 20]"
0,2,True,0,zero,3,3,0,0,0,"[8, 4, 20]"
0,3,True,0,zero,3,3,0,0,0,"[8, 4, 20]"
0,0,True,0,half_total,3,3,0,0,16,"[8, 4, 20]"
0,1,True,0,half_total,3,3,0,0,16,"[8, 4, 20]"
0,2,True,0,half_total,3,3,0,0,16,"[8, 4, 20]"
0,3,True,0,half_total,3,3,0,0,16,"[8, 4, 20]"
0,0,True,0,above_total,3,3,0,0,33,"[8, 4, 20]"
0,1,True,0,above_total,3,3,0,0,33,"[8, 4, 20]"
0,2,True,0,above_total,3,3,0,0,33,"[8, 4, 20]"
0,3,True,0,above_total,3,3,0,0,33,"[8, 4, 20]"
1,0,True,5/16,zero,3,3,1,1,0,"[6, 9, 11]"
0,1,True,0,zero,3,3,0,1,0,"[6, 9, 11]"
0,2,True,0,zero,3,3,0,1,0,"[6, 9, 11]"
0,3,True,0,zero,3,3,0,1,0,"[6, 9, 11]"
0,0,True,0,half_total,3,3,0,1,13,"[6, 9, 11]"
0,1,True,0,half_total,3,3,0,1,13,"[6, 9, 11]"
0,2,True,0,half_total,3,3,0,1,13,"[6, 9, 11]"
0,3,True,0,half_total,3,3,0,1,13,"[6, 9, 11]"
0,0,True,0,above_total,3,3,0,1,27,"[6, 9, 11]"
0,1,True,0,above_total,3,3,0,1,27,"[6, 9, 11]"
0,2,True,0,above_total,3,3,0,1,27,"[6, 9, 11]"
0,3,True,0,above_total,3,3,0,1,27,"[6, 9, 11]"
1,0,True,13/48,zero,4,3,1,0,0,"[9, 7, 11, 16]"
0,1,True,0,zero,4,3,0,0,0,"[9, 7, 11, 16]"
0,2,True,0,zero,4,3,0,0,0,"[9, 7, 11, 16]"
0,3,True,0,zero,4,3,0,0,0,"[9, 7, 11, 16]"
0,4,True,0,zero,4,3,0,0,0,"[9, 7, 11, 16]"
0,0,True,0,half_total,4,3,0,0,21,"[9, 7, 11, 16]"
0,1,True,0,half_total,4,3,0,0,21,"[9, 7, 11, 16]"
0,2,True,0,half_total,4,3,0,0,21,"[9, 7, 11, 16]"
0,3,True,0,half_total,4,3,0,0,21,"[9, 7, 11, 16]"
0,4,True,0,half_total,4,3,0,0,21,"[9, 7, 11, 16]"
0,0,True,0,above_total,4,3,0,0,44,"[9, 7, 11, 16]"
0,1,True,0,above_total,4,3,0,0,44,"[9, 7, 11, 16]"
0,2,True,0,above_total,4,3,0,0,44,"[9, 7, 11, 16]"
0,3,True,0,above_total,4,3,0,0,44,"[9, 7, 11, 16]"
0,4,True,0,above_total,4,3,0,0,44,"[9, 7, 11, 16]"
1,0,True,13/48,zero,4,3,1,1,0,"[18, 17, 17, 16]"
0,1,True,0,zero,4,3,0,1,0,"[18, 17, 17, 16]"
0,2,True,0,zero,4,3,0,1,0,"[18, 17, 17, 16]"
0,3,True,0,zero,4,3,0,1,0,"[18, 17, 17, 16]"
0,4,True,0,zero,4,3,0,1,0,"[18, 17, 17, 16]"
0,0,True,0,half_total,4,3,0,1,34,"[18, 17, 17, 16]"
0,1,True,0,half_total,4,3,0,1,34,"[18, 17, 17, 16]"
2,2,True,1/24,half_total,4,3,2,1,34,"[18, 17, 17, 16]"
0,3,True,0,half_total,4,3,0,1,34,"[18, 17, 17, 16]"
0,4,True,0,half_total,4,3,0,1,34,"[18, 17, 17, 16]"
0,0,True,0,above_total,4,3,0,1,69,"[18, 17, 17, 16]"
0,1,True,0,above_total,4,3,0,1,69,"[18, 17, 17, 16]"
0,2,True,0,above_total,4,3,0,1,69,"[18, 17, 17, 16]"
0,3,True,0,above_total,4,3,0,1,69,"[18, 17, 17, 16]"
0,4,True,0,above_total,4,3,0,1,69,"[18, 17, 17, 16]"
1,0,True,23/96,zero,5,3,1,0,0,"[6, 11, 3, 10, 19]"
0,1,True,0,zero,5,3,0,0,0,"[6, 11, 3, 10, 19]"
0,2,True,0,zero,5,3,0,0,0,"[6, 11, 3, 10, 19]"
0,3,True,0,zero,5,3,0,0,0,"[6, 11, 3, 10, 19]"
0,4,True,0,zero,5,3,0,0,0,"[6, 11, 3, 10, 19]"
0,5,True,0,zero,5,3,0,0,0,"[6, 11, 3, 10, 19]"
0,0,True,0,half_total,5,3,0,0,24,"[6, 11, 3, 10, 19]"
0,1,True,0,half_total,5,3,0,0,24,"[6, 11, 3, 10, 19]"
0,2,True,0,half_total,5,3,0,0,24,"[6, 11, 3, 10, 19]"
1,3,True,1/96,half_total,5,3,1,0,24,"[6, 11, 3, 10, 19]"
0,4,True,0,half_total,5,3,0,0,24,"[6, 11, 3, 10, 19]"
0,5,True,0,half_total,5,3,0,0,24,"[6, 11, 3, 10, 19]"
0,0,True,0,above_total,5,3,0,0,50,"[6, 11, 3, 10, 19]"
0,1,True,0,above_total,5,3,0,0,50,"[6, 11, 3, 10, 19]"
0,2,True,0,above_total,5,3,0,0,50,"[6, 11, 3, 10, 19]"
0,3,True,0,above_total,5,3,0,0,50,"[6, 11, 3, 10, 19]"
0,4,True,0,above_total,5,3,0,0,50,"[6, 11, 3, 10, 19]"
0,5,True,0,above_total,5,3,0,0,50,"[6, 11, 3, 10, 19]"
1,0,True,23/96,zero,5,3,1,1,0,"[4, 3, 16, 9, 18]"
0,1,True,0,zero,5,3,0,1,0,"[4, 3, 16, 9, 18]"
0,2,True,0,zero,5,3,0,1,0,"[4, 3, 16, 9, 18]"
0,3,True,0,zero,5,3,0,1,0,"[4, 3, 16, 9, 18]"
0,4,True,0,zero,5,3,0,1,0,"[4, 3, 16, 9, 18]"
0,5,True,0,zero,5,3,0,1,0,"[4, 3, 16, 9, 18]"
0,0,True,0,half_total,5,3,0,1,25,"[4, 3, 16, 9, 18]"
0,1,True,0,half_total,5,3,0,1,25,"[4, 3, 16, 9, 18]"
1,2,True,1/96,half_total,5,3,1,1,25,"[4, 3, 16, 9, 18]"
1,3,True,1/96,half_total,5,3,1,1,25,"[4, 3, 16, 9, 18]"
0,4,True,0,half_total,5,3,0,1,25,"[4, 3, 16, 9, 18]"
0,5,True,0,half_total,5,3,0,1,25,"[4, 3, 16, 9, 18]"
0,0,True,0,above_total,5,3,0,1,51,"[4, 3, 16, 9, 18]"
0,1,True,0,above_total,5,3,0,1,51,"[4, 3, 16, 9, 18]"
0,2,True,0,above_total,5,3,0,1,51,"[4, 3, 16, 9, 18]"
0,3,True,0,above_total,5,3,0,1,51,"[4, 3, 16, 9, 18]"
0,4,True,0,above_total,5,3,0,1,51,"[4, 3, 16, 9, 18]"
0,5,True,0,above_total,5,3,0,1,51,"[4, 3, 16, 9, 18]"
1,0,True,55/256,zero,6,3,1,0,0,"[7, 17, 9, 16, 20, 13]"
0,1,True,0,zero,6,3,0,0,0,"[7, 17, 9, 16, 20, 13]"
0,2,True,0,zero,6,3,0,0,0,"[7, 17, 9, 16, 20, 13]"
0,3,True,0,zero,6,3,0,0,0,"[7, 17, 9, 16, 20, 13]"
0,4,True,0,zero,6,3,0,0,0,"[7, 17, 9, 16, 20, 13]"
0,5,True,0,zero,6,3,0,0,0,"[7, 17, 9, 16, 20, 13]"
0,6,True,0,zero,6,3,0,0,0,"[7, 17, 9, 16, 20, 13]"
0,0,True,0,half_total,6,3,0,0,41,"[7, 17, 9, 16, 20, 13]"
0,1,True,0,half_total,6,3,0,0,41,"[7, 17, 9, 16, 20, 13]"
0,2,True,0,half_total,6,3,0,0,41,"[7, 17, 9, 16, 20, 13]"
0,3,True,0,half_total,6,3,0,0,41,"[7, 17, 9, 16, 20, 13]"
0,4,True,0,half_total,6,3,0,0,41,"[7, 17, 9, 16, 20, 13]"
0,5,True,0,half_total,6,3,0,0,41,"[7, 17, 9, 16, 20, 13]"
0,6,True,0,half_total,6,3,0,0,41,"[7, 17, 9, 16, 20, 13]"
0,0,True,0,above_total,6,3,0,0,83,"[7, 17, 9, 16, 20, 13]"
0,1,True,0,above_total,6,3,0,0,83,"[7, 17, 9, 16, 20, 13]"
0,2,True,0,above_total,6,3,0,0,83,"[7, 17, 9, 16, 20, 13]"
0,3,True,0,above_total,6,3,0,0,83,"[7, 17, 9, 16, 20, 13]"
0,4,True,0,above_total,6,3,0,0,83,"[7, 17, 9, 16, 20, 13]"
0,5,True,0,above_total,6,3,0,0,83,"[7, 17, 9, 16, 20, 13]"
0,6,True,0,above_total,6,3,0,0,83,"[7, 17, 9, 16, 20, 13]"
1,0,True,55/256,zero,6,3,1,1,0,"[14, 4, 4, 16, 17, 15]"
0,1,True,0,zero,6,3,0,1,0,"[14, 4, 4, 16, 17, 15]"
0,2,True,0,zero,6,3,0,1,0,"[14, 4, 4, 16, 17, 15]"
0,3,True,0,zero,6,3,0,1,0,"[14, 4, 4, 16, 17, 15]"
0,4,True,0,zero,6,3,0,1,0,"[14, 4, 4, 16, 17, 15]"
0,5,True,0,zero,6,3,0,1,0,"[14, 4, 4, 16, 17, 15]"
0,6,True,0,zero,6,3,0,1,0,"[14, 4, 4, 16, 17, 15]"
0,0,True,0,half_total,6,3,0,1,35,"[14, 4, 4, 16, 17, 15]"
0,1,True,0,half_total,6,3,0,1,35,"[14, 4, 4, 16, 17, 15]"
0,2,True,0,half_total,6,3,0,1,35,"[14, 4, 4, 16, 17, 15]"
4,3,True,1/64,half_total,6,3,4,1,35,"[14, 4, 4, 16, 17, 15]"
0,4,True,0,half_total,6,3,0,1,35,"[14, 4, 4, 16, 17, 15]"
0,5,True,0,half_total,6,3,0,1,35,"[14, 4, 4, 16, 17, 15]"
0,6,True,0,half_total,6,3,0,1,35,"[14, 4, 4, 16, 17, 15]"
0,0,True,0,above_total,6,3,0,1,71,"[14, 4, 4, 16, 17, 15]"
0,1,True,0,above_total,6,3,0,1,71,"[14, 4, 4, 16, 17, 15]"
0,2,True,0,above_total,6,3,0,1,71,"[14, 4, 4, 16, 17, 15]"
0,3,True,0,above_total,6,3,0,1,71,"[14, 4, 4, 16, 17, 15]"
0,4,True,0,above_total,6,3,0,1,71,"[14, 4, 4, 16, 17, 15]"
0,5,True,0,above_total,6,3,0,1,71,"[14, 4, 4, 16, 17, 15]"
0,6,True,0,above_total,6,3,0,1,71,"[14, 4, 4, 16, 17, 15]"
