constant,direction,exact_coefficient_check,exact_width,lp_error,lp_iterations,lp_maximum,observed,p,stage,width
0,coordinate_0,True,9/20,0,0,0.45000000000000001,1,1/10,directional,0.45000000000000001
0,sum,True,9/20,0,0,0.45000000000000001,1,1/10,directional,0.45000000000000001
0.5,coordinate_0,True,9/20,0,0,0.45000000000000001,1,1/10,directional,0.45000000000000001
0.5,sum,True,9/20,0,0,0.45000000000000001,1,1/10,directional,0.45000000000000001
1,coordinate_0,True,9/20,0,0,0.45000000000000001,1,1/10,directional,0.45000000000000001
1,sum,True,9/20,0,0,0.45000000000000001,1,1/10,directional,0.45000000000000001
0,coordinate_0,True,1/4,0,0,0.25,1,1/2,directional,0.25
0,sum,True,1/4,0,0,0.25,1,1/2,directional,0.25
0.5,coordinate_0,True,1/4,0,0,0.25,1,1/2,directional,0.25
0.5,sum,True,1/4,0,0,0.25,1,1/2,directional,0.25
1,coordinate_0,True,1/4,0,0,0.25,1,1/2,directional,0.25
1,sum,True,1/4,0,0,0.25,1,1/2,directional,0.25
0,coordinate_0,True,1/20,0,0,0.050000000000000003,1,9/10,directional,0.050000000000000003
0,sum,True,1/20,0,0,0.050000000000000003,1,9/10,directional,0.050000000000000003
0.5,coordinate_0,True,1/20,0,0,0.050000000000000003,1,9/10,directional,0.050000000000000003
0.5,sum,True,1/20,0,0,0.050000000000000003,1,9/10,directional,0.050000000000000003
1,coordinate_0,True,1/20,0,0,0.050000000000000003,1,9/10,directional,0.050000000000000003
1,sum,True,1/20,0,0,0.050000000000000003,1,9/10,directional,0.050000000000000003
0,coordinate_0,True,117/200,0,0,0.58499999999999996,2,1/10,directional,0.58499999999999996
0,coordinate_1,True,117/200,0,0,0.58499999999999996,2,1/10,directional,0.58499999999999996
0,sum,True,63/100,0,0,0.63,2,1/10,directional,0.63
0,first_minus_last,True,9/10,0,0,0.90000000000000002,2,1/10,directional,0.90000000000000002
0.5,coordinate_0,True,117/200,0,0,0.58499999999999996,2,1/10,directional,0.58499999999999996
0.5,coordinate_1,True,117/200,0,0,0.58499999999999996,2,1/10,directional,0.58499999999999996
0.5,sum,True,63/100,0,0,0.63,2,1/10,directional,0.63
0.5,first_minus_last,True,9/10,0,0,0.90000000000000002,2,1/10,directional,0.90000000000000002
1,coordinate_0,True,117/200,0,0,0.58499999999999996,2,1/10,directional,0.58499999999999996
1,coordinate_1,True,117/200,0,0,0.58499999999999996,2,1/10,directional,0.58499999999999996
1,sum,True,63/100,0,0,0.63,2,1/10,directional,0.63
1,first_minus_last,True,9/10,0,0,0.90000000000000002,2,1/10,directional,0.90000000000000002
0,coordinate_0,True,7/24,0,0,0.29166666666666669,2,1/2,directional,0.29166666666666669
0,coordinate_1,True,7/24,0,0,0.29166666666666669,2,1/2,directional,0.29166666666666669
0,sum,True,5/12,0,0,0.41666666666666669,2,1/2,directional,0.41666666666666669
0,first_minus_last,True,1/2,0,0,0.5,2,1/2,directional,0.5
0.5,coordinate_0,True,7/24,5.5511151231257827e-17,0,0.29166666666666663,2,1/2,directional,0.29166666666666669
0.5,coordinate_1,True,7/24,5.5511151231257827e-17,0,0.29166666666666663,2,1/2,directional,0.29166666666666669
0.5,sum,True,5/12,0,0,0.41666666666666669,2,1/2,directional,0.41666666666666669
0.5,first_minus_last,True,1/2,0,0,0.5,2,1/2,directional,0.5
1,coordinate_0,True,7/24,5.5511151231257827e-17,0,0.29166666666666663,2,1/2,directional,0.29166666666666669
1,coordinate_1,True,7/24,5.5511151231257827e-17,0,0.29166666666666663,2,1/2,directional,0.29166666666666669
1,sum,True,5/12,0,0,0.41666666666666669,2,1/2,directional,0.41666666666666669
1,first_minus_last,True,1/2,0,0,0.5,2,1/2,directional,0.5
0,coordinate_0,True,31/600,6.9388939039072284e-18,0,0.051666666666666659,2,9/10,directional,0.051666666666666666
0,coordinate_1,True,31/600,6.9388939039072284e-18,0,0.051666666666666659,2,9/10,directional,0.051666666666666666
0,sum,True,29/300,1.3877787807814457e-17,0,0.096666666666666679,2,9/10,directional,0.096666666666666665
0,first_minus_last,True,1/10,1.3877787807814457e-17,0,0.099999999999999992,2,9/10,directional,0.10000000000000001
0.5,coordinate_0,True,31/600,0,0,0.051666666666666666,2,9/10,directional,0.051666666666666666
0.5,coordinate_1,True,31/600,0,0,0.051666666666666666,2,9/10,directional,0.051666666666666666
0.5,sum,True,29/300,1.3877787807814457e-17,0,0.096666666666666679,2,9/10,directional,0.096666666666666665
0.5,first_minus_last,True,1/10,1.3877787807814457e-17,0,0.099999999999999992,2,9/10,directional,0.10000000000000001
1,coordinate_0,True,31/600,0,0,0.051666666666666666,2,9/10,directional,0.051666666666666666
1,coordinate_1,True,31/600,0,0,0.051666666666666666,2,9/10,directional,0.051666666666666666
1,sum,True,29/300,1.3877787807814457e-17,0,0.096666666666666679,2,9/10,directional,0.096666666666666665
1,first_minus_last,True,1/10,1.3877787807814457e-17,0,0.099999999999999992,2,9/10,directional,0.10000000000000001
0,coordinate_0,True,2637/4000,0,0,0.65925,3,1/10,directional,0.65925
0,coordinate_1,True,2637/4000,0,0,0.65925,3,1/10,directional,0.65925
0,coordinate_2,True,2637/4000,0,0,0.65925,3,1/10,directional,0.65925
0,sum,True,2889/4000,1.1102230246251565e-16,0,0.72224999999999984,3,1/10,directional,0.72224999999999995
0,first_minus_last,True,9/10,1.1102230246251565e-16,0,0.89999999999999991,3,1/10,directional,0.90000000000000002
0.5,coordinate_0,True,2637/4000,1.1102230246251565e-16,0,0.65924999999999989,3,1/10,directional,0.65925
0.5,coordinate_1,True,2637/4000,1.1102230246251565e-16,0,0.65924999999999989,3,1/10,directional,0.65925
0.5,coordinate_2,True,2637/4000,1.1102230246251565e-16,0,0.65924999999999989,3,1/10,directional,0.65925
0.5,sum,True,2889/4000,1.1102230246251565e-16,0,0.72224999999999984,3,1/10,directional,0.72224999999999995
0.5,first_minus_last,True,9/10,1.1102230246251565e-16,0,0.89999999999999991,3,1/10,directional,0.90000000000000002
1,coordinate_0,True,2637/4000,1.1102230246251565e-16,0,0.65924999999999989,3,1/10,directional,0.65925
1,coordinate_1,True,2637/4000,1.1102230246251565e-16,0,0.65924999999999989,3,1/10,directional,0.65925
1,coordinate_2,True,2637/4000,1.1102230246251565e-16,0,0.65924999999999989,3,1/10,directional,0.65925
1,sum,True,2889/4000,1.1102230246251565e-16,0,0.72224999999999984,3,1/10,directional,0.72224999999999995
1,first_minus_last,True,9/10,1.1102230246251565e-16,0,0.89999999999999991,3,1/10,directional,0.90000000000000002
0,coordinate_0,True,31/96,0,0,0.32291666666666669,3,1/2,directional,0.32291666666666669
0,coordinate_1,True,31/96,0,0,0.32291666666666669,3,1/2,directional,0.32291666666666669
0,coordinate_2,True,31/96,0,0,0.32291666666666669,3,1/2,directional,0.32291666666666669
0,sum,True,17/32,0,0,0.53125,3,1/2,directional,0.53125
0,first_minus_last,True,1/2,0,0,0.5,3,1/2,directional,0.5
0.5,coordinate_0,True,31/96,5.5511151231257827e-17,0,0.32291666666666663,3,1/2,directional,0.32291666666666669
0.5,coordinate_1,True,31/96,5.5511151231257827e-17,0,0.32291666666666663,3,1/2,directional,0.32291666666666669
0.5,coordinate_2,True,31/96,5.5511151231257827e-17,0,0.32291666666666663,3,1/2,directional,0.32291666666666669
0.5,sum,True,17/32,0,0,0.53125,3,1/2,directional,0.53125
0.5,first_minus_last,True,1/2,0,0,0.5,3,1/2,directional,0.5
1,coordinate_0,True,31/96,5.5511151231257827e-17,0,0.32291666666666663,3,1/2,directional,0.32291666666666669
1,coordinate_1,True,31/96,5.5511151231257827e-17,0,0.32291666666666663,3,1/2,directional,0.32291666666666669
1,coordinate_2,True,31/96,5.5511151231257827e-17,0,0.32291666666666663,3,1/2,directional,0.32291666666666669
1,sum,True,17/32,0,0,0.53125,3,1/2,directional,0.53125
1,first_minus_last,True,1/2,0,0,0.5,3,1/2,directional,0.5
0,coordinate_0,True,213/4000,0,0,0.053249999999999999,3,9/10,directional,0.053249999999999999
0,coordinate_1,True,213/4000,0,0,0.053249999999999999,3,9/10,directional,0.053249999999999999
0,coordinate_2,True,213/4000,0,0,0.053249999999999999,3,9/10,directional,0.053249999999999999
0,sum,True,561/4000,0,0,0.14025000000000001,3,9/10,directional,0.14025000000000001
0,first_minus_last,True,1/10,1.3877787807814457e-17,0,0.099999999999999992,3,9/10,directional,0.10000000000000001
0.5,coordinate_0,True,213/4000,6.9388939039072284e-18,0,0.053250000000000006,3,9/10,directional,0.053249999999999999
0.5,coordinate_1,True,213/4000,6.9388939039072284e-18,0,0.053250000000000006,3,9/10,directional,0.053249999999999999
0.5,coordinate_2,True,213/4000,6.9388939039072284e-18,0,0.053250000000000006,3,9/10,directional,0.053249999999999999
0.5,sum,True,561/4000,0,0,0.14025000000000001,3,9/10,directional,0.14025000000000001
0.5,first_minus_last,True,1/10,1.3877787807814457e-17,0,0.099999999999999992,3,9/10,directional,0.10000000000000001
1,coordinate_0,True,213/4000,6.9388939039072284e-18,0,0.053250000000000006,3,9/10,directional,0.053249999999999999
1,coordinate_1,True,213/4000,6.9388939039072284e-18,0,0.053250000000000006,3,9/10,directional,0.053249999999999999
1,coordinate_2,True,213/4000,6.9388939039072284e-18,0,0.053250000000000006,3,9/10,directional,0.053249999999999999
1,sum,True,561/4000,0,0,0.14025000000000001,3,9/10,directional,0.14025000000000001
1,first_minus_last,True,1/10,1.3877787807814457e-17,0,0.099999999999999992,3,9/10,directional,0.10000000000000001
0,coordinate_0,True,141111/200000,0,0,0.70555500000000004,4,1/10,directional,0.70555500000000004
0,coordinate_1,True,141111/200000,0,0,0.70555500000000004,4,1/10,directional,0.70555500000000004
0,coordinate_2,True,141111/200000,0,0,0.70555500000000004,4,1/10,directional,0.70555500000000004
0,coordinate_3,True,141111/200000,0,0,0.70555500000000004,4,1/10,directional,0.70555500000000004
0,sum,True,38889/50000,2.2204460492503131e-16,0,0.7777799999999998,4,1/10,directional,0.77778000000000003
0,first_minus_last,True,9/10,1.1102230246251565e-16,0,0.90000000000000013,4,1/10,directional,0.90000000000000002
0.5,coordinate_0,True,141111/200000,0,0,0.70555500000000004,4,1/10,directional,0.70555500000000004
0.5,coordinate_1,True,141111/200000,0,0,0.70555500000000004,4,1/10,directional,0.70555500000000004
0.5,coordinate_2,True,141111/200000,0,0,0.70555500000000004,4,1/10,directional,0.70555500000000004
0.5,coordinate_3,True,141111/200000,0,0,0.70555500000000004,4,1/10,directional,0.70555500000000004
0.5,sum,True,38889/50000,2.2204460492503131e-16,0,0.7777799999999998,4,1/10,directional,0.77778000000000003
0.5,first_minus_last,True,9/10,1.1102230246251565e-16,0,0.90000000000000013,4,1/10,directional,0.90000000000000002
1,coordinate_0,True,141111/200000,1.1102230246251565e-16,0,0.70555499999999993,4,1/10,directional,0.70555500000000004
1,coordinate_1,True,141111/200000,1.1102230246251565e-16,0,0.70555499999999993,4,1/10,directional,0.70555500000000004
1,coordinate_2,True,141111/200000,1.1102230246251565e-16,0,0.70555499999999993,4,1/10,directional,0.70555500000000004
1,coordinate_3,True,141111/200000,1.1102230246251565e-16,0,0.70555499999999993,4,1/10,directional,0.70555500000000004
1,sum,True,38889/50000,2.2204460492503131e-16,0,0.7777799999999998,4,1/10,directional,0.77778000000000003
1,first_minus_last,True,9/10,1.1102230246251565e-16,0,0.90000000000000013,4,1/10,directional,0.90000000000000002
0,coordinate_0,True,111/320,0,0,0.34687499999999999,4,1/2,directional,0.34687499999999999
0,coordinate_1,True,111/320,0,0,0.34687499999999999,4,1/2,directional,0.34687499999999999
0,coordinate_2,True,111/320,0,0,0.34687499999999999,4,1/2,directional,0.34687499999999999
0,coordinate_3,True,111/320,0,0,0.34687499999999999,4,1/2,directional,0.34687499999999999
0,sum,True,49/80,0,0,0.61250000000000004,4,1/2,directional,0.61250000000000004
0,first_minus_last,True,1/2,0,0,0.5,4,1/2,directional,0.5
0.5,coordinate_0,True,111/320,5.5511151231257827e-17,0,0.34687500000000004,4,1/2,directional,0.34687499999999999
0.5,coordinate_1,True,111/320,5.5511151231257827e-17,0,0.34687500000000004,4,1/2,directional,0.34687499999999999
0.5,coordinate_2,True,111/320,5.5511151231257827e-17,0,0.34687500000000004,4,1/2,directional,0.34687499999999999
0.5,coordinate_3,True,111/320,5.5511151231257827e-17,0,0.34687500000000004,4,1/2,directional,0.34687499999999999
0.5,sum,True,49/80,0,0,0.61250000000000004,4,1/2,directional,0.61250000000000004
0.5,first_minus_last,True,1/2,0,0,0.5,4,1/2,directional,0.5
1,coordinate_0,True,111/320,5.5511151231257827e-17,0,0.34687500000000004,4,1/2,directional,0.34687499999999999
1,coordinate_1,True,111/320,5.5511151231257827e-17,0,0.34687500000000004,4,1/2,directional,0.34687499999999999
1,coordinate_2,True,111/320,5.5511151231257827e-17,0,0.34687500000000004,4,1/2,directional,0.34687499999999999
1,coordinate_3,True,111/320,5.5511151231257827e-17,0,0.34687500000000004,4,1/2,directional,0.34687499999999999
1,sum,True,49/80,0,0,0.61250000000000004,4,1/2,directional,0.61250000000000004
1,first_minus_last,True,1/2,0,0,0.5,4,1/2,directional,0.5
0,coordinate_0,True,10951/200000,0,0,0.054754999999999998,4,9/10,directional,0.054754999999999998
0,coordinate_1,True,10951/200000,0,0,0.054754999999999998,4,9/10,directional,0.054754999999999998
0,coordinate_2,True,10951/200000,0,0,0.054754999999999998,4,9/10,directional,0.054754999999999998
0,coordinate_3,True,10951/200000,0,0,0.054754999999999998,4,9/10,directional,0.054754999999999998
0,sum,True,9049/50000,2.7755575615628914e-17,0,0.18098000000000003,4,9/10,directional,0.18098
0,first_minus_last,True,1/10,0,0,0.10000000000000001,4,9/10,directional,0.10000000000000001
0.5,coordinate_0,True,10951/200000,0,0,0.054754999999999998,4,9/10,directional,0.054754999999999998
0.5,coordinate_1,True,10951/200000,0,0,0.054754999999999998,4,9/10,directional,0.054754999999999998
0.5,coordinate_2,True,10951/200000,0,0,0.054754999999999998,4,9/10,directional,0.054754999999999998
0.5,coordinate_3,True,10951/200000,0,0,0.054754999999999998,4,9/10,directional,0.054754999999999998
0.5,sum,True,9049/50000,2.7755575615628914e-17,0,0.18098000000000003,4,9/10,directional,0.18098
0.5,first_minus_last,True,1/10,0,0,0.10000000000000001,4,9/10,directional,0.10000000000000001
1,coordinate_0,True,10951/200000,0,0,0.054754999999999998,4,9/10,directional,0.054754999999999998
1,coordinate_1,True,10951/200000,0,0,0.054754999999999998,4,9/10,directional,0.054754999999999998
1,coordinate_2,True,10951/200000,0,0,0.054754999999999998,4,9/10,directional,0.054754999999999998
1,coordinate_3,True,10951/200000,0,0,0.054754999999999998,4,9/10,directional,0.054754999999999998
1,sum,True,9049/50000,2.7755575615628914e-17,0,0.18098000000000003,4,9/10,directional,0.18098
1,first_minus_last,True,1/10,0,0,0.10000000000000001,4,9/10,directional,0.10000000000000001
0,coordinate_0,True,737037/1000000,2.2204460492503131e-16,0,0.73703700000000028,5,1/10,directional,0.73703700000000005
0,coordinate_1,True,737037/1000000,2.2204460492503131e-16,0,0.73703700000000028,5,1/10,directional,0.73703700000000005
0,coordinate_2,True,737037/1000000,2.2204460492503131e-16,0,0.73703700000000028,5,1/10,directional,0.73703700000000005
0,coordinate_3,True,737037/1000000,2.2204460492503131e-16,0,0.73703700000000028,5,1/10,directional,0.73703700000000005
0,coordinate_4,True,737037/1000000,2.2204460492503131e-16,0,0.73703700000000028,5,1/10,directional,0.73703700000000005
0,sum,True,162963/200000,1.1102230246251565e-16,0,0.81481500000000007,5,1/10,directional,0.81481499999999996
0,first_minus_last,True,9/10,0,0,0.90000000000000002,5,1/10,directional,0.90000000000000002
0.5,coordinate_0,True,737037/1000000,1.1102230246251565e-16,0,0.73703700000000016,5,1/10,directional,0.73703700000000005
0.5,coordinate_1,True,737037/1000000,1.1102230246251565e-16,0,0.73703700000000016,5,1/10,directional,0.73703700000000005
0.5,coordinate_2,True,737037/1000000,1.1102230246251565e-16,0,0.73703700000000016,5,1/10,directional,0.73703700000000005
0.5,coordinate_3,True,737037/1000000,1.1102230246251565e-16,0,0.73703700000000016,5,1/10,directional,0.73703700000000005
0.5,coordinate_4,True,737037/1000000,1.1102230246251565e-16,0,0.73703700000000016,5,1/10,directional,0.73703700000000005
0.5,sum,True,162963/200000,1.1102230246251565e-16,0,0.81481500000000007,5,1/10,directional,0.81481499999999996
0.5,first_minus_last,True,9/10,0,0,0.90000000000000002,5,1/10,directional,0.90000000000000002
1,coordinate_0,True,737037/1000000,0,0,0.73703700000000005,5,1/10,directional,0.73703700000000005
1,coordinate_1,True,737037/1000000,0,0,0.73703700000000005,5,1/10,directional,0.73703700000000005
1,coordinate_2,True,737037/1000000,0,0,0.73703700000000005,5,1/10,directional,0.73703700000000005
1,coordinate_3,True,737037/1000000,0,0,0.73703700000000005,5,1/10,directional,0.73703700000000005
1,coordinate_4,True,737037/1000000,0,0,0.73703700000000005,5,1/10,directional,0.73703700000000005
1,sum,True,162963/200000,1.1102230246251565e-16,0,0.81481500000000007,5,1/10,directional,0.81481499999999996
1,first_minus_last,True,9/10,0,0,0.90000000000000002,5,1/10,directional,0.90000000000000002
0,coordinate_0,True,117/320,1.6653345369377348e-16,0,0.36562499999999981,5,1/2,directional,0.36562499999999998
0,coordinate_1,True,117/320,1.6653345369377348e-16,0,0.36562499999999981,5,1/2,directional,0.36562499999999998
0,coordinate_2,True,117/320,1.6653345369377348e-16,0,0.36562499999999981,5,1/2,directional,0.36562499999999998
0,coordinate_3,True,117/320,1.6653345369377348e-16,0,0.36562499999999981,5,1/2,directional,0.36562499999999998
0,coordinate_4,True,117/320,1.6653345369377348e-16,0,0.36562499999999981,5,1/2,directional,0.36562499999999998
0,sum,True,43/64,2.2204460492503131e-16,0,0.67187499999999978,5,1/2,directional,0.671875
0,first_minus_last,True,1/2,1.1102230246251565e-16,0,0.49999999999999989,5,1/2,directional,0.5
0.5,coordinate_0,True,117/320,0,0,0.36562499999999998,5,1/2,directional,0.36562499999999998
0.5,coordinate_1,True,117/320,0,0,0.36562499999999998,5,1/2,directional,0.36562499999999998
0.5,coordinate_2,True,117/320,0,0,0.36562499999999998,5,1/2,directional,0.36562499999999998
0.5,coordinate_3,True,117/320,0,0,0.36562499999999998,5,1/2,directional,0.36562499999999998
0.5,coordinate_4,True,117/320,0,0,0.36562499999999998,5,1/2,directional,0.36562499999999998
0.5,sum,True,43/64,2.2204460492503131e-16,0,0.67187499999999978,5,1/2,directional,0.671875
0.5,first_minus_last,True,1/2,1.1102230246251565e-16,0,0.49999999999999989,5,1/2,directional,0.5
1,coordinate_0,True,117/320,0,0,0.36562499999999998,5,1/2,directional,0.36562499999999998
1,coordinate_1,True,117/320,0,0,0.36562499999999998,5,1/2,directional,0.36562499999999998
1,coordinate_2,True,117/320,0,0,0.36562499999999998,5,1/2,directional,0.36562499999999998
1,coordinate_3,True,117/320,0,0,0.36562499999999998,5,1/2,directional,0.36562499999999998
1,coordinate_4,True,117/320,0,0,0.36562499999999998,5,1/2,directional,0.36562499999999998
1,sum,True,43/64,2.2204460492503131e-16,0,0.67187499999999978,5,1/2,directional,0.671875
1,first_minus_last,True,1/2,1.1102230246251565e-16,0,0.49999999999999989,5,1/2,directional,0.5
0,coordinate_0,True,168559/3000000,0,0,0.056186333333333331,5,9/10,directional,0.056186333333333331
0,coordinate_1,True,168559/3000000,0,0,0.056186333333333331,5,9/10,directional,0.056186333333333331
0,coordinate_2,True,168559/3000000,0,0,0.056186333333333331,5,9/10,directional,0.056186333333333331
0,coordinate_3,True,168559/3000000,0,0,0.056186333333333331,5,9/10,directional,0.056186333333333331
0,coordinate_4,True,168559/3000000,0,0,0.056186333333333331,5,9/10,directional,0.056186333333333331
0,sum,True,131441/600000,0,0,0.21906833333333334,5,9/10,directional,0.21906833333333334
0,first_minus_last,True,1/10,0,0,0.10000000000000001,5,9/10,directional,0.10000000000000001
0.5,coordinate_0,True,168559/3000000,6.9388939039072284e-18,0,0.056186333333333338,5,9/10,directional,0.056186333333333331
0.5,coordinate_1,True,168559/3000000,6.9388939039072284e-18,0,0.056186333333333338,5,9/10,directional,0.056186333333333331
0.5,coordinate_2,True,168559/3000000,6.9388939039072284e-18,0,0.056186333333333338,5,9/10,directional,0.056186333333333331
0.5,coordinate_3,True,168559/3000000,6.9388939039072284e-18,0,0.056186333333333338,5,9/10,directional,0.056186333333333331
0.5,coordinate_4,True,168559/3000000,6.9388939039072284e-18,0,0.056186333333333338,5,9/10,directional,0.056186333333333331
0.5,sum,True,131441/600000,0,0,0.21906833333333334,5,9/10,directional,0.21906833333333334
0.5,first_minus_last,True,1/10,0,0,0.10000000000000001,5,9/10,directional,0.10000000000000001
1,coordinate_0,True,168559/3000000,0,0,0.056186333333333331,5,9/10,directional,0.056186333333333331
1,coordinate_1,True,168559/3000000,0,0,0.056186333333333331,5,9/10,directional,0.056186333333333331
1,coordinate_2,True,168559/3000000,0,0,0.056186333333333331,5,9/10,directional,0.056186333333333331
1,coordinate_3,True,168559/3000000,0,0,0.056186333333333331,5,9/10,directional,0.056186333333333331
1,coordinate_4,True,168559/3000000,0,0,0.056186333333333331,5,9/10,directional,0.056186333333333331
1,sum,True,131441/600000,0,0,0.21906833333333334,5,9/10,directional,0.21906833333333334
1,first_minus_last,True,1/10,0,0,0.10000000000000001,5,9/10,directional,0.10000000000000001
