observed,p,stage,exact_variance,variance,beta,enumerated_endpoint_models,exact_definition_check,exhaustive_maximum,law,partition,probabilities
1,1/10,fixed_q,81/1600,0.050625000000000003,1/4,4,True,81/1600,0,"(0,)","1/2,1/2"
1,1/10,fixed_q,729/40000,0.018225000000000002,9/100,4,True,729/40000,1,"(0,)","1/10,9/10"
1,1/10,fixed_q,81/1600,0.050625000000000003,1/4,8,True,81/1600,2,"(0, 1)","1/5,3/10,1/2"
1,1/10,fixed_q,81/1600,0.050625000000000003,1/4,0,True,NOT_RUN_DIMENSION_CAP,3,"(1, 2)","1/10,1/5,3/10,2/5"
1,1/2,fixed_q,1/64,0.015625,1/4,4,True,1/64,0,"(0,)","1/2,1/2"
1,1/2,fixed_q,9/1600,0.0056249999999999998,9/100,4,True,9/1600,1,"(0,)","1/10,9/10"
1,1/2,fixed_q,1/64,0.015625,1/4,8,True,1/64,2,"(0, 1)","1/5,3/10,1/2"
1,1/2,fixed_q,1/64,0.015625,1/4,0,True,NOT_RUN_DIMENSION_CAP,3,"(1, 2)","1/10,1/5,3/10,2/5"
1,9/10,fixed_q,1/1600,0.00062500000000000001,1/4,4,True,1/1600,0,"(0,)","1/2,1/2"
1,9/10,fixed_q,9/40000,0.00022499999999999999,9/100,4,True,9/40000,1,"(0,)","1/10,9/10"
1,9/10,fixed_q,1/1600,0.00062500000000000001,1/4,8,True,1/1600,2,"(0, 1)","1/5,3/10,1/2"
1,9/10,fixed_q,1/1600,0.00062500000000000001,1/4,0,True,NOT_RUN_DIMENSION_CAP,3,"(1, 2)","1/10,1/5,3/10,2/5"
2,1/10,fixed_q,13689/160000,0.08555625,1/4,64,True,13689/160000,0,"(0,)","1/2,1/2"
2,1/10,fixed_q,123201/4000000,0.030800250000000001,9/100,64,True,123201/4000000,1,"(0,)","1/10,9/10"
2,1/10,fixed_q,13689/160000,0.08555625,1/4,512,True,13689/160000,2,"(0, 1)","1/5,3/10,1/2"
2,1/10,fixed_q,13689/160000,0.08555625,1/4,0,True,NOT_RUN_DIMENSION_CAP,3,"(1, 2)","1/10,1/5,3/10,2/5"
2,1/2,fixed_q,49/2304,0.021267361111111112,1/4,64,True,49/2304,0,"(0,)","1/2,1/2"
2,1/2,fixed_q,49/6400,0.0076562499999999999,9/100,64,True,49/6400,1,"(0,)","1/10,9/10"
2,1/2,fixed_q,49/2304,0.021267361111111112,1/4,512,True,49/2304,2,"(0, 1)","1/5,3/10,1/2"
2,1/2,fixed_q,49/2304,0.021267361111111112,1/4,0,True,NOT_RUN_DIMENSION_CAP,3,"(1, 2)","1/10,1/5,3/10,2/5"
2,9/10,fixed_q,961/1440000,0.00066736111111111108,1/4,64,True,961/1440000,0,"(0,)","1/2,1/2"
2,9/10,fixed_q,961/4000000,0.00024025000000000001,9/100,64,True,961/4000000,1,"(0,)","1/10,9/10"
2,9/10,fixed_q,961/1440000,0.00066736111111111108,1/4,512,True,961/1440000,2,"(0, 1)","1/5,3/10,1/2"
2,9/10,fixed_q,961/1440000,0.00066736111111111108,1/4,0,True,NOT_RUN_DIMENSION_CAP,3,"(1, 2)","1/10,1/5,3/10,2/5"
3,1/10,fixed_q,6953769/64000000,0.108652640625,1/4,0,True,NOT_RUN_DIMENSION_CAP,0,"(0,)","1/2,1/2"
3,1/10,fixed_q,62583921/1600000000,0.039114950624999999,9/100,0,True,NOT_RUN_DIMENSION_CAP,1,"(0,)","1/10,9/10"
3,1/10,fixed_q,6953769/64000000,0.108652640625,1/4,0,True,NOT_RUN_DIMENSION_CAP,2,"(0, 1)","1/5,3/10,1/2"
3,1/10,fixed_q,6953769/64000000,0.108652640625,1/4,0,True,NOT_RUN_DIMENSION_CAP,3,"(1, 2)","1/10,1/5,3/10,2/5"
3,1/2,fixed_q,961/36864,0.026068793402777776,1/4,0,True,NOT_RUN_DIMENSION_CAP,0,"(0,)","1/2,1/2"
3,1/2,fixed_q,961/102400,0.0093847656249999994,9/100,0,True,NOT_RUN_DIMENSION_CAP,1,"(0,)","1/10,9/10"
3,1/2,fixed_q,961/36864,0.026068793402777776,1/4,0,True,NOT_RUN_DIMENSION_CAP,2,"(0, 1)","1/5,3/10,1/2"
3,1/2,fixed_q,961/36864,0.026068793402777776,1/4,0,True,NOT_RUN_DIMENSION_CAP,3,"(1, 2)","1/10,1/5,3/10,2/5"
3,9/10,fixed_q,45369/64000000,0.00070889062499999999,1/4,0,True,NOT_RUN_DIMENSION_CAP,0,"(0,)","1/2,1/2"
3,9/10,fixed_q,408321/1600000000,0.00025520062500000002,9/100,0,True,NOT_RUN_DIMENSION_CAP,1,"(0,)","1/10,9/10"
3,9/10,fixed_q,45369/64000000,0.00070889062499999999,1/4,0,True,NOT_RUN_DIMENSION_CAP,2,"(0, 1)","1/5,3/10,1/2"
3,9/10,fixed_q,45369/64000000,0.00070889062499999999,1/4,0,True,NOT_RUN_DIMENSION_CAP,3,"(1, 2)","1/10,1/5,3/10,2/5"
4,1/10,fixed_q,19912314321/160000000000,0.12445196450625,1/4,0,True,NOT_RUN_DIMENSION_CAP,0,"(0,)","1/2,1/2"
4,1/10,fixed_q,179210828889/4000000000000,0.04480270722225,9/100,0,True,NOT_RUN_DIMENSION_CAP,1,"(0,)","1/10,9/10"
4,1/10,fixed_q,19912314321/160000000000,0.12445196450625,1/4,0,True,NOT_RUN_DIMENSION_CAP,2,"(0, 1)","1/5,3/10,1/2"
4,1/10,fixed_q,19912314321/160000000000,0.12445196450625,1/4,0,True,NOT_RUN_DIMENSION_CAP,3,"(1, 2)","1/10,1/5,3/10,2/5"
4,1/2,fixed_q,12321/409600,0.030080566406249998,1/4,0,True,NOT_RUN_DIMENSION_CAP,0,"(0,)","1/2,1/2"
4,1/2,fixed_q,110889/10240000,0.010829003906250001,9/100,0,True,NOT_RUN_DIMENSION_CAP,1,"(0,)","1/10,9/10"
4,1/2,fixed_q,12321/409600,0.030080566406249998,1/4,0,True,NOT_RUN_DIMENSION_CAP,2,"(0, 1)","1/5,3/10,1/2"
4,1/2,fixed_q,12321/409600,0.030080566406249998,1/4,0,True,NOT_RUN_DIMENSION_CAP,3,"(1, 2)","1/10,1/5,3/10,2/5"
4,9/10,fixed_q,119924401/160000000000,0.00074952750624999998,1/4,0,True,NOT_RUN_DIMENSION_CAP,0,"(0,)","1/2,1/2"
4,9/10,fixed_q,1079319609/4000000000000,0.00026982990224999999,9/100,0,True,NOT_RUN_DIMENSION_CAP,1,"(0,)","1/10,9/10"
4,9/10,fixed_q,119924401/160000000000,0.00074952750624999998,1/4,0,True,NOT_RUN_DIMENSION_CAP,2,"(0, 1)","1/5,3/10,1/2"
4,9/10,fixed_q,119924401/160000000000,0.00074952750624999998,1/4,0,True,NOT_RUN_DIMENSION_CAP,3,"(1, 2)","1/10,1/5,3/10,2/5"
5,1/10,fixed_q,543223539369/4000000000000,0.13580588484225001,1/4,0,True,NOT_RUN_DIMENSION_CAP,0,"(0,)","1/2,1/2"
5,1/10,fixed_q,4889011854321/100000000000000,0.048890118543210001,9/100,0,True,NOT_RUN_DIMENSION_CAP,1,"(0,)","1/10,9/10"
5,1/10,fixed_q,543223539369/4000000000000,0.13580588484225001,1/4,0,True,NOT_RUN_DIMENSION_CAP,2,"(0, 1)","1/5,3/10,1/2"
5,1/10,fixed_q,543223539369/4000000000000,0.13580588484225001,1/4,0,True,NOT_RUN_DIMENSION_CAP,3,"(1, 2)","1/10,1/5,3/10,2/5"
5,1/2,fixed_q,13689/409600,0.033420410156249997,1/4,0,True,NOT_RUN_DIMENSION_CAP,0,"(0,)","1/2,1/2"
5,1/2,fixed_q,123201/10240000,0.01203134765625,9/100,0,True,NOT_RUN_DIMENSION_CAP,1,"(0,)","1/10,9/10"
5,1/2,fixed_q,13689/409600,0.033420410156249997,1/4,0,True,NOT_RUN_DIMENSION_CAP,2,"(0, 1)","1/5,3/10,1/2"
5,1/2,fixed_q,13689/409600,0.033420410156249997,1/4,0,True,NOT_RUN_DIMENSION_CAP,3,"(1, 2)","1/10,1/5,3/10,2/5"
5,9/10,fixed_q,28412136481/36000000000000,0.00078922601336111112,1/4,0,True,NOT_RUN_DIMENSION_CAP,0,"(0,)","1/2,1/2"
5,9/10,fixed_q,28412136481/100000000000000,0.00028412136481,9/100,0,True,NOT_RUN_DIMENSION_CAP,1,"(0,)","1/10,9/10"
5,9/10,fixed_q,28412136481/36000000000000,0.00078922601336111112,1/4,0,True,NOT_RUN_DIMENSION_CAP,2,"(0, 1)","1/5,3/10,1/2"
5,9/10,fixed_q,28412136481/36000000000000,0.00078922601336111112,1/4,0,True,NOT_RUN_DIMENSION_CAP,3,"(1, 2)","1/10,1/5,3/10,2/5"
