leaves,stage,attribution_error,covariance_error,hidden_attribution_error,observed,prediction_error,prediction_range,seed,states,target_covariance_trace
8,joint_law,2.2204460492503131e-16,0,5.5511151231257827e-17,2,0,0,0,3,0.12027971899810808
8,joint_law,3.3306690738754696e-16,6.6613381477509392e-16,1.3877787807814457e-16,2,0,0,1,3,0.21167485223587845
12,joint_law,4.4408920985006262e-16,1.3322676295501878e-15,8.8817841970012523e-16,2,0,0,0,5,1.554636608572652
12,joint_law,4.4408920985006262e-16,1.3322676295501878e-15,4.4408920985006262e-16,2,0,0,1,5,1.4896621572970712
12,joint_law,8.8817841970012523e-16,4.4408920985006262e-15,2.2204460492503131e-16,3,0,0,0,3,3.2477033499398251
12,joint_law,4.163336342344337e-16,2.6645352591003757e-15,4.4408920985006262e-16,3,0,0,1,3,0.67620109889808544
18,joint_law,4.4408920985006262e-16,4.3853809472693683e-15,4.4408920985006262e-16,3,0,0,0,5,1.1103936226889126
18,joint_law,4.4408920985006262e-16,2.1094237467877974e-15,8.8817841970012523e-16,3,0,0,1,5,2.4340451008381638
16,joint_law,4.4408920985006262e-16,2.886579864025407e-15,4.4408920985006262e-16,4,0,0,0,3,3.0773312954011027
16,joint_law,3.3306690738754696e-16,5.5511151231257827e-16,4.4408920985006262e-16,4,0,0,1,3,0.99198907570926131
24,joint_law,8.8817841970012523e-16,7.5495165674510645e-15,8.8817841970012523e-16,4,0,0,0,5,3.2272027724497376
24,joint_law,4.4408920985006262e-16,1.1622647289044608e-15,2.4980018054066022e-16,4,0,0,1,5,2.6702995067308497
