constant,exact_width,observed,p,stage,width,coalition_error,exact_variance,leaves,model_max,model_min,prediction_error,target,variance,variance_error,width_error
0,9/20,1,1/10,sharp_tree,0.45000000000000001,0,81/1600,4,1,0,0,0,0.050625000000000031,2.7755575615628914e-17,5.5511151231257827e-17
0.5,9/20,1,1/10,sharp_tree,0.45000000000000001,5.5511151231257827e-17,81/1600,4,1,0,0,0,0.050625000000000003,0,0
1,9/20,1,1/10,sharp_tree,0.45000000000000001,0,81/1600,4,1,0,0,0,0.050625000000000031,2.7755575615628914e-17,5.5511151231257827e-17
0,1/4,1,1/2,sharp_tree,0.25,0,1/64,4,1,0,0,0,0.015625,0,0
0.5,1/4,1,1/2,sharp_tree,0.25,0,1/64,4,1,0,0,0,0.015625,0,0
1,1/4,1,1/2,sharp_tree,0.25,0,1/64,4,1,0,0,0,0.015625,0,0
0,1/20,1,9/10,sharp_tree,0.050000000000000003,1.3877787807814457e-17,1/1600,4,1,0,0,0,0.00062500000000000012,1.0842021724855044e-19,6.9388939039072284e-18
0.5,1/20,1,9/10,sharp_tree,0.050000000000000003,2.7755575615628914e-17,1/1600,4,1,0,0,0,0.00062500000000000533,5.3125906451789717e-18,6.9388939039072284e-18
1,1/20,1,9/10,sharp_tree,0.050000000000000003,4.163336342344337e-17,1/1600,4,1,0,0,0,0.00062500000000001747,1.7455654977016621e-17,1.3877787807814457e-17
0,117/200,2,1/10,sharp_tree,0.58499999999999996,5.5511151231257827e-17,13689/160000,6,1,0,0,0,0.085556250000000014,1.3877787807814457e-17,1.1102230246251565e-16
0,117/200,2,1/10,sharp_tree,0.58499999999999996,5.5511151231257827e-17,13689/160000,6,1,0,0,1,0.085556250000000014,1.3877787807814457e-17,1.1102230246251565e-16
0.5,117/200,2,1/10,sharp_tree,0.58499999999999996,5.5511151231257827e-17,13689/160000,6,1,0,0,0,0.085556250000000028,2.7755575615628914e-17,0
0.5,117/200,2,1/10,sharp_tree,0.58499999999999996,5.5511151231257827e-17,13689/160000,6,1,0,0,1,0.085556250000000028,2.7755575615628914e-17,0
1,117/200,2,1/10,sharp_tree,0.58499999999999996,0,13689/160000,6,1,0,0,0,0.085556250000000028,2.7755575615628914e-17,1.1102230246251565e-16
1,117/200,2,1/10,sharp_tree,0.58499999999999996,2.7755575615628914e-17,13689/160000,6,1,0,0,1,0.085556250000000028,2.7755575615628914e-17,1.1102230246251565e-16
0,7/24,2,1/2,sharp_tree,0.29166666666666669,0,49/2304,6,1,0,0,0,0.021267361111111119,6.9388939039072284e-18,5.5511151231257827e-17
0,7/24,2,1/2,sharp_tree,0.29166666666666669,5.5511151231257827e-17,49/2304,6,1,0,0,1,0.021267361111111119,6.9388939039072284e-18,5.5511151231257827e-17
0.5,7/24,2,1/2,sharp_tree,0.29166666666666669,8.3266726846886741e-17,49/2304,6,1,0,0,0,0.021267361111111122,1.0408340855860843e-17,5.5511151231257827e-17
0.5,7/24,2,1/2,sharp_tree,0.29166666666666669,5.5511151231257827e-17,49/2304,6,1,0,0,1,0.021267361111111122,1.0408340855860843e-17,5.5511151231257827e-17
1,7/24,2,1/2,sharp_tree,0.29166666666666669,5.5511151231257827e-17,49/2304,6,1,0,0,0,0.02126736111111114,2.7755575615628914e-17,5.5511151231257827e-17
1,7/24,2,1/2,sharp_tree,0.29166666666666669,1.1102230246251565e-16,49/2304,6,1,0,0,1,0.02126736111111114,2.7755575615628914e-17,5.5511151231257827e-17
0,31/600,2,9/10,sharp_tree,0.051666666666666666,1.3877787807814457e-17,961/1440000,6,1,0,0,0,0.00066736111111111163,5.4210108624275222e-19,1.3877787807814457e-17
0,31/600,2,9/10,sharp_tree,0.051666666666666666,1.3877787807814457e-17,961/1440000,6,1,0,0,1,0.00066736111111111163,5.4210108624275222e-19,1.3877787807814457e-17
0.5,31/600,2,9/10,sharp_tree,0.051666666666666666,2.7755575615628914e-17,961/1440000,6,1,0,0,0,0.00066736111111111683,5.7462715141731735e-18,1.3877787807814457e-17
0.5,31/600,2,9/10,sharp_tree,0.051666666666666666,1.7347234759768071e-17,961/1440000,6,1,0,0,1,0.00066736111111111683,5.7462715141731735e-18,1.3877787807814457e-17
1,31/600,2,9/10,sharp_tree,0.051666666666666666,4.163336342344337e-17,961/1440000,6,1,0,0,0,0.00066736111111112897,1.7889335846010823e-17,0
1,31/600,2,9/10,sharp_tree,0.051666666666666666,2.7755575615628914e-17,961/1440000,6,1,0,0,1,0.00066736111111112897,1.7889335846010823e-17,0
0,2637/4000,3,1/10,sharp_tree,0.65925,8.3266726846886741e-17,6953769/64000000,8,1,0,0,0,0.10865264062500003,2.7755575615628914e-17,1.1102230246251565e-16
0,2637/4000,3,1/10,sharp_tree,0.65925,8.3266726846886741e-17,6953769/64000000,8,1,0,0,1,0.10865264062500003,2.7755575615628914e-17,1.1102230246251565e-16
0,2637/4000,3,1/10,sharp_tree,0.65925,8.3266726846886741e-17,6953769/64000000,8,1,0,0,2,0.10865264062500003,2.7755575615628914e-17,1.1102230246251565e-16
0.5,2637/4000,3,1/10,sharp_tree,0.65925,2.2204460492503131e-16,6953769/64000000,8,1,0,0,0,0.10865264062500002,1.3877787807814457e-17,2.2204460492503131e-16
0.5,2637/4000,3,1/10,sharp_tree,0.65925,1.6653345369377348e-16,6953769/64000000,8,1,0,0,1,0.10865264062500002,1.3877787807814457e-17,2.2204460492503131e-16
0.5,2637/4000,3,1/10,sharp_tree,0.65925,1.6653345369377348e-16,6953769/64000000,8,1,0,0,2,0.10865264062500002,1.3877787807814457e-17,2.2204460492503131e-16
1,2637/4000,3,1/10,sharp_tree,0.65925,5.5511151231257827e-17,6953769/64000000,8,1,0,0,0,0.10865264062500006,5.5511151231257827e-17,1.1102230246251565e-16
1,2637/4000,3,1/10,sharp_tree,0.65925,1.1102230246251565e-16,6953769/64000000,8,1,0,0,1,0.10865264062500006,5.5511151231257827e-17,1.1102230246251565e-16
1,2637/4000,3,1/10,sharp_tree,0.65925,1.1102230246251565e-16,6953769/64000000,8,1,0,0,2,0.10865264062500006,5.5511151231257827e-17,1.1102230246251565e-16
0,31/96,3,1/2,sharp_tree,0.32291666666666669,1.1102230246251565e-16,961/36864,8,1,0,0,0,0.02606879340277778,3.4694469519536142e-18,5.5511151231257827e-17
0,31/96,3,1/2,sharp_tree,0.32291666666666669,6.9388939039072284e-18,961/36864,8,1,0,0,1,0.02606879340277778,3.4694469519536142e-18,5.5511151231257827e-17
0,31/96,3,1/2,sharp_tree,0.32291666666666669,5.5511151231257827e-17,961/36864,8,1,0,0,2,0.02606879340277778,3.4694469519536142e-18,5.5511151231257827e-17
0.5,31/96,3,1/2,sharp_tree,0.32291666666666669,8.3266726846886741e-17,961/36864,8,1,0,0,0,0.02606879340277779,1.3877787807814457e-17,5.5511151231257827e-17
0.5,31/96,3,1/2,sharp_tree,0.32291666666666669,2.7755575615628914e-17,961/36864,8,1,0,0,1,0.02606879340277779,1.3877787807814457e-17,5.5511151231257827e-17
0.5,31/96,3,1/2,sharp_tree,0.32291666666666669,2.7755575615628914e-17,961/36864,8,1,0,0,2,0.02606879340277779,1.3877787807814457e-17,5.5511151231257827e-17
1,31/96,3,1/2,sharp_tree,0.32291666666666669,5.5511151231257827e-17,961/36864,8,1,0,0,0,0.026068793402777818,4.163336342344337e-17,0
1,31/96,3,1/2,sharp_tree,0.32291666666666669,5.5511151231257827e-17,961/36864,8,1,0,0,1,0.026068793402777818,4.163336342344337e-17,0
1,31/96,3,1/2,sharp_tree,0.32291666666666669,6.9388939039072284e-18,961/36864,8,1,0,0,2,0.026068793402777818,4.163336342344337e-17,0
0,213/4000,3,9/10,sharp_tree,0.053249999999999999,3.4694469519536142e-18,45369/64000000,8,1,0,0,0,0.00070889062500000075,7.589415207398531e-19,1.3877787807814457e-17
0,213/4000,3,9/10,sharp_tree,0.053249999999999999,1.3877787807814457e-17,45369/64000000,8,1,0,0,1,0.00070889062500000075,7.589415207398531e-19,1.3877787807814457e-17
0,213/4000,3,9/10,sharp_tree,0.053249999999999999,1.3877787807814457e-17,45369/64000000,8,1,0,0,2,0.00070889062500000075,7.589415207398531e-19,1.3877787807814457e-17
0.5,213/4000,3,9/10,sharp_tree,0.053249999999999999,1.3877787807814457e-17,45369/64000000,8,1,0,0,0,0.00070889062500000541,5.4210108624275222e-18,6.9388939039072284e-18
0.5,213/4000,3,9/10,sharp_tree,0.053249999999999999,1.3877787807814457e-17,45369/64000000,8,1,0,0,1,0.00070889062500000541,5.4210108624275222e-18,6.9388939039072284e-18
0.5,213/4000,3,9/10,sharp_tree,0.053249999999999999,1.7347234759768071e-17,45369/64000000,8,1,0,0,2,0.00070889062500000541,5.4210108624275222e-18,6.9388939039072284e-18
1,213/4000,3,9/10,sharp_tree,0.053249999999999999,2.7755575615628914e-17,45369/64000000,8,1,0,0,0,0.00070889062500001723,1.7238814542519521e-17,6.9388939039072284e-18
1,213/4000,3,9/10,sharp_tree,0.053249999999999999,2.7755575615628914e-17,45369/64000000,8,1,0,0,1,0.00070889062500001723,1.7238814542519521e-17,6.9388939039072284e-18
1,213/4000,3,9/10,sharp_tree,0.053249999999999999,2.4286128663675299e-17,45369/64000000,8,1,0,0,2,0.00070889062500001637,1.6371452804531117e-17,6.9388939039072284e-18
0,141111/200000,4,1/10,sharp_tree,0.70555500000000004,8.3266726846886741e-17,19912314321/160000000000,10,1,0,0,0,0.12445196450625004,4.163336342344337e-17,1.1102230246251565e-16
0,141111/200000,4,1/10,sharp_tree,0.70555500000000004,1.1102230246251565e-16,19912314321/160000000000,10,1,0,0,1,0.12445196450625004,4.163336342344337e-17,1.1102230246251565e-16
0,141111/200000,4,1/10,sharp_tree,0.70555500000000004,1.1102230246251565e-16,19912314321/160000000000,10,1,0,0,2,0.12445196450625004,4.163336342344337e-17,1.1102230246251565e-16
0,141111/200000,4,1/10,sharp_tree,0.70555500000000004,1.3877787807814457e-16,19912314321/160000000000,10,1,0,0,3,0.12445196450625004,4.163336342344337e-17,1.1102230246251565e-16
0.5,141111/200000,4,1/10,sharp_tree,0.70555500000000004,1.1102230246251565e-16,19912314321/160000000000,10,1,0,0,0,0.12445196450625003,2.7755575615628914e-17,2.2204460492503131e-16
0.5,141111/200000,4,1/10,sharp_tree,0.70555500000000004,1.6653345369377348e-16,19912314321/160000000000,10,1,0,0,1,0.12445196450625003,2.7755575615628914e-17,2.2204460492503131e-16
0.5,141111/200000,4,1/10,sharp_tree,0.70555500000000004,2.2204460492503131e-16,19912314321/160000000000,10,1,0,0,2,0.12445196450625004,4.163336342344337e-17,2.2204460492503131e-16
0.5,141111/200000,4,1/10,sharp_tree,0.70555500000000004,1.6653345369377348e-16,19912314321/160000000000,10,1,0,0,3,0.12445196450625004,4.163336342344337e-17,2.2204460492503131e-16
1,141111/200000,4,1/10,sharp_tree,0.70555500000000004,5.5511151231257827e-17,19912314321/160000000000,10,1,0,0,0,0.12445196450625004,4.163336342344337e-17,2.2204460492503131e-16
1,141111/200000,4,1/10,sharp_tree,0.70555500000000004,1.1102230246251565e-16,19912314321/160000000000,10,1,0,0,1,0.12445196450625004,4.163336342344337e-17,2.2204460492503131e-16
1,141111/200000,4,1/10,sharp_tree,0.70555500000000004,1.6653345369377348e-16,19912314321/160000000000,10,1,0,0,2,0.12445196450625004,4.163336342344337e-17,2.2204460492503131e-16
1,141111/200000,4,1/10,sharp_tree,0.70555500000000004,1.6653345369377348e-16,19912314321/160000000000,10,1,0,0,3,0.12445196450625007,6.9388939039072284e-17,2.2204460492503131e-16
0,111/320,4,1/2,sharp_tree,0.34687499999999999,2.7755575615628914e-17,12321/409600,10,1,0,0,0,0.030080566406250009,1.0408340855860843e-17,5.5511151231257827e-17
0,111/320,4,1/2,sharp_tree,0.34687499999999999,1.3877787807814457e-17,12321/409600,10,1,0,0,1,0.030080566406250009,1.0408340855860843e-17,5.5511151231257827e-17
0,111/320,4,1/2,sharp_tree,0.34687499999999999,1.3877787807814457e-17,12321/409600,10,1,0,0,2,0.030080566406250009,1.0408340855860843e-17,5.5511151231257827e-17
0,111/320,4,1/2,sharp_tree,0.34687499999999999,0,12321/409600,10,1,0,0,3,0.030080566406250009,1.0408340855860843e-17,5.5511151231257827e-17
0.5,111/320,4,1/2,sharp_tree,0.34687499999999999,5.5511151231257827e-17,12321/409600,10,1,0,0,0,0.030080566406250016,1.7347234759768071e-17,0
0.5,111/320,4,1/2,sharp_tree,0.34687499999999999,5.5511151231257827e-17,12321/409600,10,1,0,0,1,0.030080566406250016,1.7347234759768071e-17,0
0.5,111/320,4,1/2,sharp_tree,0.34687499999999999,5.5511151231257827e-17,12321/409600,10,1,0,0,2,0.030080566406250016,1.7347234759768071e-17,0
0.5,111/320,4,1/2,sharp_tree,0.34687499999999999,2.7755575615628914e-17,12321/409600,10,1,0,0,3,0.030080566406250016,1.7347234759768071e-17,0
1,111/320,4,1/2,sharp_tree,0.34687499999999999,0,12321/409600,10,1,0,0,0,0.030080566406250026,2.7755575615628914e-17,5.5511151231257827e-17
1,111/320,4,1/2,sharp_tree,0.34687499999999999,3.4694469519536142e-17,12321/409600,10,1,0,0,1,0.030080566406250026,2.7755575615628914e-17,5.5511151231257827e-17
1,111/320,4,1/2,sharp_tree,0.34687499999999999,2.0816681711721685e-17,12321/409600,10,1,0,0,2,0.030080566406250026,2.7755575615628914e-17,5.5511151231257827e-17
1,111/320,4,1/2,sharp_tree,0.34687499999999999,2.0816681711721685e-17,12321/409600,10,1,0,0,3,0.030080566406250026,2.7755575615628914e-17,5.5511151231257827e-17
0,10951/200000,4,9/10,sharp_tree,0.054754999999999998,1.7347234759768071e-18,119924401/160000000000,10,1,0,0,0,0.00074952750625000074,7.589415207398531e-19,6.9388939039072284e-18
0,10951/200000,4,9/10,sharp_tree,0.054754999999999998,1.3877787807814457e-17,119924401/160000000000,10,1,0,0,1,0.00074952750625000074,7.589415207398531e-19,6.9388939039072284e-18
0,10951/200000,4,9/10,sharp_tree,0.054754999999999998,1.7347234759768071e-18,119924401/160000000000,10,1,0,0,2,0.00074952750625000074,7.589415207398531e-19,6.9388939039072284e-18
0,10951/200000,4,9/10,sharp_tree,0.054754999999999998,1.7347234759768071e-18,119924401/160000000000,10,1,0,0,3,0.00074952750625000074,7.589415207398531e-19,6.9388939039072284e-18
0.5,10951/200000,4,9/10,sharp_tree,0.054754999999999998,2.7755575615628914e-17,119924401/160000000000,10,1,0,0,0,0.00074952750625000518,5.2041704279304213e-18,6.9388939039072284e-18
0.5,10951/200000,4,9/10,sharp_tree,0.054754999999999998,3.1225022567582528e-17,119924401/160000000000,10,1,0,0,1,0.00074952750625000518,5.2041704279304213e-18,6.9388939039072284e-18
0.5,10951/200000,4,9/10,sharp_tree,0.054754999999999998,3.4694469519536142e-17,119924401/160000000000,10,1,0,0,2,0.00074952750625000518,5.2041704279304213e-18,6.9388939039072284e-18
0.5,10951/200000,4,9/10,sharp_tree,0.054754999999999998,2.4286128663675299e-17,119924401/160000000000,10,1,0,0,3,0.00074952750625000518,5.2041704279304213e-18,6.9388939039072284e-18
1,10951/200000,4,9/10,sharp_tree,0.054754999999999998,5.5511151231257827e-17,119924401/160000000000,10,1,0,0,0,0.00074952750625001418,1.4203048459560108e-17,0
1,10951/200000,4,9/10,sharp_tree,0.054754999999999998,4.163336342344337e-17,119924401/160000000000,10,1,0,0,1,0.00074952750625001418,1.4203048459560108e-17,0
1,10951/200000,4,9/10,sharp_tree,0.054754999999999998,4.163336342344337e-17,119924401/160000000000,10,1,0,0,2,0.00074952750625001592,1.5937771935536915e-17,0
1,10951/200000,4,9/10,sharp_tree,0.054754999999999998,4.163336342344337e-17,119924401/160000000000,10,1,0,0,3,0.00074952750625001592,1.5937771935536915e-17,0
0,737037/1000000,5,1/10,sharp_tree,0.73703700000000005,1.1102230246251565e-16,543223539369/4000000000000,12,1,0,0,0,0.13580588484225004,2.7755575615628914e-17,1.1102230246251565e-16
0,737037/1000000,5,1/10,sharp_tree,0.73703700000000005,1.6653345369377348e-16,543223539369/4000000000000,12,1,0,0,1,0.13580588484225004,2.7755575615628914e-17,1.1102230246251565e-16
0,737037/1000000,5,1/10,sharp_tree,0.73703700000000005,2.2204460492503131e-16,543223539369/4000000000000,12,1,0,0,2,0.13580588484225004,2.7755575615628914e-17,1.1102230246251565e-16
0,737037/1000000,5,1/10,sharp_tree,0.73703700000000005,2.2204460492503131e-16,543223539369/4000000000000,12,1,0,0,3,0.13580588484225004,2.7755575615628914e-17,1.1102230246251565e-16
0,737037/1000000,5,1/10,sharp_tree,0.73703700000000005,2.2204460492503131e-16,543223539369/4000000000000,12,1,0,0,4,0.13580588484225004,2.7755575615628914e-17,1.1102230246251565e-16
0.5,737037/1000000,5,1/10,sharp_tree,0.73703700000000005,2.2204460492503131e-16,543223539369/4000000000000,12,1,0,0,0,0.13580588484225004,2.7755575615628914e-17,2.2204460492503131e-16
0.5,737037/1000000,5,1/10,sharp_tree,0.73703700000000005,2.2204460492503131e-16,543223539369/4000000000000,12,1,0,0,1,0.13580588484225004,2.7755575615628914e-17,2.2204460492503131e-16
0.5,737037/1000000,5,1/10,sharp_tree,0.73703700000000005,2.2204460492503131e-16,543223539369/4000000000000,12,1,0,0,2,0.13580588484225004,2.7755575615628914e-17,2.2204460492503131e-16
0.5,737037/1000000,5,1/10,sharp_tree,0.73703700000000005,2.2204460492503131e-16,543223539369/4000000000000,12,1,0,0,3,0.13580588484225004,2.7755575615628914e-17,2.2204460492503131e-16
0.5,737037/1000000,5,1/10,sharp_tree,0.73703700000000005,2.2204460492503131e-16,543223539369/4000000000000,12,1,0,0,4,0.13580588484225004,2.7755575615628914e-17,2.2204460492503131e-16
1,737037/1000000,5,1/10,sharp_tree,0.73703700000000005,2.7755575615628914e-16,543223539369/4000000000000,12,1,0,0,0,0.13580588484225001,0,3.3306690738754696e-16
1,737037/1000000,5,1/10,sharp_tree,0.73703700000000005,2.7755575615628914e-16,543223539369/4000000000000,12,1,0,0,1,0.13580588484225001,0,3.3306690738754696e-16
1,737037/1000000,5,1/10,sharp_tree,0.73703700000000005,2.7755575615628914e-16,543223539369/4000000000000,12,1,0,0,2,0.13580588484225001,0,3.3306690738754696e-16
1,737037/1000000,5,1/10,sharp_tree,0.73703700000000005,2.2204460492503131e-16,543223539369/4000000000000,12,1,0,0,3,0.13580588484225001,0,3.3306690738754696e-16
1,737037/1000000,5,1/10,sharp_tree,0.73703700000000005,2.2204460492503131e-16,543223539369/4000000000000,12,1,0,0,4,0.13580588484224998,2.7755575615628914e-17,3.3306690738754696e-16
0,117/320,5,1/2,sharp_tree,0.36562499999999998,2.7755575615628914e-17,13689/409600,12,1,0,0,0,0.033420410156250011,1.3877787807814457e-17,0
0,117/320,5,1/2,sharp_tree,0.36562499999999998,0,13689/409600,12,1,0,0,1,0.033420410156250011,1.3877787807814457e-17,0
0,117/320,5,1/2,sharp_tree,0.36562499999999998,5.5511151231257827e-17,13689/409600,12,1,0,0,2,0.033420410156250011,1.3877787807814457e-17,0
0,117/320,5,1/2,sharp_tree,0.36562499999999998,2.7755575615628914e-17,13689/409600,12,1,0,0,3,0.033420410156250011,1.3877787807814457e-17,0
0,117/320,5,1/2,sharp_tree,0.36562499999999998,2.7755575615628914e-17,13689/409600,12,1,0,0,4,0.033420410156250011,1.3877787807814457e-17,0
0.5,117/320,5,1/2,sharp_tree,0.36562499999999998,0,13689/409600,12,1,0,0,0,0.033420410156250024,2.7755575615628914e-17,0
0.5,117/320,5,1/2,sharp_tree,0.36562499999999998,0,13689/409600,12,1,0,0,1,0.033420410156250024,2.7755575615628914e-17,0
0.5,117/320,5,1/2,sharp_tree,0.36562499999999998,0,13689/409600,12,1,0,0,2,0.033420410156250024,2.7755575615628914e-17,0
0.5,117/320,5,1/2,sharp_tree,0.36562499999999998,0,13689/409600,12,1,0,0,3,0.033420410156250024,2.7755575615628914e-17,0
0.5,117/320,5,1/2,sharp_tree,0.36562499999999998,0,13689/409600,12,1,0,0,4,0.033420410156250024,2.7755575615628914e-17,0
1,117/320,5,1/2,sharp_tree,0.36562499999999998,0,13689/409600,12,1,0,0,0,0.033420410156250004,6.9388939039072284e-18,0
1,117/320,5,1/2,sharp_tree,0.36562499999999998,5.5511151231257827e-17,13689/409600,12,1,0,0,1,0.033420410156250004,6.9388939039072284e-18,0
1,117/320,5,1/2,sharp_tree,0.36562499999999998,5.5511151231257827e-17,13689/409600,12,1,0,0,2,0.033420410156250004,6.9388939039072284e-18,0
1,117/320,5,1/2,sharp_tree,0.36562499999999998,0,13689/409600,12,1,0,0,3,0.033420410156250004,6.9388939039072284e-18,0
1,117/320,5,1/2,sharp_tree,0.36562499999999998,0,13689/409600,12,1,0,0,4,0.033420410156250004,6.9388939039072284e-18,0
0,168559/3000000,5,9/10,sharp_tree,0.056186333333333331,5.2041704279304213e-18,28412136481/36000000000000,12,1,0,0,0,0.00078922601336111199,8.6736173798840355e-19,1.3877787807814457e-17
0,168559/3000000,5,9/10,sharp_tree,0.056186333333333331,1.3877787807814457e-17,28412136481/36000000000000,12,1,0,0,1,0.00078922601336111199,8.6736173798840355e-19,1.3877787807814457e-17
0,168559/3000000,5,9/10,sharp_tree,0.056186333333333331,1.3877787807814457e-17,28412136481/36000000000000,12,1,0,0,2,0.00078922601336111199,8.6736173798840355e-19,1.3877787807814457e-17
0,168559/3000000,5,9/10,sharp_tree,0.056186333333333331,3.4694469519536142e-18,28412136481/36000000000000,12,1,0,0,3,0.00078922601336111199,8.6736173798840355e-19,1.3877787807814457e-17
0,168559/3000000,5,9/10,sharp_tree,0.056186333333333331,3.4694469519536142e-18,28412136481/36000000000000,12,1,0,0,4,0.00078922601336111199,8.6736173798840355e-19,1.3877787807814457e-17
0.5,168559/3000000,5,9/10,sharp_tree,0.056186333333333331,3.1225022567582528e-17,28412136481/36000000000000,12,1,0,0,0,0.00078922601336111633,5.2041704279304213e-18,6.9388939039072284e-18
0.5,168559/3000000,5,9/10,sharp_tree,0.056186333333333331,3.4694469519536142e-17,28412136481/36000000000000,12,1,0,0,1,0.00078922601336111633,5.2041704279304213e-18,6.9388939039072284e-18
0.5,168559/3000000,5,9/10,sharp_tree,0.056186333333333331,3.4694469519536142e-17,28412136481/36000000000000,12,1,0,0,2,0.00078922601336111633,5.2041704279304213e-18,6.9388939039072284e-18
0.5,168559/3000000,5,9/10,sharp_tree,0.056186333333333331,3.1225022567582528e-17,28412136481/36000000000000,12,1,0,0,3,0.00078922601336111633,5.2041704279304213e-18,6.9388939039072284e-18
0.5,168559/3000000,5,9/10,sharp_tree,0.056186333333333331,3.1225022567582528e-17,28412136481/36000000000000,12,1,0,0,4,0.00078922601336111633,5.2041704279304213e-18,6.9388939039072284e-18
1,168559/3000000,5,9/10,sharp_tree,0.056186333333333331,4.163336342344337e-17,28412136481/36000000000000,12,1,0,0,0,0.00078922601336112695,1.5829351718288365e-17,6.9388939039072284e-18
1,168559/3000000,5,9/10,sharp_tree,0.056186333333333331,4.163336342344337e-17,28412136481/36000000000000,12,1,0,0,1,0.00078922601336112695,1.5829351718288365e-17,6.9388939039072284e-18
1,168559/3000000,5,9/10,sharp_tree,0.056186333333333331,4.163336342344337e-17,28412136481/36000000000000,12,1,0,0,2,0.00078922601336112695,1.5829351718288365e-17,6.9388939039072284e-18
1,168559/3000000,5,9/10,sharp_tree,0.056186333333333331,4.5102810375396984e-17,28412136481/36000000000000,12,1,0,0,3,0.00078922601336112695,1.5829351718288365e-17,6.9388939039072284e-18
1,168559/3000000,5,9/10,sharp_tree,0.056186333333333331,4.5102810375396984e-17,28412136481/36000000000000,12,1,0,0,4,0.00078922601336112695,1.5829351718288365e-17,6.9388939039072284e-18
