scope,alpha,method,profiles,released
all_profiles,1/100,generic,231,24
all_profiles,1/100,range_markov,231,24
all_profiles,1/100,c5,231,24
all_profiles,1/100,moment_bound,231,73
strictly_interior_moments,1/100,generic,111,0
strictly_interior_moments,1/100,range_markov,111,0
strictly_interior_moments,1/100,c5,111,0
strictly_interior_moments,1/100,moment_bound,111,0
all_profiles,1/20,generic,231,33
all_profiles,1/20,range_markov,231,35
all_profiles,1/20,c5,231,33
all_profiles,1/20,moment_bound,231,74
strictly_interior_moments,1/20,generic,111,0
strictly_interior_moments,1/20,range_markov,111,0
strictly_interior_moments,1/20,c5,111,0
strictly_interior_moments,1/20,moment_bound,111,0
all_profiles,1/10,generic,231,55
all_profiles,1/10,range_markov,231,67
all_profiles,1/10,c5,231,59
all_profiles,1/10,moment_bound,231,96
strictly_interior_moments,1/10,generic,111,21
strictly_interior_moments,1/10,range_markov,111,21
strictly_interior_moments,1/10,c5,111,21
strictly_interior_moments,1/10,moment_bound,111,21
