c5,exact_definition_check,exact_mean,exact_risk,exact_witness,full_boundary_min_gap,full_lp_solves,full_probe_min_gap,full_probe_z,full_table_status,generic,m,mean,moment_bound,moment_lp,moment_lp_error,moments,p,profile,range_markov,stage,witness_states
1,True,0,1,True,0,1,,,RUN,1,2,0,1,1,0,0,1/10,constant_0,1,profile,1
0.81818181818181823,True,1/10,9/11,True,1.3877787807814457e-17,2,0.055000000000000007,10/11,RUN,0.90000000000000002,2,0.10000000000000001,0.81818181818181823,0.81818181818181823,0,1/10,1/10,constant_1/10,0.81818181818181823,profile,2
0.33333333333333331,True,1/2,1/3,True,5.5511151231257827e-17,2,0.37500000000000006,2/3,RUN,0.5,2,0.5,0.33333333333333331,0.33333333333333331,0,1/2,1/10,constant_1/2,0.33333333333333331,profile,2
0.052631578947368418,True,9/10,1/19,True,7.2164496600635175e-16,2,0.85500000000000009,10/19,RUN,0.10000000000000001,2,0.90000000000000002,0.052631578947368418,0.052631578947368418,0,9/10,1/10,constant_9/10,0.052631578947368418,profile,2
0,True,1,0,True,0,2,1,1/2,RUN,0,2,1,0,-0,0,1,1/10,constant_1,0,profile,1
0.33333333333333331,True,1/2,1/3,True,5.5511151231257827e-17,2,0.37500000000000006,2/3,RUN,0.5,2,0.5,0.33333333333333331,0.33333333333333331,0,1/2,1/10,ascending,0.33333333333333331,profile,2
0.33333333333333331,True,1/2,1/3,True,5.5511151231257827e-17,2,0.37500000000000006,2/3,RUN,0.5,2,0.5,0.33333333333333331,0.33333333333333331,0,1/2,1/10,descending,0.33333333333333331,profile,2
1,True,0,1,True,0,1,,,RUN,1,2,0,1,1,0,0,1/10,alternating,1,profile,1
0,True,1,0,True,0,2,1,1/2,RUN,0,2,1,0,-0,0,1,1/10,random_271,0,profile,1
1,True,0,1,True,0,1,,,RUN,1,2,0,1,1,0,0,1/10,random_811,1,profile,1
1,True,0,1,True,0,1,,,RUN,1,2,0,1,1,0,0,1/10,random_1619,1,profile,1
1,True,0,1,True,0,1,,,RUN,1,2,0,1,1,0,0,1/2,constant_0,1,profile,1
0.81818181818181823,True,1/10,9/11,True,1.3877787807814457e-17,2,0.055000000000000007,10/11,RUN,0.90000000000000002,2,0.10000000000000001,0.81818181818181823,0.81818181818181823,0,1/10,1/2,constant_1/10,0.81818181818181823,profile,2
0.33333333333333331,True,1/2,1/3,True,5.5511151231257827e-17,2,0.37500000000000006,2/3,RUN,0.5,2,0.5,0.33333333333333331,0.33333333333333331,0,1/2,1/2,constant_1/2,0.33333333333333331,profile,2
0.052631578947368418,True,9/10,1/19,True,7.2164496600635175e-16,2,0.85500000000000009,10/19,RUN,0.10000000000000001,2,0.90000000000000002,0.052631578947368418,0.052631578947368418,0,9/10,1/2,constant_9/10,0.052631578947368418,profile,2
0,True,1,0,True,0,2,1,1/2,RUN,0,2,1,0,-0,0,1,1/2,constant_1,0,profile,1
0.33333333333333331,True,1/2,1/3,True,5.5511151231257827e-17,2,0.37500000000000006,2/3,RUN,0.5,2,0.5,0.33333333333333331,0.33333333333333331,0,1/2,1/2,ascending,0.33333333333333331,profile,2
0.33333333333333331,True,1/2,1/3,True,5.5511151231257827e-17,2,0.37500000000000006,2/3,RUN,0.5,2,0.5,0.33333333333333331,0.33333333333333331,0,1/2,1/2,descending,0.33333333333333331,profile,2
1,True,0,1,True,0,1,,,RUN,1,2,0,1,1,0,0,1/2,alternating,1,profile,1
0,True,1,0,True,0,2,1,1/2,RUN,0,2,1,0,-0,0,1,1/2,random_271,0,profile,1
1,True,0,1,True,0,1,,,RUN,1,2,0,1,1,0,0,1/2,random_811,1,profile,1
1,True,0,1,True,0,1,,,RUN,1,2,0,1,1,0,0,1/2,random_1619,1,profile,1
1,True,0,1,True,0,1,,,RUN,1,2,0,1,1,0,0,9/10,constant_0,1,profile,1
0.81818181818181823,True,1/10,9/11,True,1.3877787807814457e-17,2,0.055000000000000007,10/11,RUN,0.90000000000000002,2,0.10000000000000001,0.81818181818181823,0.81818181818181823,0,1/10,9/10,constant_1/10,0.81818181818181823,profile,2
0.33333333333333331,True,1/2,1/3,True,5.5511151231257827e-17,2,0.37500000000000006,2/3,RUN,0.5,2,0.5,0.33333333333333331,0.33333333333333331,0,1/2,9/10,constant_1/2,0.33333333333333331,profile,2
0.052631578947368418,True,9/10,1/19,True,7.2164496600635175e-16,2,0.85500000000000009,10/19,RUN,0.10000000000000001,2,0.90000000000000002,0.052631578947368418,0.052631578947368418,0,9/10,9/10,constant_9/10,0.052631578947368418,profile,2
0,True,1,0,True,0,2,1,1/2,RUN,0,2,1,0,-0,0,1,9/10,constant_1,0,profile,1
0.33333333333333331,True,1/2,1/3,True,5.5511151231257827e-17,2,0.37500000000000006,2/3,RUN,0.5,2,0.5,0.33333333333333331,0.33333333333333331,0,1/2,9/10,ascending,0.33333333333333331,profile,2
0.33333333333333331,True,1/2,1/3,True,5.5511151231257827e-17,2,0.37500000000000006,2/3,RUN,0.5,2,0.5,0.33333333333333331,0.33333333333333331,0,1/2,9/10,descending,0.33333333333333331,profile,2
1,True,0,1,True,0,1,,,RUN,1,2,0,1,1,0,0,9/10,alternating,1,profile,1
0,True,1,0,True,0,2,1,1/2,RUN,0,2,1,0,-0,0,1,9/10,random_271,0,profile,1
1,True,0,1,True,0,1,,,RUN,1,2,0,1,1,0,0,9/10,random_811,1,profile,1
1,True,0,1,True,0,1,,,RUN,1,2,0,1,1,0,0,9/10,random_1619,1,profile,1
1,True,0,1,True,0,1,,,RUN,1,3,0,1,1,0,"0,0",1/10,constant_0,1,profile,1
0.85135135135135132,True,1/10,9/11,True,-6.9388939039072284e-18,2,0.055,10/11,RUN,0.90000000000000002,3,0.10000000000000001,0.81818181818181823,0.81818181818181823,0,"1/10,1/10",1/10,constant_1/10,0.81818181818181823,profile,2
0.36602540378443865,True,1/2,1/3,True,8.3266726846886741e-17,2,0.375,2/3,RUN,0.5,3,0.5,0.33333333333333331,0.33333333333333331,0,"1/2,1/2",1/10,constant_1/2,0.33333333333333331,profile,2
0.053939201416945651,True,9/10,1/19,True,7.4940054162198066e-16,2,0.85500000000000009,10/19,RUN,0.10000000000000001,3,0.90000000000000002,0.052631578947368418,0.052631578947368418,0,"9/10,9/10",1/10,constant_9/10,0.052631578947368418,profile,2
0,True,1,0,True,0,2,1,1/2,RUN,0,3,1,0,0,0,"1,1",1/10,constant_1,0,profile,1
0.31746757864487363,True,11/20,0,True,-0.29999999999999999,2,0.40000000000000002,1/2,RUN,0.45000000000000001,3,0.55000000000000004,0,0,0,"0,1",1/10,ascending,0.21428571428571427,profile,1
0.4174675786448736,True,9/20,0,True,-0.20000000000000001,2,0.099999999999999978,1/2,RUN,0.55000000000000004,3,0.45000000000000001,0,0,0,"1,0",1/10,descending,0.4375,profile,1
0.31746757864487363,True,11/20,0,True,-0.29999999999999999,2,0.40000000000000002,1/2,RUN,0.45000000000000001,3,0.55000000000000004,0,0,0,"0,1",1/10,alternating,0.21428571428571427,profile,1
0.076332386531270016,True,69/80,0,True,-0.049999999999999989,2,0.77500000000000002,1/2,RUN,0.13750000000000001,3,0.86250000000000004,0,0,0,"1,3/4",1/10,random_271,0.092105263157894732,profile,1
0.45793451792768419,True,33/80,1/4,True,-2.7755575615628914e-17,2,0.26999999999999996,5/8,RUN,0.58750000000000002,3,0.41249999999999998,0.25,0.25,0,"0,3/4",1/10,random_811,0.36538461538461536,profile,2
0.31746757864487363,True,11/20,0,True,-0.29999999999999999,2,0.40000000000000002,1/2,RUN,0.45000000000000001,3,0.55000000000000004,0,0,0,"0,1",1/10,random_1619,0.21428571428571427,profile,1
1,True,0,1,True,0,1,,,RUN,1,3,0,1,1,0,"0,0",1/2,constant_0,1,profile,1
0.83333333333333337,True,1/10,9/11,True,0,2,0.055000000000000007,10/11,RUN,0.90000000000000002,3,0.10000000000000001,0.81818181818181823,0.81818181818181823,0,"1/10,1/10",1/2,constant_1/10,0.81818181818181823,profile,2
0.35714285714285715,True,1/2,1/3,True,5.5511151231257827e-17,2,0.37500000000000006,2/3,RUN,0.5,3,0.5,0.33333333333333331,0.33333333333333331,0,"1/2,1/2",1/2,constant_1/2,0.33333333333333331,profile,2
0.053939201416945651,True,9/10,1/19,True,7.2164496600635175e-16,2,0.8550000000000002,10/19,RUN,0.10000000000000001,3,0.90000000000000002,0.052631578947368418,0.052631578947368432,1.3877787807814457e-17,"9/10,9/10",1/2,constant_9/10,0.052631578947368418,profile,2
0,True,1,0,True,-5.5511151231257827e-17,2,1,1/2,RUN,0,3,1,0,0,0,"1,1",1/2,constant_1,0,profile,1
0.15138781886599734,True,3/4,0,True,-0.16666666666666669,2,0.66666666666666674,1/2,RUN,0.25,3,0.75,0,0,0,"0,1",1/2,ascending,0.10000000000000001,profile,1
0.625,True,1/4,5/8,True,0,2,0.15384615384615383,13/16,RUN,0.75,3,0.25,0.625,0.62500000000000011,1.1102230246251565e-16,"1,0",1/2,descending,0.625,profile,2
0.15138781886599734,True,3/4,0,True,-0.16666666666666669,2,0.66666666666666674,1/2,RUN,0.25,3,0.75,0,0,0,"0,1",1/2,alternating,0.10000000000000001,profile,1
0.10818249141601471,True,13/16,0,True,-0.08333333333333337,2,0.70833333333333337,1/2,RUN,0.1875,3,0.8125,0,-0,0,"1,3/4",1/2,random_271,0.11363636363636363,profile,1
0.30172413793103448,True,9/16,5/28,True,1.1102230246251565e-16,2,0.43181818181818188,33/56,RUN,0.4375,3,0.5625,0.17857142857142858,0.17857142857142855,2.7755575615628914e-17,"0,3/4",1/2,random_811,0.25,profile,2
0.15138781886599734,True,3/4,0,True,-0.16666666666666669,2,0.66666666666666674,1/2,RUN,0.25,3,0.75,0,0,0,"0,1",1/2,random_1619,0.10000000000000001,profile,1
1,True,0,1,True,0,1,,,RUN,1,3,0,1,1,0,"0,0",9/10,constant_0,1,profile,1
0.82075471698113212,True,1/10,9/11,True,1.3877787807814457e-17,2,0.055000000000000007,10/11,RUN,0.90000000000000002,3,0.10000000000000001,0.81818181818181823,0.81818181818181823,0,"1/10,1/10",9/10,constant_1/10,0.81818181818181823,profile,2
0.33720930232558138,True,1/2,1/3,True,5.5511151231257827e-17,2,0.375,2/3,RUN,0.5,3,0.5,0.33333333333333331,0.33333333333333331,0,"1/2,1/2",9/10,constant_1/2,0.33333333333333331,profile,2
0.05350553505535055,True,9/10,1/19,True,7.2164496600635175e-16,2,0.85500000000000032,10/19,RUN,0.10000000000000001,3,0.90000000000000002,0.052631578947368418,0.052631578947368418,0,"9/10,9/10",9/10,constant_9/10,0.052631578947368418,profile,2
0,True,1,0,True,0,2,1,1/2,RUN,0,3,1,0,0,0,"1,1",9/10,constant_1,0,profile,1
0.025961064797156753,True,19/20,0,True,-0.033333333333333326,2,0.93333333333333335,1/2,RUN,0.050000000000000003,3,0.94999999999999996,0,0,0,"0,1",9/10,ascending,0.017241379310344827,profile,1
0.90625,True,1/20,29/32,True,0,2,0.026229508196721311,61/64,RUN,0.94999999999999996,3,0.050000000000000003,0.90625,0.90624999999999989,1.1102230246251565e-16,"1,0",9/10,descending,0.90625,profile,2
0.025961064797156753,True,19/20,0,True,-0.033333333333333326,2,0.93333333333333335,1/2,RUN,0.050000000000000003,3,0.94999999999999996,0,0,0,"0,1",9/10,alternating,0.017241379310344827,profile,1
0.13679245283018868,True,61/80,29/212,True,1.6653345369377348e-16,2,0.67074688796680504,241/424,RUN,0.23749999999999999,3,0.76249999999999996,0.13679245283018868,0.13679245283018868,0,"1,3/4",9/10,random_271,0.13679245283018868,profile,2
0.17032686414708886,True,57/80,29/196,True,-5.5511151231257827e-17,2,0.61044444444444446,225/392,RUN,0.28749999999999998,3,0.71250000000000002,0.14795918367346939,0.14795918367346939,0,"0,3/4",9/10,random_811,0.16176470588235295,profile,2
0.025961064797156753,True,19/20,0,True,-0.033333333333333326,2,0.93333333333333335,1/2,RUN,0.050000000000000003,3,0.94999999999999996,0,0,0,"0,1",9/10,random_1619,0.017241379310344827,profile,1
1,True,0,1,True,0,1,,,RUN,1,4,0,1,1,0,"0,0,0",1/10,constant_0,1,profile,1
0.85283593330127394,True,1/10,9/11,True,0,2,0.055000000000000007,10/11,RUN,0.90000000000000002,4,0.10000000000000001,0.81818181818181823,0.81818181818181823,0,"1/10,1/10,1/10",1/10,constant_1/10,0.81818181818181823,profile,2
0.37739115633356973,True,1/2,1/3,True,2.7755575615628914e-17,2,0.375,2/3,RUN,0.5,4,0.5,0.33333333333333331,0.33333333333333331,0,"1/2,1/2,1/2",1/10,constant_1/2,0.33333333333333331,profile,2
0.05523431780746365,True,9/10,1/19,True,6.9388939039072284e-16,2,0.8550000000000002,10/19,RUN,0.10000000000000001,4,0.90000000000000002,0.052631578947368418,0.052631578947368418,0,"9/10,9/10,9/10",1/10,constant_9/10,0.052631578947368418,profile,2
0,True,1,0,True,1.3877787807814457e-17,2,1,1/2,RUN,0,4,1,0,0,0,"1,1,1",1/10,constant_1,0,profile,1
0.32998006271941593,True,11/20,0,True,-0.29999999999999999,2,0.40000000000000002,1/2,RUN,0.45000000000000001,4,0.55000000000000004,0,0,0,"0,1/2,1",1/10,ascending,0.21428571428571427,profile,1
0.42730953424851709,True,9/20,33/106,True,6.2450045135165055e-17,2,0.26618705035971224,139/212,RUN,0.55000000000000004,4,0.45000000000000001,0.31132075471698112,0.31132075471698112,0,"1,1/2,0",1/10,descending,0.4375,profile,2
0.52374678721025492,True,9/25,0,True,-0.30499999999999994,2,0.025000000000000029,1/2,RUN,0.64000000000000001,4,0.35999999999999999,0,0,0,"0,1,0",1/10,alternating,0.48201438848920863,profile,1
0.10921996464448523,True,327/400,0,True,-0.074374999999999969,2,0.70937499999999998,1/2,RUN,0.1825,4,0.8175,0,0,0,"1,3/4,3/4",1/10,random_271,0.11681296421336934,profile,1
0.42220238833029267,True,91/200,14/45,True,0,2,0.32758474576271185,59/90,RUN,0.54500000000000004,4,0.45500000000000002,0.31111111111111112,0.31111111111111112,0,"0,3/4,1/2",1/10,random_811,0.34767025089605735,profile,2
0.42475272524304836,True,181/400,0,True,-0.27937499999999993,2,0.18437500000000001,1/2,RUN,0.54749999999999999,4,0.45250000000000001,0,0,0,"0,1,1/4",1/10,random_1619,0.37207285342584562,profile,1
1,True,0,1,True,0,1,,,RUN,1,4,0,1,1,0,"0,0,0",1/2,constant_0,1,profile,1
0.84530386740331487,True,1/10,9/11,True,-6.9388939039072284e-18,2,0.054999999999999993,10/11,RUN,0.90000000000000002,4,0.10000000000000001,0.81818181818181823,0.81818181818181823,0,"1/10,1/10,1/10",1/2,constant_1/10,0.81818181818181823,profile,2
0.36391691251201813,True,1/2,1/3,True,1.1102230246251565e-16,2,0.37500000000000006,2/3,RUN,0.5,4,0.5,0.33333333333333331,0.33333333333333331,0,"1/2,1/2,1/2",1/2,constant_1/2,0.33333333333333331,profile,2
0.055020191286271475,True,9/10,1/19,True,6.9388939039072284e-16,2,0.85499999999999998,10/19,RUN,0.10000000000000001,4,0.90000000000000002,0.052631578947368418,0.052631578947368432,1.3877787807814457e-17,"9/10,9/10,9/10",1/2,constant_9/10,0.052631578947368418,profile,2
0,True,1,0,True,2.7755575615628914e-17,2,1,1/2,RUN,0,4,1,0,0,0,"1,1,1",1/2,constant_1,0,profile,1
0.15262453673535104,True,3/4,0,True,-0.16666666666666666,2,0.66666666666666674,1/2,RUN,0.25,4,0.75,0,0,0,"0,1/2,1",1/2,ascending,0.10000000000000001,profile,1
0.64556962025316456,True,1/4,5/8,True,2.7755575615628914e-17,2,0.15384615384615383,13/16,RUN,0.75,4,0.25,0.625,0.62500000000000011,1.1102230246251565e-16,"1,1/2,0",1/2,descending,0.625,profile,2
0.54375402187180499,True,1/3,9/17,True,2.7755575615628914e-17,2,0.2179487179487179,13/17,RUN,0.66666666666666663,4,0.33333333333333331,0.52941176470588236,0.52941176470588236,0,"0,1,0",1/2,alternating,0.52941176470588236,profile,2
0.13787947564596351,True,37/48,23/171,True,1.9428902930940239e-16,2,0.67944587628865971,97/171,RUN,0.22916666666666666,4,0.77083333333333337,0.13450292397660818,0.13450292397660818,0,"1,3/4,3/4",1/2,random_271,0.13450292397660818,profile,2
0.32401051420647264,True,13/24,2/7,True,-8.3266726846886741e-17,2,0.41435185185185175,9/14,RUN,0.45833333333333331,4,0.54166666666666663,0.2857142857142857,0.2857142857142857,0,"0,3/4,1/2",1/2,random_811,0.29729729729729731,profile,2
0.38461538461538464,True,23/48,0,True,-0.23437499999999997,2,0.19270833333333331,1/2,RUN,0.52083333333333337,4,0.47916666666666669,0,0,0,"0,1,1/4",1/2,random_1619,0.37414965986394561,profile,1
1,True,0,1,True,0,1,,,RUN,1,4,0,1,1,0,"0,0,0",9/10,constant_0,1,profile,1
0.8232512636556335,True,1/10,9/11,True,-1.3877787807814457e-17,2,0.055,10/11,RUN,0.90000000000000002,4,0.10000000000000001,0.81818181818181823,0.81818181818181823,0,"1/10,1/10,1/10",9/10,constant_1/10,0.81818181818181823,profile,2
0.34103343465045594,True,1/2,1/3,True,5.5511151231257827e-17,2,0.37500000000000006,2/3,RUN,0.5,4,0.5,0.33333333333333331,0.33333333333333331,0,"1/2,1/2,1/2",9/10,constant_1/2,0.33333333333333331,profile,2
0.053917565014543062,True,9/10,1/19,True,7.2164496600635175e-16,2,0.8550000000000002,10/19,RUN,0.10000000000000001,4,0.90000000000000002,0.052631578947368418,0.052631578947368418,0,"9/10,9/10,9/10",9/10,constant_9/10,0.052631578947368418,profile,2
0,True,1,0,True,0,2,0.99999999999999989,1/2,RUN,0,4,1,0,0,0,"1,1,1",9/10,constant_1,0,profile,1
0.025966970553023931,True,19/20,0,True,-0.033333333333333326,2,0.93333333333333324,1/2,RUN,0.050000000000000003,4,0.94999999999999996,0,0,0,"0,1/2,1",9/10,ascending,0.017241379310344827,profile,1
0.90768968747338841,True,1/20,29/32,True,1.3877787807814457e-17,2,0.026229508196721311,61/64,RUN,0.94999999999999996,4,0.050000000000000003,0.90625,0.90624999999999989,1.1102230246251565e-16,"1,1/2,0",9/10,descending,0.90625,profile,2
0.83409130662935105,True,7/75,281/337,True,4.163336342344337e-17,2,0.050895361380798268,309/337,RUN,0.90666666666666662,4,0.093333333333333338,0.83382789317507422,0.83382789317507422,0,"0,1,0",9/10,alternating,0.83382789317507422,profile,2
0.14657080467624295,True,901/1200,599/4203,True,5.5511151231257827e-17,2,0.65717461474385686,2401/4203,RUN,0.24916666666666668,4,0.75083333333333335,0.14251724958363074,0.14251724958363074,0,"1,3/4,3/4",9/10,random_271,0.14251724958363074,profile,2
0.32182155071267382,True,313/600,58/183,True,0,2,0.39588865836791148,241/366,RUN,0.47833333333333333,4,0.52166666666666661,0.31693989071038253,0.31693989071038248,5.5511151231257827e-17,"0,3/4,1/2",9/10,random_811,0.31733914940021812,profile,2
0.52470781640486819,True,383/1200,1687/3219,True,0,2,0.20941653077863839,2453/3219,RUN,0.68083333333333329,4,0.31916666666666665,0.5240757999378689,0.5240757999378689,0,"0,1,1/4",9/10,random_1619,0.5240757999378689,profile,2
1,True,0,1,True,0,1,,,RUN,1,5,0,1,1,0,"0,0,0,0",1/10,constant_0,1,profile,1
0.85854487868573914,True,1/10,9/11,True,-8.6736173798840355e-18,2,0.055000000000000028,10/11,RUN,0.90000000000000002,5,0.10000000000000001,0.81818181818181823,0.81818181818181823,0,"1/10,1/10,1/10,1/10",1/10,constant_1/10,0.81818181818181823,profile,2
0.38298094592161286,True,1/2,1/3,True,9.0205620750793969e-17,2,0.37500000000000006,2/3,RUN,0.5,5,0.5,0.33333333333333331,0.33333333333333331,0,"1/2,1/2,1/2,1/2",1/10,constant_1/2,0.33333333333333331,profile,2
0.056511990494421932,True,9/10,1/19,True,7.4940054162198066e-16,2,0.85499999999999965,10/19,RUN,0.10000000000000001,5,0.90000000000000002,0.052631578947368418,0.052631578947368418,0,"9/10,9/10,9/10,9/10",1/10,constant_9/10,0.052631578947368418,profile,2
0,True,1,0,True,2.0816681711721685e-17,2,0.99999999999999989,1/2,RUN,0,5,1,0,0,0,"1,1,1,1",1/10,constant_1,0,profile,1
0.33373673665628528,True,11/20,0,True,-0.30000000000000004,2,0.39999999999999986,1/2,RUN,0.45000000000000001,5,0.55000000000000004,0,0,0,"0,1/3,2/3,1",1/10,ascending,0.21428571428571427,profile,1
0.43471950753299377,True,9/20,2679/7358,True,3.4694469519536142e-18,2,0.28683869682175944,10037/14716,RUN,0.55000000000000004,5,0.45000000000000001,0.3640935036694754,0.3640935036694754,0,"1,2/3,1/3,0",1/10,descending,0.4375,profile,2
0.34241519062508102,True,541/1000,0,True,-0.26820000000000005,2,0.35020000000000001,1/2,RUN,0.45900000000000002,5,0.54100000000000004,0,0,0,"0,1,0,1",1/10,alternating,0.26072697458321947,profile,1
0.079484124545126378,True,173/200,0,True,-0.07312499999999994,2,0.80312499999999998,1/2,RUN,0.13500000000000001,5,0.86499999999999999,0,0,0,"1,3/4,3/4,1",1/10,random_271,0.066756574511126099,profile,1
0.33939258564419111,True,4353/8000,1546/7069,True,-6.9388939039072284e-18,2,0.42172467788740575,8615/14138,RUN,0.45587499999999997,5,0.54412499999999997,0.21870137218842836,0.21870137218842836,0,"0,3/4,1/2,3/4",1/10,random_811,0.25974423508604855,profile,2
0.56589590844402893,True,5319/16000,29461/56056,True,-9.0205620750793969e-17,2,0.21791125156401644,85517/112112,RUN,0.66756249999999995,5,0.3324375,0.5255637219922934,0.5255637219922934,0,"0,1,1/4,0",1/10,random_1619,0.5255637219922934,profile,2
1,True,0,1,True,1.3877787807814457e-17,1,,,RUN,1,5,0,1,1,0,"0,0,0,0",1/2,constant_0,1,profile,1
0.84930613801761545,True,1/10,9/11,True,2.4286128663675299e-17,2,0.055000000000000007,10/11,RUN,0.90000000000000002,5,0.10000000000000001,0.81818181818181823,0.81818181818181823,0,"1/10,1/10,1/10,1/10",1/2,constant_1/10,0.81818181818181823,profile,2
0.36710540228221306,True,1/2,1/3,True,1.3877787807814457e-16,2,0.375,2/3,RUN,0.5,5,0.5,0.33333333333333331,0.33333333333333331,0,"1/2,1/2,1/2,1/2",1/2,constant_1/2,0.33333333333333331,profile,2
0.055167050628572113,True,9/10,1/19,True,8.0491169285323849e-16,2,0.85499999999999987,10/19,RUN,0.10000000000000001,5,0.90000000000000002,0.052631578947368418,0.052631578947368418,0,"9/10,9/10,9/10,9/10",1/2,constant_9/10,0.052631578947368418,profile,2
0,True,1,0,True,-8.3266726846886741e-17,2,1,1/2,RUN,0,5,1,0,0,0,"1,1,1,1",1/2,constant_1,0,profile,1
0.15637312618136842,True,3/4,0,True,-0.16666666666666671,2,0.66666666666666663,1/2,RUN,0.25,5,0.75,0,0,0,"0,1/3,2/3,1",1/2,ascending,0.10000000000000001,profile,1
0.64590716392351699,True,1/4,5/8,True,-2.7755575615628914e-17,2,0.15384615384615383,13/16,RUN,0.75,5,0.25,0.625,0.625,0,"1,2/3,1/3,0",1/2,descending,0.625,profile,2
0.25401332535465643,True,5/8,0,True,-0.22500000000000006,2,0.47499999999999998,1/2,RUN,0.375,5,0.625,0,0,0,"0,1,0,1",1/2,alternating,0.19354838709677419,profile,1
0.07051087399668686,True,7/8,0,True,-0.078125000000000028,2,0.82812500000000011,1/2,RUN,0.125,5,0.875,0,0,0,"1,3/4,3/4,1",1/2,random_271,0.050847457627118647,profile,1
0.24100048026215476,True,41/64,14/81,True,-8.3266726846886741e-17,2,0.52381578947368412,95/162,RUN,0.359375,5,0.640625,0.1728395061728395,0.1728395061728395,0,"0,3/4,1/2,3/4",1/2,random_811,0.20542635658914729,profile,2
0.65582228931976183,True,31/128,269/424,True,3.4694469519536142e-17,2,0.14817821067821069,693/848,RUN,0.7578125,5,0.2421875,0.63443396226415094,0.63443396226415094,0,"0,1,1/4,0",1/2,random_1619,0.63443396226415094,profile,2
1,True,0,1,True,0,1,,,RUN,1,5,0,1,1,0,"0,0,0,0",9/10,constant_0,1,profile,1
0.82567216837665758,True,1/10,9/11,True,0,2,0.055000000000000007,10/11,RUN,0.90000000000000002,5,0.10000000000000001,0.81818181818181823,0.81818181818181823,0,"1/10,1/10,1/10,1/10",9/10,constant_1/10,0.81818181818181823,profile,2
0.34480262155159275,True,1/2,1/3,True,0,2,0.375,2/3,RUN,0.5,5,0.5,0.33333333333333331,0.33333333333333331,0,"1/2,1/2,1/2,1/2",9/10,constant_1/2,0.33333333333333331,profile,2
0.053940045839898962,True,9/10,1/19,True,7.2164496600635175e-16,2,0.85500000000000032,10/19,RUN,0.10000000000000001,5,0.90000000000000002,0.052631578947368418,0.052631578947368418,0,"9/10,9/10,9/10,9/10",9/10,constant_9/10,0.052631578947368418,profile,2
0,True,1,0,True,1.1102230246251565e-16,2,0.99999999999999989,1/2,RUN,0,5,1,0,0,0,"1,1,1,1",9/10,constant_1,0,profile,1
0.025993932657399868,True,19/20,0,True,-0.033333333333333215,2,0.93333333333333324,1/2,RUN,0.050000000000000003,5,0.94999999999999996,0,0,0,"0,1/3,2/3,1",9/10,ascending,0.017241379310344827,profile,1
0.90908177617038377,True,1/20,29/32,True,-2.0816681711721685e-17,2,0.026229508196721311,61/64,RUN,0.94999999999999996,5,0.050000000000000003,0.90625,0.90624999999999989,1.1102230246251565e-16,"1,2/3,1/3,0",9/10,descending,0.90625,profile,2
0.072308294789985461,True,869/1000,0,True,-0.085799999999999932,2,0.82379999999999987,1/2,RUN,0.13100000000000001,5,0.86899999999999999,0,0,0,"0,1,0,1",9/10,alternating,0.049442135200175014,profile,1
0.017997087119101536,True,193/200,0,True,-0.023124999999999951,2,0.95312499999999989,1/2,RUN,0.035000000000000003,5,0.96499999999999997,0,0,0,"1,3/4,3/4,1",9/10,random_271,0.012156110044785669,profile,1
0.17190164545821141,True,5737/8000,758/5087,True,-2.7755575615628914e-16,2,0.61615820359281448,5845/10174,RUN,0.28287499999999999,5,0.71712500000000001,0.14900727344210732,0.14900727344210732,0,"0,3/4,1/2,3/4",9/10,random_811,0.15973402073935203,profile,2
0.92320900092583047,True,671/16000,38909/42264,True,0,2,0.021835419412858961,81173/84528,RUN,0.95806250000000004,5,0.041937500000000003,0.92061802006435733,0.92061802006435733,0,"0,1,1/4,0",9/10,random_1619,0.92061802006435733,profile,2
1,,0,1,True,,0,,,NOT_RUN_DIMENSION_CAP,1,8,0,1,1,0,"0,0,0,0,0,0,0",1/10,constant_0,1,profile,1
0.86270375844778735,,1/10,9/11,True,,0,,,NOT_RUN_DIMENSION_CAP,0.90000000000000002,8,0.10000000000000001,0.81818181818181823,0.81818181818181823,0,"1/10,1/10,1/10,1/10,1/10,1/10,1/10",1/10,constant_1/10,0.81818181818181823,profile,2
0.39540082488032779,,1/2,1/3,True,,0,,,NOT_RUN_DIMENSION_CAP,0.5,8,0.5,0.33333333333333331,0.33333333333333331,0,"1/2,1/2,1/2,1/2,1/2,1/2,1/2",1/10,constant_1/2,0.33333333333333331,profile,2
0.058058757288452216,,9/10,1/19,True,,0,,,NOT_RUN_DIMENSION_CAP,0.10000000000000001,8,0.90000000000000002,0.052631578947368418,0.052631578947368418,0,"9/10,9/10,9/10,9/10,9/10,9/10,9/10",1/10,constant_9/10,0.052631578947368418,profile,2
0,,1,0,True,,0,,,NOT_RUN_DIMENSION_CAP,0,8,1,0,0,0,"1,1,1,1,1,1,1",1/10,constant_1,0,profile,1
0.34515782722056526,,11/20,97269/1031650,True,,0,,,NOT_RUN_DIMENSION_CAP,0.45000000000000001,8,0.55000000000000004,0.094284883439150868,0.094284883439150854,1.3877787807814457e-17,"0,1/6,1/3,1/2,2/3,5/6,1",1/10,ascending,0.21428571428571427,profile,2
0.44627563190160791,,9/20,3297942/8325925,True,,0,,,NOT_RUN_DIMENSION_CAP,0.55000000000000004,8,0.45000000000000001,0.3961051775028,0.39610517750279994,5.5511151231257827e-17,"1,5/6,2/3,1/2,1/3,1/6,0",1/10,descending,0.4375,profile,2
0.44420344614584983,,49437/109375,0,True,,0,,,NOT_RUN_DIMENSION_CAP,0.5480045714285714,8,0.45199542857142855,0,0,0,"0,1,0,1,0,1,0",1/10,alternating,0.38868696205261055,profile,1
0.15232214377129527,,10764303/14000000,0,True,,0,,,NOT_RUN_DIMENSION_CAP,0.23112121428571428,8,0.7688787857142857,0,0,0,"1,3/4,3/4,1,1/2,3/4,3/4",1/10,random_271,0.14284769827113469,profile,1
0.56935401743621605,,9434637/28000000,84909793/160386889,True,,0,,,NOT_RUN_DIMENSION_CAP,0.66304867857142857,8,0.33695132142857143,0.52940607258739214,0.52940607258739203,1.1102230246251565e-16,"0,3/4,1/2,3/4,1/4,0,0",1/10,random_811,0.52940607258739214,profile,2
0.52997734209188574,,2604167/7000000,14331151/34193073,True,,0,,,NOT_RUN_DIMENSION_CAP,0.62797614285714287,8,0.37202385714285713,0.41912439399640972,0.41912439399640949,2.2204460492503131e-16,"0,1,1/4,0,3/4,0,1/2",1/10,random_1619,0.46445637472683582,profile,2
1,,0,1,True,,0,,,NOT_RUN_DIMENSION_CAP,1,8,0,1,1,0,"0,0,0,0,0,0,0",1/2,constant_0,1,profile,1
0.85565285320909357,,1/10,9/11,True,,0,,,NOT_RUN_DIMENSION_CAP,0.90000000000000002,8,0.10000000000000001,0.81818181818181823,0.81818181818181823,0,"1/10,1/10,1/10,1/10,1/10,1/10,1/10",1/2,constant_1/10,0.81818181818181823,profile,2
0.37828892706411421,,1/2,1/3,True,,0,,,NOT_RUN_DIMENSION_CAP,0.5,8,0.5,0.33333333333333331,0.33333333333333331,0,"1/2,1/2,1/2,1/2,1/2,1/2,1/2",1/2,constant_1/2,0.33333333333333331,profile,2
0.056210074177106856,,9/10,1/19,True,,0,,,NOT_RUN_DIMENSION_CAP,0.10000000000000001,8,0.90000000000000002,0.052631578947368418,0.052631578947368418,0,"9/10,9/10,9/10,9/10,9/10,9/10,9/10",1/2,constant_9/10,0.052631578947368418,profile,2
0,,1,0,True,,0,,,NOT_RUN_DIMENSION_CAP,0,8,1,0,0,0,"1,1,1,1,1,1,1",1/2,constant_1,0,profile,1
0.16041176484412581,,3/4,0,True,,0,,,NOT_RUN_DIMENSION_CAP,0.25,8,0.75,0,-0,0,"0,1/6,1/3,1/2,2/3,5/6,1",1/2,ascending,0.10000000000000001,profile,1
0.65929623011662464,,1/4,5/8,True,,0,,,NOT_RUN_DIMENSION_CAP,0.75,8,0.25,0.625,0.62500000000000011,1.1102230246251565e-16,"1,5/6,2/3,1/2,1/3,1/6,0",1/2,descending,0.625,profile,2
0.45206497252117772,,3/7,0,True,,0,,,NOT_RUN_DIMENSION_CAP,0.5714285714285714,8,0.42857142857142855,0,0,0,"0,1,0,1,0,1,0",1/2,alternating,0.42168674698795183,profile,1
0.17511009943420561,,655/896,674/5005,True,,0,,,NOT_RUN_DIMENSION_CAP,0.2689732142857143,8,0.7310267857142857,0.13466533466533467,0.1346653346653347,2.7755575615628914e-17,"1,3/4,3/4,1,1/2,3/4,3/4",1/2,random_271,0.15714975068360945,profile,2
0.71242274125328042,,373/1792,6321/9305,True,,0,,,NOT_RUN_DIMENSION_CAP,0.7918526785714286,8,0.20814732142857142,0.67931219774314888,0.67931219774314888,0,"0,3/4,1/2,3/4,1/4,0,0",1/2,random_811,0.67931219774314888,profile,2
0.54907539538395955,,153/448,991/2113,True,,0,,,NOT_RUN_DIMENSION_CAP,0.6584821428571429,8,0.34151785714285715,0.46900141978230003,0.4690014197823002,1.6653345369377348e-16,"0,1,1/4,0,3/4,0,1/2",1/2,random_1619,0.48625393494228752,profile,2
1,,0,1,True,,0,,,NOT_RUN_DIMENSION_CAP,1,8,0,1,1,0,"0,0,0,0,0,0,0",9/10,constant_0,1,profile,1
0.83248998801906771,,1/10,9/11,True,,0,,,NOT_RUN_DIMENSION_CAP,0.90000000000000002,8,0.10000000000000001,0.81818181818181823,0.81818181818181823,0,"1/10,1/10,1/10,1/10,1/10,1/10,1/10",9/10,constant_1/10,0.81818181818181823,profile,2
0.35575277508506903,,1/2,1/3,True,,0,,,NOT_RUN_DIMENSION_CAP,0.5,8,0.5,0.33333333333333331,0.33333333333333331,0,"1/2,1/2,1/2,1/2,1/2,1/2,1/2",9/10,constant_1/2,0.33333333333333331,profile,2
0.054235928454639482,,9/10,1/19,True,,0,,,NOT_RUN_DIMENSION_CAP,0.10000000000000001,8,0.90000000000000002,0.052631578947368418,0.052631578947368432,1.3877787807814457e-17,"9/10,9/10,9/10,9/10,9/10,9/10,9/10",9/10,constant_9/10,0.052631578947368418,profile,2
0,,1,0,True,,0,,,NOT_RUN_DIMENSION_CAP,0,8,1,0,0,0,"1,1,1,1,1,1,1",9/10,constant_1,0,profile,1
0.026183875392102936,,19/20,0,True,,0,,,NOT_RUN_DIMENSION_CAP,0.050000000000000003,8,0.94999999999999996,0,0,0,"0,1/6,1/3,1/2,2/3,5/6,1",9/10,ascending,0.017241379310344827,profile,1
0.91298130908380182,,1/20,29/32,True,,0,,,NOT_RUN_DIMENSION_CAP,0.94999999999999996,8,0.050000000000000003,0.90625,0.90625,0,"1,5/6,2/3,1/2,1/3,1/6,0",9/10,descending,0.90625,profile,2
0.66484223099395989,,23817/109375,737411/1118483,True,,0,,,NOT_RUN_DIMENSION_CAP,0.7822445714285714,8,0.21775542857142857,0.65929567101153974,0.65929567101153985,1.1102230246251565e-16,"0,1,0,1,0,1,0",9/10,alternating,0.65929567101153974,profile,2
0.15683174172353018,,10385183/14000000,13703202/95140621,True,,0,,,NOT_RUN_DIMENSION_CAP,0.2582012142857143,8,0.7417987857142857,0.14403103381046883,0.14403103381046883,0,"1,3/4,3/4,1,1/2,3/4,3/4",9/10,random_271,0.14641759431243859,profile,2
0.97806734794833206,,342477/28000000,111310193/114050009,True,,0,,,NOT_RUN_DIMENSION_CAP,0.98776867857142858,8,0.012231321428571428,0.97597706458751787,0.97597706458751809,2.2204460492503131e-16,"0,3/4,1/2,3/4,1/4,0,0",9/10,random_811,0.97597706458751787,profile,2
0.45279169339807618,,2801707/7000000,23324351/59346113,True,,0,,,NOT_RUN_DIMENSION_CAP,0.59975614285714285,8,0.40024385714285715,0.39302238716122823,0.39302238716122834,1.1102230246251565e-16,"0,1,1/4,0,3/4,0,1/2",9/10,random_1619,0.41750343791685907,profile,2
1,,0,1,True,,0,,,NOT_RUN_DIMENSION_CAP,1,16,0,1,1,0,"0,0,0,0,0,0,0,0,0,0,0,0,0,0,0",1/10,constant_0,1,profile,1
0.86660241415810313,,1/10,9/11,True,,0,,,NOT_RUN_DIMENSION_CAP,0.90000000000000002,16,0.10000000000000001,0.81818181818181823,0.81818181818181823,0,"1/10,1/10,1/10,1/10,1/10,1/10,1/10,1/10,1/10,1/10,1/10,1/10,1/10,1/10,1/10",1/10,constant_1/10,0.81818181818181823,profile,2
0.40226462660080908,,1/2,1/3,True,,0,,,NOT_RUN_DIMENSION_CAP,0.5,16,0.5,0.33333333333333331,0.33333333333333331,0,"1/2,1/2,1/2,1/2,1/2,1/2,1/2,1/2,1/2,1/2,1/2,1/2,1/2,1/2,1/2",1/10,constant_1/2,0.33333333333333331,profile,2
0.060035848662237705,,9/10,1/19,True,,0,,,NOT_RUN_DIMENSION_CAP,0.10000000000000001,16,0.90000000000000002,0.052631578947368418,0.052631578947368418,0,"9/10,9/10,9/10,9/10,9/10,9/10,9/10,9/10,9/10,9/10,9/10,9/10,9/10,9/10,9/10",1/10,constant_9/10,0.052631578947368418,profile,2
0,,1,0,True,,0,,,NOT_RUN_DIMENSION_CAP,0,16,1,0,0,0,"1,1,1,1,1,1,1,1,1,1,1,1,1,1,1",1/10,constant_1,0,profile,1
0.35238246589450262,,11/20,683127572017803/5311934156391226,True,,0,,,NOT_RUN_DIMENSION_CAP,0.45000000000000001,16,0.55000000000000004,0.1286024171056179,0.1286024171056179,0,"0,1/14,1/7,3/14,2/7,5/14,3/7,1/2,4/7,9/14,5/7,11/14,6/7,13/14,1",1/10,ascending,0.21428571428571427,profile,2
0.4541971643719192,,9/20,4804115226337323/11683950617283658,True,,0,,,NOT_RUN_DIMENSION_CAP,0.55000000000000004,16,0.45000000000000001,0.41117216117216071,0.41117216117216088,1.6653345369377348e-16,"1,13/14,6/7,11/14,5/7,9/14,4/7,1/2,3/7,5/14,2/7,3/14,1/7,1/14,0",1/10,descending,0.4375,profile,2
0.42193686612271447,,14673764619/30517578125,0,True,,0,,,NOT_RUN_DIMENSION_CAP,0.51917008096460804,16,0.48082991903539202,0,0,0,"0,1,0,1,0,1,0,1,0,1,0,1,0,1,0",1/10,alternating,0.35780044538337119,profile,1
0.35304961318247396,,1098634320769641/2000000000000000,1513989672173350/6671428963694137,True,,0,,,NOT_RUN_DIMENSION_CAP,0.45068283961517952,16,0.54931716038482048,0.22693634008732907,0.22693634008732919,1.1102230246251565e-16,"1,3/4,3/4,1,1/2,3/4,3/4,1/4,1/2,0,1/4,1/2,3/4,1/4,3/4",1/10,random_271,0.31606555198541492,profile,2
0.49799072289949659,,409249558011547/1000000000000000,2185163036180595/7636576335042824,True,,0,,,NOT_RUN_DIMENSION_CAP,0.59075044198845295,16,0.409249558011547,0.28614433226487757,0.28614433226487773,1.6653345369377348e-16,"0,3/4,1/2,3/4,1/4,0,0,1,3/4,1/2,0,0,1/2,0,1",1/10,random_811,0.42169761097445974,profile,2
0.34745024532999302,,55506079428157/100000000000000,0,True,,0,,,NOT_RUN_DIMENSION_CAP,0.44493920571842999,16,0.55506079428156996,0,0,0,"0,1,1/4,0,3/4,0,1/2,1/4,1,1/2,1/2,1/2,1,3/4,1",1/10,random_1619,0.23785182952622128,profile,1
1,,0,1,True,,0,,,NOT_RUN_DIMENSION_CAP,1,16,0,1,1,0,"0,0,0,0,0,0,0,0,0,0,0,0,0,0,0",1/2,constant_0,1,profile,1
0.86211124485976287,,1/10,9/11,True,,0,,,NOT_RUN_DIMENSION_CAP,0.90000000000000002,16,0.10000000000000001,0.81818181818181823,0.81818181818181823,0,"1/10,1/10,1/10,1/10,1/10,1/10,1/10,1/10,1/10,1/10,1/10,1/10,1/10,1/10,1/10",1/2,constant_1/10,0.81818181818181823,profile,2
0.39144491620749,,1/2,1/3,True,,0,,,NOT_RUN_DIMENSION_CAP,0.5,16,0.5,0.33333333333333331,0.33333333333333331,0,"1/2,1/2,1/2,1/2,1/2,1/2,1/2,1/2,1/2,1/2,1/2,1/2,1/2,1/2,1/2",1/2,constant_1/2,0.33333333333333331,profile,2
0.057740482241923546,,9/10,1/19,True,,0,,,NOT_RUN_DIMENSION_CAP,0.10000000000000001,16,0.90000000000000002,0.052631578947368418,0.052631578947368432,1.3877787807814457e-17,"9/10,9/10,9/10,9/10,9/10,9/10,9/10,9/10,9/10,9/10,9/10,9/10,9/10,9/10,9/10",1/2,constant_9/10,0.052631578947368418,profile,2
0,,1,0,True,,0,,,NOT_RUN_DIMENSION_CAP,0,16,1,0,0,0,"1,1,1,1,1,1,1,1,1,1,1,1,1,1,1",1/2,constant_1,0,profile,1
0.16548793636398315,,3/4,0,True,,0,,,NOT_RUN_DIMENSION_CAP,0.25,16,0.75,0,0,0,"0,1/14,1/7,3/14,2/7,5/14,3/7,1/2,4/7,9/14,5/7,11/14,6/7,13/14,1",1/2,ascending,0.10000000000000001,profile,1
0.67000564668971674,,1/4,5/8,True,,0,,,NOT_RUN_DIMENSION_CAP,0.75,16,0.25,0.625,0.625,0,"1,13/14,6/7,11/14,5/7,9/14,4/7,1/2,3/7,5/14,2/7,3/14,1/7,1/14,0",1/2,descending,0.625,profile,2
0.42535857000175836,,7/15,0,True,,0,,,NOT_RUN_DIMENSION_CAP,0.53333333333333333,16,0.46666666666666667,0,-0,0,"0,1,0,1,0,1,0,1,0,1,0,1,0,1,0",1/2,alternating,0.37604456824512533,profile,1
0.44788683398554024,,437507/983040,512086/1582537,True,,0,,,NOT_RUN_DIMENSION_CAP,0.5549448649088542,16,0.44505513509114586,0.32358548330939496,0.32358548330939502,5.5511151231257827e-17,"1,3/4,3/4,1,1/2,3/4,3/4,1/4,1/2,0,1/4,1/2,3/4,1/4,3/4",1/2,random_271,0.36568752436966884,profile,2
0.49983406769601785,,194981/491520,1030185/3686296,True,,0,,,NOT_RUN_DIMENSION_CAP,0.60331013997395833,16,0.39668986002604167,0.27946345057477751,0.27946345057477756,5.5511151231257827e-17,"0,3/4,1/2,3/4,1/4,0,0,1,3/4,1/2,0,0,1/2,0,1",1/2,random_811,0.42473511264857849,profile,2
0.2170526164039796,,168791/245760,0,True,,0,,,NOT_RUN_DIMENSION_CAP,0.31318766276041665,16,0.68681233723958335,0,-0,0,"0,1,1/4,0,3/4,0,1/2,1/4,1,1/2,1/2,1/2,1,3/4,1",1/2,random_1619,0.14654039375381395,profile,1
1,,0,1,True,,0,,,NOT_RUN_DIMENSION_CAP,1,16,0,1,1,0,"0,0,0,0,0,0,0,0,0,0,0,0,0,0,0",9/10,constant_0,1,profile,1
0.84749674013187948,,1/10,9/11,True,,0,,,NOT_RUN_DIMENSION_CAP,0.90000000000000002,16,0.10000000000000001,0.81818181818181823,0.81818181816974433,1.2073897437403502e-11,"1/10,1/10,1/10,1/10,1/10,1/10,1/10,1/10,1/10,1/10,1/10,1/10,1/10,1/10,1/10",9/10,constant_1/10,0.81818181818181823,profile,2
0.36370143228607643,,1/2,1/3,True,,0,,,NOT_RUN_DIMENSION_CAP,0.5,16,0.5,0.33333333333333331,0.33333333333333331,0,"1/2,1/2,1/2,1/2,1/2,1/2,1/2,1/2,1/2,1/2,1/2,1/2,1/2,1/2,1/2",9/10,constant_1/2,0.33333333333333331,profile,2
0.054999062370729837,,9/10,1/19,True,,0,,,NOT_RUN_DIMENSION_CAP,0.10000000000000001,16,0.90000000000000002,0.052631578947368418,0.052631578947368418,0,"9/10,9/10,9/10,9/10,9/10,9/10,9/10,9/10,9/10,9/10,9/10,9/10,9/10,9/10,9/10",9/10,constant_9/10,0.052631578947368418,profile,2
0,,1,0,True,,0,,,NOT_RUN_DIMENSION_CAP,0,16,1,0,0,0,"1,1,1,1,1,1,1,1,1,1,1,1,1,1,1",9/10,constant_1,0,profile,1
0.026381420683571397,,19/20,0,True,,0,,,NOT_RUN_DIMENSION_CAP,0.050000000000000003,16,0.94999999999999996,0,-0,0,"0,1/14,1/7,3/14,2/7,5/14,3/7,1/2,4/7,9/14,5/7,11/14,6/7,13/14,1",9/10,ascending,0.017241379310344827,profile,1
0.92152741262181814,,1/20,29/32,True,,0,,,NOT_RUN_DIMENSION_CAP,0.94999999999999996,16,0.050000000000000003,0.90625,0.90624999999372868,6.2713167992001217e-12,"1,13/14,6/7,11/14,5/7,9/14,4/7,1/2,3/7,5/14,2/7,3/14,1/7,1/14,0",9/10,descending,0.90625,profile,2
0.53432156429328714,,31054449037/91552734375,1072410201671/2066152570855,True,,0,,,NOT_RUN_DIMENSION_CAP,0.66080260465186136,16,0.33919739534813864,0.51903727575511194,0.51903727575454295,5.6898930012039273e-13,"0,1,0,1,0,1,0,1,0,1,0,1,0,1,0",9/10,alternating,0.51903727575511194,profile,2
0.28545098775407368,,3509962541023643/6000000000000000,8745817169251090/48430618857156251,True,,0,,,NOT_RUN_DIMENSION_CAP,0.41500624316272616,16,0.58499375683727384,0.18058446031933748,0.18058446031933742,5.5511151231257827e-17,"1,3/4,3/4,1,1/2,3/4,3/4,1/4,1/2,0,1/4,1/2,3/4,1/4,3/4",9/10,random_271,0.24581893007587152,profile,2
0.27961641285903743,,591687225250627/1000000000000000,0,True,,0,,,NOT_RUN_DIMENSION_CAP,0.408312774749373,16,0.591687225250627,0,0,0,"0,3/4,1/2,3/4,1/4,0,0,1,3/4,1/2,0,0,1/2,0,1",9/10,random_811,0.20657191099845121,profile,1
0.054217151381227367,,270394206332911/300000000000000,0,True,,0,,,NOT_RUN_DIMENSION_CAP,0.098685978890296663,16,0.90131402110970338,0,0,0,"0,1,1/4,0,3/4,0,1/2,1/4,1,1/2,1/2,1/2,1,3/4,1",9/10,random_1619,0.038950051010196232,profile,1
1,,0,1,True,,0,,,NOT_RUN_DIMENSION_CAP,1,32,0,1,1,0,"0,0,0,0,0,0,0,0,0,0,0,0,0,0,0,0,0,0,0,0,0,0,0,0,0,0,0,0,0,0,0",1/10,constant_0,1,profile,1
0.86809596695587044,,1/10,9/11,True,,0,,,NOT_RUN_DIMENSION_CAP,0.90000000000000002,32,0.10000000000000001,0.81818181818181823,0.81818181818181823,0,"1/10,1/10,1/10,1/10,1/10,1/10,1/10,1/10,1/10,1/10,1/10,1/10,1/10,1/10,1/10,1/10,1/10,1/10,1/10,1/10,1/10,1/10,1/10,1/10,1/10,1/10,1/10,1/10,1/10,1/10,1/10",1/10,constant_1/10,0.81818181818181823,profile,2
0.40635083846873382,,1/2,1/3,True,,0,,,NOT_RUN_DIMENSION_CAP,0.5,32,0.5,0.33333333333333331,0.33333333333333331,0,"1/2,1/2,1/2,1/2,1/2,1/2,1/2,1/2,1/2,1/2,1/2,1/2,1/2,1/2,1/2,1/2,1/2,1/2,1/2,1/2,1/2,1/2,1/2,1/2,1/2,1/2,1/2,1/2,1/2,1/2,1/2",1/10,constant_1/2,0.33333333333333331,profile,2
0.061226350727479992,,9/10,1/19,True,,0,,,NOT_RUN_DIMENSION_CAP,0.10000000000000001,32,0.90000000000000002,0.052631578947368418,0.052631578947368418,0,"9/10,9/10,9/10,9/10,9/10,9/10,9/10,9/10,9/10,9/10,9/10,9/10,9/10,9/10,9/10,9/10,9/10,9/10,9/10,9/10,9/10,9/10,9/10,9/10,9/10,9/10,9/10,9/10,9/10,9/10,9/10",1/10,constant_9/10,0.052631578947368418,profile,2
0,,1,0,True,,0,,,NOT_RUN_DIMENSION_CAP,0,32,1,0,0,0,"1,1,1,1,1,1,1,1,1,1,1,1,1,1,1,1,1,1,1,1,1,1,1,1,1,1,1,1,1,1,1",1/10,constant_1,0,profile,1
0.35630256909760372,,11/20,3279012345679012345844219957412/23128888888888888890133547487149,True,,0,,,NOT_RUN_DIMENSION_CAP,0.45000000000000001,32,0.55000000000000004,0.14177128704415407,0.14177128704415401,5.5511151231257827e-17,"0,1/30,1/15,1/10,2/15,1/6,1/5,7/30,4/15,3/10,1/3,11/30,2/5,13/30,7/15,1/2,8/15,17/30,3/5,19/30,2/3,7/10,11/15,23/30,4/5,5/6,13/15,9/10,14/15,29/30,1",1/10,ascending,0.21428571428571427,profile,2
0.45810619183121598,,9/20,198146502057613168724279832746325/475081481481481481481481475382098,True,,0,,,NOT_RUN_DIMENSION_CAP,0.55000000000000004,32,0.45000000000000001,0.41707898493479134,0.41707898493479134,0,"1,29/30,14/15,9/10,13/15,5/6,4/5,23/30,11/15,7/10,2/3,19/30,3/5,17/30,8/15,1/2,7/15,13/30,2/5,11/30,1/3,3/10,4/15,7/30,1/5,1/6,2/15,1/10,1/15,1/30,0",1/10,descending,0.4375,profile,2
0.41553798724435209,,14176542986590149216297/28870999813079833984375,0,True,,0,,,NOT_RUN_DIMENSION_CAP,0.50896944759884788,32,0.49103055240115207,0,-0,0,"0,1,0,1,0,1,0,1,0,1,0,1,0,1,0,1,0,1,0,1,0,1,0,1,0,1,0,1,0,1,0",1/10,alternating,0.34514912649658019,profile,1
0.4831952601809022,,52865626202251872421764642677179/124000000000000000000000000000000,290506941823740787674632307835944/846129642647755277690890295946227,True,,0,,,NOT_RUN_DIMENSION_CAP,0.57366430482054942,32,0.42633569517945058,0.3433362066298381,0.3433362066298381,0,"1,3/4,3/4,1,1/2,3/4,3/4,1/4,1/2,0,1/4,1/2,3/4,1/4,3/4,1/4,1/2,0,0,1/2,0,3/4,1/4,1/2,0,1/4,1/4,0,1/2,1,1",1/10,random_271,0.40951646249255441,profile,2
0.4329267887394776,,29398213974754601965732875644029/62000000000000000000000000000000,226706697049299605643367875234241/849214844349470940067596767050734,True,,0,,,NOT_RUN_DIMENSION_CAP,0.52583525847169998,32,0.47416474152830002,0.26696035586020056,0.26696035586020034,2.2204460492503131e-16,"0,3/4,1/2,3/4,1/4,0,0,1,3/4,1/2,0,0,1/2,0,1,1/2,1,1/2,3/4,3/4,0,1/2,1/4,1/4,1/2,1,0,1/2,1/2,1,1/2",1/10,random_811,0.34358748860679977,profile,2
0.40083220757316923,,7833973080245221363487692296503/15500000000000000000000000000000,0,True,,0,,,NOT_RUN_DIMENSION_CAP,0.49458238191966314,32,0.50541761808033692,0,0,0,"0,1,1/4,0,3/4,0,1/2,1/4,1,1/2,1/2,1/2,1,3/4,1,1,1,1/2,1/4,1/4,0,1/4,0,1/2,1,0,1/4,3/4,1/2,0,1",1/10,random_1619,0.33584461616352618,profile,1
1,,0,1,True,,0,,,NOT_RUN_DIMENSION_CAP,1,32,0,1,1,0,"0,0,0,0,0,0,0,0,0,0,0,0,0,0,0,0,0,0,0,0,0,0,0,0,0,0,0,0,0,0,0",1/2,constant_0,1,profile,1
0.86581768078884136,,1/10,9/11,True,,0,,,NOT_RUN_DIMENSION_CAP,0.90000000000000002,32,0.10000000000000001,0.81818181818181823,0.81818181818181823,0,"1/10,1/10,1/10,1/10,1/10,1/10,1/10,1/10,1/10,1/10,1/10,1/10,1/10,1/10,1/10,1/10,1/10,1/10,1/10,1/10,1/10,1/10,1/10,1/10,1/10,1/10,1/10,1/10,1/10,1/10,1/10",1/2,constant_1/10,0.81818181818181823,profile,2
0.39973924104283498,,1/2,1/3,True,,0,,,NOT_RUN_DIMENSION_CAP,0.5,32,0.5,0.33333333333333331,0.33333333333333337,5.5511151231257827e-17,"1/2,1/2,1/2,1/2,1/2,1/2,1/2,1/2,1/2,1/2,1/2,1/2,1/2,1/2,1/2,1/2,1/2,1/2,1/2,1/2,1/2,1/2,1/2,1/2,1/2,1/2,1/2,1/2,1/2,1/2,1/2",1/2,constant_1/2,0.33333333333333331,profile,2
0.059050909685502057,,9/10,1/19,True,,0,,,NOT_RUN_DIMENSION_CAP,0.10000000000000001,32,0.90000000000000002,0.052631578947368418,0.052631578947368418,0,"9/10,9/10,9/10,9/10,9/10,9/10,9/10,9/10,9/10,9/10,9/10,9/10,9/10,9/10,9/10,9/10,9/10,9/10,9/10,9/10,9/10,9/10,9/10,9/10,9/10,9/10,9/10,9/10,9/10,9/10,9/10",1/2,constant_9/10,0.052631578947368418,profile,2
0,,1,0,True,,0,,,NOT_RUN_DIMENSION_CAP,0,32,1,0,0,0,"1,1,1,1,1,1,1,1,1,1,1,1,1,1,1,1,1,1,1,1,1,1,1,1,1,1,1,1,1,1,1",1/2,constant_1,0,profile,1
0.17006030709468237,,3/4,30064771089/1073741825050,True,,0,,,NOT_RUN_DIMENSION_CAP,0.25,32,0.75,0.027999999988451599,0.027999999988451523,7.6327832942979512e-17,"0,1/30,1/15,1/10,2/15,1/6,1/5,7/30,4/15,3/10,1/3,11/30,2/5,13/30,7/15,1/2,8/15,17/30,3/5,19/30,2/3,7/10,11/15,23/30,4/5,5/6,13/15,9/10,14/15,29/30,1",1/2,ascending,0.10000000000000001,profile,2
0.67743116223810051,,1/4,5/8,True,,0,,,NOT_RUN_DIMENSION_CAP,0.75,32,0.25,0.625,0.62499999999840405,1.5959455978986625e-12,"1,29/30,14/15,9/10,13/15,5/6,4/5,23/30,11/15,7/10,2/3,19/30,3/5,17/30,8/15,1/2,7/15,13/30,2/5,11/30,1/3,3/10,4/15,7/30,1/5,1/6,2/15,1/10,1/15,1/30,0",1/2,descending,0.625,profile,2
0.41622045521260531,,15/31,0,True,,0,,,NOT_RUN_DIMENSION_CAP,0.5161290322580645,32,0.4838709677419355,0,0,0,"0,1,0,1,0,1,0,1,0,1,0,1,0,1,0,1,0,1,0,1,0,1,0,1,0,1,0,1,0,1,0",1/2,alternating,0.35440484196368527,profile,1
0.5282942673782639,,50497197315/133143986176,260616804008/698062022371,True,,0,,,NOT_RUN_DIMENSION_CAP,0.62073242085264813,32,0.37926757914735182,0.37334333577237588,0.37334333577237561,2.7755575615628914e-16,"1,3/4,3/4,1,1/2,3/4,3/4,1/4,1/2,0,1/4,1/2,3/4,1/4,3/4,1/4,1/2,0,0,1/2,0,3/4,1/4,1/2,0,1/4,1/4,0,1/2,1,1",1/2,random_271,0.42311537723654569,profile,2
0.38063254045886846,,34549094425/66571993088,89328302427/356706832666,True,,0,,,NOT_RUN_DIMENSION_CAP,0.48102658757218913,32,0.51897341242781092,0.25042498277750103,0.25042498277750097,5.5511151231257827e-17,"0,3/4,1/2,3/4,1/4,0,0,1,3/4,1/2,0,0,1/2,0,1,1/2,1,1/2,3/4,3/4,0,1/2,1/4,1/4,1/2,1,0,1/2,1/2,1,1/2",1/2,random_811,0.31439150858265985,profile,2
0.45260671944729691,,3736252027/8321499136,53220140039/218094805938,True,,0,,,NOT_RUN_DIMENSION_CAP,0.55101214745833027,32,0.44898785254166973,0.24402295969455332,0.24402295969455273,5.8286708792820718e-16,"0,1,1/4,0,3/4,0,1/2,1/4,1,1/2,1/2,1/2,1,3/4,1,1,1,1/2,1/4,1/4,0,1/4,0,1/2,1,0,1/4,3/4,1/2,0,1",1/2,random_1619,0.38310414248207414,profile,2
1,,0,1,True,,0,,,NOT_RUN_DIMENSION_CAP,1,32,0,1,1,0,"0,0,0,0,0,0,0,0,0,0,0,0,0,0,0,0,0,0,0,0,0,0,0,0,0,0,0,0,0,0,0",9/10,constant_0,1,profile,1
0.85254845629058751,,1/10,9/11,True,,0,,,NOT_RUN_DIMENSION_CAP,0.90000000000000002,32,0.10000000000000001,0.81818181818181823,0.81818181818181779,4.4408920985006262e-16,"1/10,1/10,1/10,1/10,1/10,1/10,1/10,1/10,1/10,1/10,1/10,1/10,1/10,1/10,1/10,1/10,1/10,1/10,1/10,1/10,1/10,1/10,1/10,1/10,1/10,1/10,1/10,1/10,1/10,1/10,1/10",9/10,constant_1/10,0.81818181818181823,profile,2
0.37477338929423498,,1/2,1/3,True,,0,,,NOT_RUN_DIMENSION_CAP,0.5,32,0.5,0.33333333333333331,0.3333333333333332,1.1102230246251565e-16,"1/2,1/2,1/2,1/2,1/2,1/2,1/2,1/2,1/2,1/2,1/2,1/2,1/2,1/2,1/2,1/2,1/2,1/2,1/2,1/2,1/2,1/2,1/2,1/2,1/2,1/2,1/2,1/2,1/2,1/2,1/2",9/10,constant_1/2,0.33333333333333331,profile,2
0.05600105310310026,,9/10,1/19,True,,0,,,NOT_RUN_DIMENSION_CAP,0.10000000000000001,32,0.90000000000000002,0.052631578947368418,0.052631578947368397,2.0816681711721685e-17,"9/10,9/10,9/10,9/10,9/10,9/10,9/10,9/10,9/10,9/10,9/10,9/10,9/10,9/10,9/10,9/10,9/10,9/10,9/10,9/10,9/10,9/10,9/10,9/10,9/10,9/10,9/10,9/10,9/10,9/10,9/10",9/10,constant_9/10,0.052631578947368418,profile,2
0,,1,0,True,,0,,,NOT_RUN_DIMENSION_CAP,0,32,1,0,0,0,"1,1,1,1,1,1,1,1,1,1,1,1,1,1,1,1,1,1,1,1,1,1,1,1,1,1,1,1,1,1,1",9/10,constant_1,0,profile,1
0.026608082317021244,,19/20,0,True,,0,,,NOT_RUN_DIMENSION_CAP,0.050000000000000003,32,0.94999999999999996,0,-0,0,"0,1/30,1/15,1/10,2/15,1/6,1/5,7/30,4/15,3/10,1/3,11/30,2/5,13/30,7/15,1/2,8/15,17/30,3/5,19/30,2/3,7/10,11/15,23/30,4/5,5/6,13/15,9/10,14/15,29/30,1",9/10,ascending,0.017241379310344827,profile,1
0.92463273339799057,,1/20,29/32,True,,0,,,NOT_RUN_DIMENSION_CAP,0.94999999999999996,32,0.050000000000000003,0.90625,0.90624999999508782,4.9121817724540051e-12,"1,29/30,14/15,9/10,13/15,5/6,4/5,23/30,11/15,7/10,2/3,19/30,3/5,17/30,8/15,1/2,7/15,13/30,2/5,11/30,1/3,3/10,4/15,7/30,1/5,1/6,2/15,1/10,1/15,1/30,0",9/10,descending,0.90625,profile,2
0.45803566883463603,,12109499313010434397077/28870999813079833984375,0,True,,0,,,NOT_RUN_DIMENSION_CAP,0.58056529419101388,32,0.41943470580898617,0,0,0,"0,1,0,1,0,1,0,1,0,1,0,1,0,1,0,1,0,1,0,1,0,1,0,1,0,1,0,1,0,1,0",9/10,alternating,0.43126652632819551,profile,1
0.19647644489469443,,86922343717308384267423598460059/124000000000000000000000000000000,0,True,,0,,,NOT_RUN_DIMENSION_CAP,0.29901335711848076,32,0.70098664288151924,0,0,0,"1,3/4,3/4,1,1/2,3/4,3/4,1/4,1/2,0,1/4,1/2,3/4,1/4,3/4,1/4,1/2,0,0,1/2,0,3/4,1/4,1/2,0,1/4,1/4,0,1/2,1,1",9/10,random_271,0.11505375397213527,profile,1
0.26754798985838224,,38144499960418145941869464446469/62000000000000000000000000000000,0,True,,0,,,NOT_RUN_DIMENSION_CAP,0.38476612967067508,32,0.61523387032932497,0,-0,0,"0,3/4,1/2,3/4,1/4,0,0,1,3/4,1/2,0,0,1/2,0,1,1/2,1,1/2,3/4,3/4,0,1/2,1/4,1/4,1/2,1,0,1/2,1/2,1,1/2",9/10,random_811,0.23098599649005938,profile,1
0.34847228354400062,,8167497181478662724914223376173/15500000000000000000000000000000,0,True,,0,,,NOT_RUN_DIMENSION_CAP,0.47306469796911854,32,0.52693530203088146,0,-0,0,"0,1,1/4,0,3/4,0,1/2,1/4,1,1/2,1/2,1/2,1,3/4,1,1,1,1/2,1/4,1/4,0,1/4,0,1/2,1,0,1/4,3/4,1/2,0,1",9/10,random_1619,0.27911116701793026,profile,1
