dataset,condition,method,target,cases_with_release,cases_with_any_failure,risk
taiwan,overall,release_all,any_meaningful_failure_among_released_not_top2_revision,8891,546,0.06141041502643122
taiwan,overall,top1,any_meaningful_failure_among_released_not_top2_revision,8891,102,0.011472275334608031
taiwan,overall,mask_warning,any_meaningful_failure_among_released_not_top2_revision,8891,546,0.06141041502643122
taiwan,overall,whole_mc1,any_meaningful_failure_among_released_not_top2_revision,8891,102,0.011472275334608031
taiwan,overall,whole_mc2,any_meaningful_failure_among_released_not_top2_revision,6911,220,0.031833309217189985
taiwan,overall,whole_mc_all,any_meaningful_failure_among_released_not_top2_revision,8891,546,0.06141041502643122
taiwan,overall,rank,any_meaningful_failure_among_released_not_top2_revision,8891,546,0.06141041502643122
taiwan,overall,stable_donor,any_meaningful_failure_among_released_not_top2_revision,8774,106,0.012081148848871666
taiwan,overall,stable_conditional,any_meaningful_failure_among_released_not_top2_revision,8749,110,0.012572865470339468
taiwan,overall,stable_both,any_meaningful_failure_among_released_not_top2_revision,8719,57,0.006537446954926023
taiwan,mcar10,release_all,any_meaningful_failure_among_released_not_top2_revision,2252,89,0.03952042628774423
taiwan,mcar10,top1,any_meaningful_failure_among_released_not_top2_revision,2252,13,0.005772646536412078
taiwan,mcar10,mask_warning,any_meaningful_failure_among_released_not_top2_revision,2252,89,0.03952042628774423
taiwan,mcar10,whole_mc1,any_meaningful_failure_among_released_not_top2_revision,2252,13,0.005772646536412078
taiwan,mcar10,whole_mc2,any_meaningful_failure_among_released_not_top2_revision,1838,25,0.013601741022850925
taiwan,mcar10,whole_mc_all,any_meaningful_failure_among_released_not_top2_revision,2252,89,0.03952042628774423
taiwan,mcar10,rank,any_meaningful_failure_among_released_not_top2_revision,2252,89,0.03952042628774423
taiwan,mcar10,stable_donor,any_meaningful_failure_among_released_not_top2_revision,2235,13,0.0058165548098434005
taiwan,mcar10,stable_conditional,any_meaningful_failure_among_released_not_top2_revision,2234,9,0.0040286481647269475
taiwan,mcar10,stable_both,any_meaningful_failure_among_released_not_top2_revision,2230,5,0.002242152466367713
taiwan,mcar30,release_all,any_meaningful_failure_among_released_not_top2_revision,2210,154,0.06968325791855204
taiwan,mcar30,top1,any_meaningful_failure_among_released_not_top2_revision,2210,32,0.014479638009049774
taiwan,mcar30,mask_warning,any_meaningful_failure_among_released_not_top2_revision,2210,154,0.06968325791855204
taiwan,mcar30,whole_mc1,any_meaningful_failure_among_released_not_top2_revision,2210,32,0.014479638009049774
taiwan,mcar30,whole_mc2,any_meaningful_failure_among_released_not_top2_revision,1638,71,0.043345543345543344
taiwan,mcar30,whole_mc_all,any_meaningful_failure_among_released_not_top2_revision,2210,154,0.06968325791855204
taiwan,mcar30,rank,any_meaningful_failure_among_released_not_top2_revision,2210,154,0.06968325791855204
taiwan,mcar30,stable_donor,any_meaningful_failure_among_released_not_top2_revision,2168,34,0.015682656826568265
taiwan,mcar30,stable_conditional,any_meaningful_failure_among_released_not_top2_revision,2164,26,0.012014787430683918
taiwan,mcar30,stable_both,any_meaningful_failure_among_released_not_top2_revision,2154,15,0.006963788300835654
taiwan,mar30,release_all,any_meaningful_failure_among_released_not_top2_revision,2229,146,0.0655002243158367
taiwan,mar30,top1,any_meaningful_failure_among_released_not_top2_revision,2229,24,0.010767160161507403
taiwan,mar30,mask_warning,any_meaningful_failure_among_released_not_top2_revision,2229,146,0.0655002243158367
taiwan,mar30,whole_mc1,any_meaningful_failure_among_released_not_top2_revision,2229,24,0.010767160161507403
taiwan,mar30,whole_mc2,any_meaningful_failure_among_released_not_top2_revision,1710,55,0.03216374269005848
taiwan,mar30,whole_mc_all,any_meaningful_failure_among_released_not_top2_revision,2229,146,0.0655002243158367
taiwan,mar30,rank,any_meaningful_failure_among_released_not_top2_revision,2229,146,0.0655002243158367
taiwan,mar30,stable_donor,any_meaningful_failure_among_released_not_top2_revision,2204,28,0.012704174228675136
taiwan,mar30,stable_conditional,any_meaningful_failure_among_released_not_top2_revision,2191,25,0.011410314924691922
taiwan,mar30,stable_both,any_meaningful_failure_among_released_not_top2_revision,2187,15,0.006858710562414266
taiwan,group_missing,release_all,any_meaningful_failure_among_released_not_top2_revision,2200,157,0.07136363636363637
taiwan,group_missing,top1,any_meaningful_failure_among_released_not_top2_revision,2200,33,0.015
taiwan,group_missing,mask_warning,any_meaningful_failure_among_released_not_top2_revision,2200,157,0.07136363636363637
taiwan,group_missing,whole_mc1,any_meaningful_failure_among_released_not_top2_revision,2200,33,0.015
taiwan,group_missing,whole_mc2,any_meaningful_failure_among_released_not_top2_revision,1725,69,0.04
taiwan,group_missing,whole_mc_all,any_meaningful_failure_among_released_not_top2_revision,2200,157,0.07136363636363637
taiwan,group_missing,rank,any_meaningful_failure_among_released_not_top2_revision,2200,157,0.07136363636363637
taiwan,group_missing,stable_donor,any_meaningful_failure_among_released_not_top2_revision,2167,31,0.01430549146285187
taiwan,group_missing,stable_conditional,any_meaningful_failure_among_released_not_top2_revision,2160,50,0.023148148148148147
taiwan,group_missing,stable_both,any_meaningful_failure_among_released_not_top2_revision,2148,22,0.010242085661080074
