dataset,condition,target,method,historical_alpha,n_cases,n_records,n_clusters,candidate_reasons,released_reasons,valid_reasons,failed_reasons,cases_ge1,cases_ge2,coverage_ge1,coverage_ge2,reason_risk,compute_seconds_per_16_case_batch_reported,compute_status,compute_measurement_scope,compute_cost,delay_cost,evidence,pareto_frontier
taiwan,overall,meaningful_positive_per_reason,release_all,0.1,9600,2400,2400,21994,21994,21430,564,8891,6911,0.9261458333333332,0.7198958333333333,0.0256433572792579,,NOT_RUN,NOT_RUN,UNKNOWN,UNKNOWN,REPRODUCED_cached_artifact_audit,True
taiwan,overall,meaningful_positive_per_reason,top1,0.1,9600,2400,2400,21994,8891,8789,102,8891,0,0.9261458333333332,0.0,0.011472275334608,,NOT_RUN,NOT_RUN,UNKNOWN,UNKNOWN,REPRODUCED_cached_artifact_audit,False
taiwan,overall,meaningful_positive_per_reason,mask_warning,0.1,9600,2400,2400,21994,21994,21430,564,8891,6911,0.9261458333333332,0.7198958333333333,0.0256433572792579,,NOT_RUN,NOT_RUN,UNKNOWN,UNKNOWN,REPRODUCED_cached_artifact_audit,True
taiwan,overall,meaningful_positive_per_reason,whole_mc1,0.1,9600,2400,2400,21994,8891,8789,102,8891,0,0.9261458333333332,0.0,0.011472275334608,,NOT_RUN,NOT_RUN,UNKNOWN,UNKNOWN,REPRODUCED_cached_artifact_audit,False
taiwan,overall,meaningful_positive_per_reason,whole_mc2,0.1,9600,2400,2400,21994,13822,13600,222,6911,6911,0.7198958333333333,0.7198958333333333,0.0160613514686731,,NOT_RUN,NOT_RUN,UNKNOWN,UNKNOWN,REPRODUCED_cached_artifact_audit,False
taiwan,overall,meaningful_positive_per_reason,whole_mc_all,0.1,9600,2400,2400,21994,21994,21430,564,8891,6911,0.9261458333333332,0.7198958333333333,0.0256433572792579,,NOT_RUN,NOT_RUN,UNKNOWN,UNKNOWN,REPRODUCED_cached_artifact_audit,True
taiwan,overall,meaningful_positive_per_reason,rank,0.1,9600,2400,2400,21994,21994,21430,564,8891,6911,0.9261458333333332,0.7198958333333333,0.0256433572792579,0.0841007166076451,REPORTED_historical_5_repetitions,fold0_mcar30_first16_only_NOT_this_condition,UNKNOWN,UNKNOWN,REPRODUCED_cached_artifact_audit,True
taiwan,overall,meaningful_positive_per_reason,stable_donor,0.1,9600,2400,2400,21994,21031,20920,111,8774,6650,0.9139583333333332,0.6927083333333334,0.0052779230659502,0.084790591802448,REPORTED_historical_5_repetitions,fold0_mcar30_first16_only_NOT_this_condition,UNKNOWN,UNKNOWN,REPRODUCED_cached_artifact_audit,True
taiwan,overall,meaningful_positive_per_reason,stable_conditional,0.1,9600,2400,2400,21994,20829,20717,112,8749,6600,0.9113541666666668,0.6875,0.0053771184406356,0.2230486499611288,REPORTED_historical_5_repetitions,fold0_mcar30_first16_only_NOT_this_condition,UNKNOWN,UNKNOWN,REPRODUCED_cached_artifact_audit,False
taiwan,overall,meaningful_positive_per_reason,stable_both,0.1,9600,2400,2400,21994,20596,20537,59,8719,6529,0.9082291666666666,0.6801041666666666,0.0028646339094969,0.2962531083729118,REPORTED_historical_5_repetitions,fold0_mcar30_first16_only_NOT_this_condition,UNKNOWN,UNKNOWN,REPRODUCED_cached_artifact_audit,True
taiwan,mcar10,meaningful_positive_per_reason,release_all,0.1,2400,2400,2400,5976,5976,5886,90,2252,1838,0.9383333333333334,0.7658333333333334,0.0150602409638554,,NOT_RUN,NOT_RUN,UNKNOWN,UNKNOWN,REPRODUCED_cached_artifact_audit,True
taiwan,mcar10,meaningful_positive_per_reason,top1,0.1,2400,2400,2400,5976,2252,2239,13,2252,0,0.9383333333333334,0.0,0.005772646536412,,NOT_RUN,NOT_RUN,UNKNOWN,UNKNOWN,REPRODUCED_cached_artifact_audit,False
taiwan,mcar10,meaningful_positive_per_reason,mask_warning,0.1,2400,2400,2400,5976,5976,5886,90,2252,1838,0.9383333333333334,0.7658333333333334,0.0150602409638554,,NOT_RUN,NOT_RUN,UNKNOWN,UNKNOWN,REPRODUCED_cached_artifact_audit,True
taiwan,mcar10,meaningful_positive_per_reason,whole_mc1,0.1,2400,2400,2400,5976,2252,2239,13,2252,0,0.9383333333333334,0.0,0.005772646536412,,NOT_RUN,NOT_RUN,UNKNOWN,UNKNOWN,REPRODUCED_cached_artifact_audit,False
taiwan,mcar10,meaningful_positive_per_reason,whole_mc2,0.1,2400,2400,2400,5976,3676,3651,25,1838,1838,0.7658333333333334,0.7658333333333334,0.0068008705114254,,NOT_RUN,NOT_RUN,UNKNOWN,UNKNOWN,REPRODUCED_cached_artifact_audit,False
taiwan,mcar10,meaningful_positive_per_reason,whole_mc_all,0.1,2400,2400,2400,5976,5976,5886,90,2252,1838,0.9383333333333334,0.7658333333333334,0.0150602409638554,,NOT_RUN,NOT_RUN,UNKNOWN,UNKNOWN,REPRODUCED_cached_artifact_audit,True
taiwan,mcar10,meaningful_positive_per_reason,rank,0.1,2400,2400,2400,5976,5976,5886,90,2252,1838,0.9383333333333334,0.7658333333333334,0.0150602409638554,0.0841007166076451,REPORTED_historical_5_repetitions,fold0_mcar30_first16_only_NOT_this_condition,UNKNOWN,UNKNOWN,REPRODUCED_cached_artifact_audit,True
taiwan,mcar10,meaningful_positive_per_reason,stable_donor,0.1,2400,2400,2400,5976,5841,5828,13,2235,1801,0.93125,0.7504166666666666,0.0022256462934429,0.084790591802448,REPORTED_historical_5_repetitions,fold0_mcar30_first16_only_NOT_this_condition,UNKNOWN,UNKNOWN,REPRODUCED_cached_artifact_audit,True
taiwan,mcar10,meaningful_positive_per_reason,stable_conditional,0.1,2400,2400,2400,5976,5812,5803,9,2234,1802,0.9308333333333332,0.7508333333333334,0.0015485203028217,0.2230486499611288,REPORTED_historical_5_repetitions,fold0_mcar30_first16_only_NOT_this_condition,UNKNOWN,UNKNOWN,REPRODUCED_cached_artifact_audit,True
taiwan,mcar10,meaningful_positive_per_reason,stable_both,0.1,2400,2400,2400,5976,5790,5785,5,2230,1795,0.9291666666666668,0.7479166666666667,0.0008635578583765,0.2962531083729118,REPORTED_historical_5_repetitions,fold0_mcar30_first16_only_NOT_this_condition,UNKNOWN,UNKNOWN,REPRODUCED_cached_artifact_audit,True
taiwan,mcar30,meaningful_positive_per_reason,release_all,0.1,2400,2400,2400,5188,5188,5029,159,2210,1638,0.9208333333333332,0.6825,0.0306476484194294,,NOT_RUN,NOT_RUN,UNKNOWN,UNKNOWN,REPRODUCED_cached_artifact_audit,True
taiwan,mcar30,meaningful_positive_per_reason,top1,0.1,2400,2400,2400,5188,2210,2178,32,2210,0,0.9208333333333332,0.0,0.0144796380090497,,NOT_RUN,NOT_RUN,UNKNOWN,UNKNOWN,REPRODUCED_cached_artifact_audit,False
taiwan,mcar30,meaningful_positive_per_reason,mask_warning,0.1,2400,2400,2400,5188,5188,5029,159,2210,1638,0.9208333333333332,0.6825,0.0306476484194294,,NOT_RUN,NOT_RUN,UNKNOWN,UNKNOWN,REPRODUCED_cached_artifact_audit,True
taiwan,mcar30,meaningful_positive_per_reason,whole_mc1,0.1,2400,2400,2400,5188,2210,2178,32,2210,0,0.9208333333333332,0.0,0.0144796380090497,,NOT_RUN,NOT_RUN,UNKNOWN,UNKNOWN,REPRODUCED_cached_artifact_audit,False
taiwan,mcar30,meaningful_positive_per_reason,whole_mc2,0.1,2400,2400,2400,5188,3276,3205,71,1638,1638,0.6825,0.6825,0.0216727716727716,,NOT_RUN,NOT_RUN,UNKNOWN,UNKNOWN,REPRODUCED_cached_artifact_audit,False
taiwan,mcar30,meaningful_positive_per_reason,whole_mc_all,0.1,2400,2400,2400,5188,5188,5029,159,2210,1638,0.9208333333333332,0.6825,0.0306476484194294,,NOT_RUN,NOT_RUN,UNKNOWN,UNKNOWN,REPRODUCED_cached_artifact_audit,True
taiwan,mcar30,meaningful_positive_per_reason,rank,0.1,2400,2400,2400,5188,5188,5029,159,2210,1638,0.9208333333333332,0.6825,0.0306476484194294,0.0841007166076451,REPORTED_historical_5_repetitions,fold0_mcar30_first16_only_NOT_this_condition,UNKNOWN,UNKNOWN,REPRODUCED_cached_artifact_audit,True
taiwan,mcar30,meaningful_positive_per_reason,stable_donor,0.1,2400,2400,2400,5188,4922,4886,36,2168,1564,0.9033333333333332,0.6516666666666666,0.0073140999593661,0.084790591802448,REPORTED_historical_5_repetitions,fold0_mcar30_first16_only_NOT_this_condition,UNKNOWN,UNKNOWN,REPRODUCED_cached_artifact_audit,True
taiwan,mcar30,meaningful_positive_per_reason,stable_conditional,0.1,2400,2400,2400,5188,4840,4814,26,2164,1538,0.9016666666666666,0.6408333333333334,0.0053719008264462,0.2230486499611288,REPORTED_historical_5_repetitions,fold0_mcar30_first16_only_NOT_this_condition,UNKNOWN,UNKNOWN,REPRODUCED_cached_artifact_audit,True
taiwan,mcar30,meaningful_positive_per_reason,stable_both,0.1,2400,2400,2400,5188,4790,4775,15,2154,1526,0.8975,0.6358333333333334,0.0031315240083507,0.2962531083729118,REPORTED_historical_5_repetitions,fold0_mcar30_first16_only_NOT_this_condition,UNKNOWN,UNKNOWN,REPRODUCED_cached_artifact_audit,True
taiwan,mar30,meaningful_positive_per_reason,release_all,0.1,2400,2400,2400,5384,5384,5232,152,2229,1710,0.92875,0.7125,0.0282317979197622,,NOT_RUN,NOT_RUN,UNKNOWN,UNKNOWN,REPRODUCED_cached_artifact_audit,True
taiwan,mar30,meaningful_positive_per_reason,top1,0.1,2400,2400,2400,5384,2229,2205,24,2229,0,0.92875,0.0,0.0107671601615074,,NOT_RUN,NOT_RUN,UNKNOWN,UNKNOWN,REPRODUCED_cached_artifact_audit,False
taiwan,mar30,meaningful_positive_per_reason,mask_warning,0.1,2400,2400,2400,5384,5384,5232,152,2229,1710,0.92875,0.7125,0.0282317979197622,,NOT_RUN,NOT_RUN,UNKNOWN,UNKNOWN,REPRODUCED_cached_artifact_audit,True
taiwan,mar30,meaningful_positive_per_reason,whole_mc1,0.1,2400,2400,2400,5384,2229,2205,24,2229,0,0.92875,0.0,0.0107671601615074,,NOT_RUN,NOT_RUN,UNKNOWN,UNKNOWN,REPRODUCED_cached_artifact_audit,False
taiwan,mar30,meaningful_positive_per_reason,whole_mc2,0.1,2400,2400,2400,5384,3420,3365,55,1710,1710,0.7125,0.7125,0.0160818713450292,,NOT_RUN,NOT_RUN,UNKNOWN,UNKNOWN,REPRODUCED_cached_artifact_audit,False
taiwan,mar30,meaningful_positive_per_reason,whole_mc_all,0.1,2400,2400,2400,5384,5384,5232,152,2229,1710,0.92875,0.7125,0.0282317979197622,,NOT_RUN,NOT_RUN,UNKNOWN,UNKNOWN,REPRODUCED_cached_artifact_audit,True
taiwan,mar30,meaningful_positive_per_reason,rank,0.1,2400,2400,2400,5384,5384,5232,152,2229,1710,0.92875,0.7125,0.0282317979197622,0.0841007166076451,REPORTED_historical_5_repetitions,fold0_mcar30_first16_only_NOT_this_condition,UNKNOWN,UNKNOWN,REPRODUCED_cached_artifact_audit,True
taiwan,mar30,meaningful_positive_per_reason,stable_donor,0.1,2400,2400,2400,5384,5108,5079,29,2204,1644,0.9183333333333332,0.685,0.0056773688332028,0.084790591802448,REPORTED_historical_5_repetitions,fold0_mcar30_first16_only_NOT_this_condition,UNKNOWN,UNKNOWN,REPRODUCED_cached_artifact_audit,True
taiwan,mar30,meaningful_positive_per_reason,stable_conditional,0.1,2400,2400,2400,5384,5039,5014,25,2191,1627,0.9129166666666668,0.6779166666666666,0.0049613018456042,0.2230486499611288,REPORTED_historical_5_repetitions,fold0_mcar30_first16_only_NOT_this_condition,UNKNOWN,UNKNOWN,REPRODUCED_cached_artifact_audit,True
taiwan,mar30,meaningful_positive_per_reason,stable_both,0.1,2400,2400,2400,5384,4984,4969,15,2187,1607,0.91125,0.6695833333333333,0.0030096308186195,0.2962531083729118,REPORTED_historical_5_repetitions,fold0_mcar30_first16_only_NOT_this_condition,UNKNOWN,UNKNOWN,REPRODUCED_cached_artifact_audit,True
taiwan,group_missing,meaningful_positive_per_reason,release_all,0.1,2400,2400,2400,5446,5446,5283,163,2200,1725,0.9166666666666666,0.71875,0.0299302240176276,,NOT_RUN,NOT_RUN,UNKNOWN,UNKNOWN,REPRODUCED_cached_artifact_audit,True
taiwan,group_missing,meaningful_positive_per_reason,top1,0.1,2400,2400,2400,5446,2200,2167,33,2200,0,0.9166666666666666,0.0,0.015,,NOT_RUN,NOT_RUN,UNKNOWN,UNKNOWN,REPRODUCED_cached_artifact_audit,False
taiwan,group_missing,meaningful_positive_per_reason,mask_warning,0.1,2400,2400,2400,5446,5446,5283,163,2200,1725,0.9166666666666666,0.71875,0.0299302240176276,,NOT_RUN,NOT_RUN,UNKNOWN,UNKNOWN,REPRODUCED_cached_artifact_audit,True
taiwan,group_missing,meaningful_positive_per_reason,whole_mc1,0.1,2400,2400,2400,5446,2200,2167,33,2200,0,0.9166666666666666,0.0,0.015,,NOT_RUN,NOT_RUN,UNKNOWN,UNKNOWN,REPRODUCED_cached_artifact_audit,False
taiwan,group_missing,meaningful_positive_per_reason,whole_mc2,0.1,2400,2400,2400,5446,3450,3379,71,1725,1725,0.71875,0.71875,0.0205797101449275,,NOT_RUN,NOT_RUN,UNKNOWN,UNKNOWN,REPRODUCED_cached_artifact_audit,False
taiwan,group_missing,meaningful_positive_per_reason,whole_mc_all,0.1,2400,2400,2400,5446,5446,5283,163,2200,1725,0.9166666666666666,0.71875,0.0299302240176276,,NOT_RUN,NOT_RUN,UNKNOWN,UNKNOWN,REPRODUCED_cached_artifact_audit,True
taiwan,group_missing,meaningful_positive_per_reason,rank,0.1,2400,2400,2400,5446,5446,5283,163,2200,1725,0.9166666666666666,0.71875,0.0299302240176276,0.0841007166076451,REPORTED_historical_5_repetitions,fold0_mcar30_first16_only_NOT_this_condition,UNKNOWN,UNKNOWN,REPRODUCED_cached_artifact_audit,True
taiwan,group_missing,meaningful_positive_per_reason,stable_donor,0.1,2400,2400,2400,5446,5160,5127,33,2167,1641,0.9029166666666668,0.68375,0.0063953488372093,0.084790591802448,REPORTED_historical_5_repetitions,fold0_mcar30_first16_only_NOT_this_condition,UNKNOWN,UNKNOWN,REPRODUCED_cached_artifact_audit,True
taiwan,group_missing,meaningful_positive_per_reason,stable_conditional,0.1,2400,2400,2400,5446,5138,5086,52,2160,1633,0.9,0.6804166666666667,0.0101206695212144,0.2230486499611288,REPORTED_historical_5_repetitions,fold0_mcar30_first16_only_NOT_this_condition,UNKNOWN,UNKNOWN,REPRODUCED_cached_artifact_audit,False
taiwan,group_missing,meaningful_positive_per_reason,stable_both,0.1,2400,2400,2400,5446,5032,5008,24,2148,1601,0.895,0.6670833333333334,0.0047694753577106,0.2962531083729118,REPORTED_historical_5_repetitions,fold0_mcar30_first16_only_NOT_this_condition,UNKNOWN,UNKNOWN,REPRODUCED_cached_artifact_audit,True
polish,overall,meaningful_positive_per_reason,release_all,0.1,2364,1182,1169,7100,7100,6823,277,2226,1855,0.9416243654822336,0.7846869712351946,0.0390140845070422,,NOT_RUN,NOT_RUN,UNKNOWN,UNKNOWN,REPRODUCED_cached_artifact_audit,True
polish,overall,meaningful_positive_per_reason,top1,0.1,2364,1182,1169,7100,2226,2199,27,2226,0,0.9416243654822336,0.0,0.0121293800539083,,NOT_RUN,NOT_RUN,UNKNOWN,UNKNOWN,REPRODUCED_cached_artifact_audit,False
polish,overall,meaningful_positive_per_reason,mask_warning,0.1,2364,1182,1169,7100,7100,6823,277,2226,1855,0.9416243654822336,0.7846869712351946,0.0390140845070422,,NOT_RUN,NOT_RUN,UNKNOWN,UNKNOWN,REPRODUCED_cached_artifact_audit,True
polish,overall,meaningful_positive_per_reason,whole_mc1,0.1,2364,1182,1169,7100,2226,2199,27,2226,0,0.9416243654822336,0.0,0.0121293800539083,,NOT_RUN,NOT_RUN,UNKNOWN,UNKNOWN,REPRODUCED_cached_artifact_audit,False
polish,overall,meaningful_positive_per_reason,whole_mc2,0.1,2364,1182,1169,7100,3710,3637,73,1855,1855,0.7846869712351946,0.7846869712351946,0.0196765498652291,,NOT_RUN,NOT_RUN,UNKNOWN,UNKNOWN,REPRODUCED_cached_artifact_audit,False
polish,overall,meaningful_positive_per_reason,whole_mc_all,0.1,2364,1182,1169,7100,7100,6823,277,2226,1855,0.9416243654822336,0.7846869712351946,0.0390140845070422,,NOT_RUN,NOT_RUN,UNKNOWN,UNKNOWN,REPRODUCED_cached_artifact_audit,True
polish,overall,meaningful_positive_per_reason,rank,0.1,2364,1182,1169,7100,7100,6823,277,2226,1855,0.9416243654822336,0.7846869712351946,0.0390140845070422,0.0784513248130679,REPORTED_historical_5_repetitions,fold0_mcar30_first16_only_NOT_this_condition,UNKNOWN,UNKNOWN,REPRODUCED_cached_artifact_audit,True
polish,overall,meaningful_positive_per_reason,stable_donor,0.1,2364,1182,1169,7100,6722,6686,36,2200,1772,0.9306260575296108,0.7495769881556683,0.0053555489437667,0.0785137749277055,REPORTED_historical_5_repetitions,fold0_mcar30_first16_only_NOT_this_condition,UNKNOWN,UNKNOWN,REPRODUCED_cached_artifact_audit,True
polish,overall,meaningful_positive_per_reason,stable_conditional,0.1,2364,1182,1169,7100,6640,6613,27,2197,1763,0.929357021996616,0.7457698815566836,0.0040662650602409,0.7133047165814788,REPORTED_historical_5_repetitions,fold0_mcar30_first16_only_NOT_this_condition,UNKNOWN,UNKNOWN,REPRODUCED_cached_artifact_audit,True
polish,overall,meaningful_positive_per_reason,stable_both,0.1,2364,1182,1169,7100,6585,6569,16,2190,1751,0.9263959390862944,0.7406937394247038,0.0024297646165527,0.7895659917965532,REPORTED_historical_5_repetitions,fold0_mcar30_first16_only_NOT_this_condition,UNKNOWN,UNKNOWN,REPRODUCED_cached_artifact_audit,True
polish,mcar10,meaningful_positive_per_reason,release_all,0.1,1182,1182,1169,3625,3625,3542,83,1118,929,0.94585448392555,0.7859560067681896,0.0228965517241379,,NOT_RUN,NOT_RUN,UNKNOWN,UNKNOWN,REPRODUCED_cached_artifact_audit,True
polish,mcar10,meaningful_positive_per_reason,top1,0.1,1182,1182,1169,3625,1118,1113,5,1118,0,0.94585448392555,0.0,0.0044722719141323,,NOT_RUN,NOT_RUN,UNKNOWN,UNKNOWN,REPRODUCED_cached_artifact_audit,False
polish,mcar10,meaningful_positive_per_reason,mask_warning,0.1,1182,1182,1169,3625,3625,3542,83,1118,929,0.94585448392555,0.7859560067681896,0.0228965517241379,,NOT_RUN,NOT_RUN,UNKNOWN,UNKNOWN,REPRODUCED_cached_artifact_audit,True
polish,mcar10,meaningful_positive_per_reason,whole_mc1,0.1,1182,1182,1169,3625,1118,1113,5,1118,0,0.94585448392555,0.0,0.0044722719141323,,NOT_RUN,NOT_RUN,UNKNOWN,UNKNOWN,REPRODUCED_cached_artifact_audit,False
polish,mcar10,meaningful_positive_per_reason,whole_mc2,0.1,1182,1182,1169,3625,1858,1840,18,929,929,0.7859560067681896,0.7859560067681896,0.0096878363832077,,NOT_RUN,NOT_RUN,UNKNOWN,UNKNOWN,REPRODUCED_cached_artifact_audit,False
polish,mcar10,meaningful_positive_per_reason,whole_mc_all,0.1,1182,1182,1169,3625,3625,3542,83,1118,929,0.94585448392555,0.7859560067681896,0.0228965517241379,,NOT_RUN,NOT_RUN,UNKNOWN,UNKNOWN,REPRODUCED_cached_artifact_audit,True
polish,mcar10,meaningful_positive_per_reason,rank,0.1,1182,1182,1169,3625,3625,3542,83,1118,929,0.94585448392555,0.7859560067681896,0.0228965517241379,0.0784513248130679,REPORTED_historical_5_repetitions,fold0_mcar30_first16_only_NOT_this_condition,UNKNOWN,UNKNOWN,REPRODUCED_cached_artifact_audit,True
polish,mcar10,meaningful_positive_per_reason,stable_donor,0.1,1182,1182,1169,3625,3513,3499,14,1111,912,0.939932318104907,0.7715736040609137,0.0039851978366068,0.0785137749277055,REPORTED_historical_5_repetitions,fold0_mcar30_first16_only_NOT_this_condition,UNKNOWN,UNKNOWN,REPRODUCED_cached_artifact_audit,True
polish,mcar10,meaningful_positive_per_reason,stable_conditional,0.1,1182,1182,1169,3625,3485,3477,8,1112,908,0.9407783417935702,0.7681895093062606,0.0022955523672883,0.7133047165814788,REPORTED_historical_5_repetitions,fold0_mcar30_first16_only_NOT_this_condition,UNKNOWN,UNKNOWN,REPRODUCED_cached_artifact_audit,True
polish,mcar10,meaningful_positive_per_reason,stable_both,0.1,1182,1182,1169,3625,3470,3465,5,1109,907,0.9382402707275804,0.7673434856175972,0.0014409221902017,0.7895659917965532,REPORTED_historical_5_repetitions,fold0_mcar30_first16_only_NOT_this_condition,UNKNOWN,UNKNOWN,REPRODUCED_cached_artifact_audit,True
polish,mcar30,meaningful_positive_per_reason,release_all,0.1,1182,1182,1169,3475,3475,3281,194,1108,926,0.937394247038917,0.7834179357021996,0.0558273381294964,,NOT_RUN,NOT_RUN,UNKNOWN,UNKNOWN,REPRODUCED_cached_artifact_audit,True
polish,mcar30,meaningful_positive_per_reason,top1,0.1,1182,1182,1169,3475,1108,1086,22,1108,0,0.937394247038917,0.0,0.01985559566787,,NOT_RUN,NOT_RUN,UNKNOWN,UNKNOWN,REPRODUCED_cached_artifact_audit,False
polish,mcar30,meaningful_positive_per_reason,mask_warning,0.1,1182,1182,1169,3475,3475,3281,194,1108,926,0.937394247038917,0.7834179357021996,0.0558273381294964,,NOT_RUN,NOT_RUN,UNKNOWN,UNKNOWN,REPRODUCED_cached_artifact_audit,True
polish,mcar30,meaningful_positive_per_reason,whole_mc1,0.1,1182,1182,1169,3475,1108,1086,22,1108,0,0.937394247038917,0.0,0.01985559566787,,NOT_RUN,NOT_RUN,UNKNOWN,UNKNOWN,REPRODUCED_cached_artifact_audit,False
polish,mcar30,meaningful_positive_per_reason,whole_mc2,0.1,1182,1182,1169,3475,1852,1797,55,926,926,0.7834179357021996,0.7834179357021996,0.0296976241900647,,NOT_RUN,NOT_RUN,UNKNOWN,UNKNOWN,REPRODUCED_cached_artifact_audit,False
polish,mcar30,meaningful_positive_per_reason,whole_mc_all,0.1,1182,1182,1169,3475,3475,3281,194,1108,926,0.937394247038917,0.7834179357021996,0.0558273381294964,,NOT_RUN,NOT_RUN,UNKNOWN,UNKNOWN,REPRODUCED_cached_artifact_audit,True
polish,mcar30,meaningful_positive_per_reason,rank,0.1,1182,1182,1169,3475,3475,3281,194,1108,926,0.937394247038917,0.7834179357021996,0.0558273381294964,0.0784513248130679,REPORTED_historical_5_repetitions,fold0_mcar30_first16_only_NOT_this_condition,UNKNOWN,UNKNOWN,REPRODUCED_cached_artifact_audit,True
polish,mcar30,meaningful_positive_per_reason,stable_donor,0.1,1182,1182,1169,3475,3209,3187,22,1089,860,0.9213197969543148,0.727580372250423,0.0068557182923028,0.0785137749277055,REPORTED_historical_5_repetitions,fold0_mcar30_first16_only_NOT_this_condition,UNKNOWN,UNKNOWN,REPRODUCED_cached_artifact_audit,True
polish,mcar30,meaningful_positive_per_reason,stable_conditional,0.1,1182,1182,1169,3475,3155,3136,19,1085,855,0.9179357021996616,0.7233502538071066,0.0060221870047543,0.7133047165814788,REPORTED_historical_5_repetitions,fold0_mcar30_first16_only_NOT_this_condition,UNKNOWN,UNKNOWN,REPRODUCED_cached_artifact_audit,True
polish,mcar30,meaningful_positive_per_reason,stable_both,0.1,1182,1182,1169,3475,3115,3104,11,1081,844,0.9145516074450084,0.7140439932318104,0.0035313001605136,0.7895659917965532,REPORTED_historical_5_repetitions,fold0_mcar30_first16_only_NOT_this_condition,UNKNOWN,UNKNOWN,REPRODUCED_cached_artifact_audit,True
