dataset,condition,method,c_over_b,utility_total,utility_per_case,lo,hi,delta_vs_release_all_per_case,delta_lo,delta_hi,finite_bootstrap_draws,units,compute_delay,grid_winner
taiwan,overall,release_all,0.0,21430.0,2.232291666666667,2.1869661458333334,2.2795911458333333,0.0,0.0,0.0,1000,valid_reason_benefit,NOT_SUBTRACTED_UNKNOWN,True
taiwan,overall,release_all,0.5,21148.0,2.202916666666667,2.1564531249999996,2.2496979166666664,0.0,0.0,0.0,1000,valid_reason_benefit,NOT_SUBTRACTED_UNKNOWN,True
taiwan,overall,release_all,1.0,20866.0,2.1735416666666665,2.1261432291666664,2.220533854166667,0.0,0.0,0.0,1000,valid_reason_benefit,NOT_SUBTRACTED_UNKNOWN,True
taiwan,overall,release_all,2.0,20302.0,2.1147916666666666,2.0638541666666668,2.16375,0.0,0.0,0.0,1000,valid_reason_benefit,NOT_SUBTRACTED_UNKNOWN,False
taiwan,overall,release_all,5.0,18610.0,1.9385416666666666,1.8797916666666667,1.9927187499999999,0.0,0.0,0.0,1000,valid_reason_benefit,NOT_SUBTRACTED_UNKNOWN,False
taiwan,overall,release_all,10.0,15790.0,1.6447916666666667,1.5649583333333332,1.7224010416666666,0.0,0.0,0.0,1000,valid_reason_benefit,NOT_SUBTRACTED_UNKNOWN,False
taiwan,overall,top1,0.0,8789.0,0.9155208333333333,0.9062447916666667,0.9249010416666666,-1.3167708333333332,-1.3585416666666668,-1.2764505208333332,1000,valid_reason_benefit,NOT_SUBTRACTED_UNKNOWN,False
taiwan,overall,top1,0.5,8738.0,0.9102083333333333,0.9001549479166666,0.9200052083333333,-1.2927083333333333,-1.3338151041666666,-1.2521328125,1000,valid_reason_benefit,NOT_SUBTRACTED_UNKNOWN,False
taiwan,overall,top1,1.0,8687.0,0.9048958333333333,0.8943723958333334,0.9153125,-1.2686458333333333,-1.3105208333333334,-1.2276744791666667,1000,valid_reason_benefit,NOT_SUBTRACTED_UNKNOWN,False
taiwan,overall,top1,2.0,8585.0,0.8942708333333333,0.8819765625,0.9062552083333333,-1.2205208333333333,-1.2633567708333333,-1.1770703125,1000,valid_reason_benefit,NOT_SUBTRACTED_UNKNOWN,False
taiwan,overall,top1,5.0,8279.0,0.8623958333333334,0.8436458333333333,0.8795859375,-1.0761458333333334,-1.1256380208333334,-1.027078125,1000,valid_reason_benefit,NOT_SUBTRACTED_UNKNOWN,False
taiwan,overall,top1,10.0,7769.0,0.8092708333333334,0.777703125,0.8375078125000001,-0.8355208333333334,-0.9071119791666666,-0.7655026041666667,1000,valid_reason_benefit,NOT_SUBTRACTED_UNKNOWN,False
taiwan,overall,mask_warning,0.0,21430.0,2.232291666666667,2.1869661458333334,2.2795911458333333,0.0,0.0,0.0,1000,valid_reason_benefit,NOT_SUBTRACTED_UNKNOWN,True
taiwan,overall,mask_warning,0.5,21148.0,2.202916666666667,2.1564531249999996,2.2496979166666664,0.0,0.0,0.0,1000,valid_reason_benefit,NOT_SUBTRACTED_UNKNOWN,True
taiwan,overall,mask_warning,1.0,20866.0,2.1735416666666665,2.1261432291666664,2.220533854166667,0.0,0.0,0.0,1000,valid_reason_benefit,NOT_SUBTRACTED_UNKNOWN,True
taiwan,overall,mask_warning,2.0,20302.0,2.1147916666666666,2.0638541666666668,2.16375,0.0,0.0,0.0,1000,valid_reason_benefit,NOT_SUBTRACTED_UNKNOWN,False
taiwan,overall,mask_warning,5.0,18610.0,1.9385416666666666,1.8797916666666667,1.9927187499999999,0.0,0.0,0.0,1000,valid_reason_benefit,NOT_SUBTRACTED_UNKNOWN,False
taiwan,overall,mask_warning,10.0,15790.0,1.6447916666666667,1.5649583333333332,1.7224010416666666,0.0,0.0,0.0,1000,valid_reason_benefit,NOT_SUBTRACTED_UNKNOWN,False
taiwan,overall,whole_mc1,0.0,8789.0,0.9155208333333333,0.9062447916666667,0.9249010416666666,-1.3167708333333332,-1.3585416666666668,-1.2764505208333332,1000,valid_reason_benefit,NOT_SUBTRACTED_UNKNOWN,False
taiwan,overall,whole_mc1,0.5,8738.0,0.9102083333333333,0.9001549479166666,0.9200052083333333,-1.2927083333333333,-1.3338151041666666,-1.2521328125,1000,valid_reason_benefit,NOT_SUBTRACTED_UNKNOWN,False
taiwan,overall,whole_mc1,1.0,8687.0,0.9048958333333333,0.8943723958333334,0.9153125,-1.2686458333333333,-1.3105208333333334,-1.2276744791666667,1000,valid_reason_benefit,NOT_SUBTRACTED_UNKNOWN,False
taiwan,overall,whole_mc1,2.0,8585.0,0.8942708333333333,0.8819765625,0.9062552083333333,-1.2205208333333333,-1.2633567708333333,-1.1770703125,1000,valid_reason_benefit,NOT_SUBTRACTED_UNKNOWN,False
taiwan,overall,whole_mc1,5.0,8279.0,0.8623958333333334,0.8436458333333333,0.8795859375,-1.0761458333333334,-1.1256380208333334,-1.027078125,1000,valid_reason_benefit,NOT_SUBTRACTED_UNKNOWN,False
taiwan,overall,whole_mc1,10.0,7769.0,0.8092708333333334,0.777703125,0.8375078125000001,-0.8355208333333334,-0.9071119791666666,-0.7655026041666667,1000,valid_reason_benefit,NOT_SUBTRACTED_UNKNOWN,False
taiwan,overall,whole_mc2,0.0,13600.0,1.4166666666666667,1.3843567708333333,1.4489635416666666,-0.815625,-0.840421875,-0.789375,1000,valid_reason_benefit,NOT_SUBTRACTED_UNKNOWN,False
taiwan,overall,whole_mc2,0.5,13489.0,1.4051041666666666,1.3723880208333332,1.43766015625,-0.7978125,-0.8228658854166667,-0.77171875,1000,valid_reason_benefit,NOT_SUBTRACTED_UNKNOWN,False
taiwan,overall,whole_mc2,1.0,13378.0,1.3935416666666667,1.3601979166666667,1.42521875,-0.78,-0.805421875,-0.7541640625,1000,valid_reason_benefit,NOT_SUBTRACTED_UNKNOWN,False
taiwan,overall,whole_mc2,2.0,13156.0,1.3704166666666666,1.3358307291666667,1.4032317708333335,-0.744375,-0.7708463541666667,-0.717078125,1000,valid_reason_benefit,NOT_SUBTRACTED_UNKNOWN,False
taiwan,overall,whole_mc2,5.0,12490.0,1.3010416666666667,1.2612291666666666,1.3373020833333333,-0.6375,-0.6716927083333333,-0.6043697916666667,1000,valid_reason_benefit,NOT_SUBTRACTED_UNKNOWN,False
taiwan,overall,whole_mc2,10.0,11380.0,1.1854166666666666,1.1310364583333334,1.2332343749999999,-0.459375,-0.5140651041666666,-0.408015625,1000,valid_reason_benefit,NOT_SUBTRACTED_UNKNOWN,False
taiwan,overall,whole_mc_all,0.0,21430.0,2.232291666666667,2.1869661458333334,2.2795911458333333,0.0,0.0,0.0,1000,valid_reason_benefit,NOT_SUBTRACTED_UNKNOWN,True
taiwan,overall,whole_mc_all,0.5,21148.0,2.202916666666667,2.1564531249999996,2.2496979166666664,0.0,0.0,0.0,1000,valid_reason_benefit,NOT_SUBTRACTED_UNKNOWN,True
taiwan,overall,whole_mc_all,1.0,20866.0,2.1735416666666665,2.1261432291666664,2.220533854166667,0.0,0.0,0.0,1000,valid_reason_benefit,NOT_SUBTRACTED_UNKNOWN,True
taiwan,overall,whole_mc_all,2.0,20302.0,2.1147916666666666,2.0638541666666668,2.16375,0.0,0.0,0.0,1000,valid_reason_benefit,NOT_SUBTRACTED_UNKNOWN,False
taiwan,overall,whole_mc_all,5.0,18610.0,1.9385416666666666,1.8797916666666667,1.9927187499999999,0.0,0.0,0.0,1000,valid_reason_benefit,NOT_SUBTRACTED_UNKNOWN,False
taiwan,overall,whole_mc_all,10.0,15790.0,1.6447916666666667,1.5649583333333332,1.7224010416666666,0.0,0.0,0.0,1000,valid_reason_benefit,NOT_SUBTRACTED_UNKNOWN,False
taiwan,overall,rank,0.0,21430.0,2.232291666666667,2.1869661458333334,2.2795911458333333,0.0,0.0,0.0,1000,valid_reason_benefit,NOT_SUBTRACTED_UNKNOWN,True
taiwan,overall,rank,0.5,21148.0,2.202916666666667,2.1564531249999996,2.2496979166666664,0.0,0.0,0.0,1000,valid_reason_benefit,NOT_SUBTRACTED_UNKNOWN,True
taiwan,overall,rank,1.0,20866.0,2.1735416666666665,2.1261432291666664,2.220533854166667,0.0,0.0,0.0,1000,valid_reason_benefit,NOT_SUBTRACTED_UNKNOWN,True
taiwan,overall,rank,2.0,20302.0,2.1147916666666666,2.0638541666666668,2.16375,0.0,0.0,0.0,1000,valid_reason_benefit,NOT_SUBTRACTED_UNKNOWN,False
taiwan,overall,rank,5.0,18610.0,1.9385416666666666,1.8797916666666667,1.9927187499999999,0.0,0.0,0.0,1000,valid_reason_benefit,NOT_SUBTRACTED_UNKNOWN,False
taiwan,overall,rank,10.0,15790.0,1.6447916666666667,1.5649583333333332,1.7224010416666666,0.0,0.0,0.0,1000,valid_reason_benefit,NOT_SUBTRACTED_UNKNOWN,False
taiwan,overall,stable_donor,0.0,20920.0,2.1791666666666667,2.1347786458333333,2.2249140625000003,-0.053125,-0.05875,-0.04791406250000001,1000,valid_reason_benefit,NOT_SUBTRACTED_UNKNOWN,False
taiwan,overall,stable_donor,0.5,20864.5,2.1733854166666666,2.1282786458333334,2.2193828124999997,-0.02953125,-0.035782552083333335,-0.023384114583333334,1000,valid_reason_benefit,NOT_SUBTRACTED_UNKNOWN,False
taiwan,overall,stable_donor,1.0,20809.0,2.1676041666666666,2.1226901041666664,2.2137604166666667,-0.0059375,-0.013541666666666667,0.0020859374999999975,1000,valid_reason_benefit,NOT_SUBTRACTED_UNKNOWN,False
taiwan,overall,stable_donor,2.0,20698.0,2.156041666666667,2.1113385416666666,2.2021197916666666,0.04125,0.029268229166666666,0.05416927083333333,1000,valid_reason_benefit,NOT_SUBTRACTED_UNKNOWN,True
taiwan,overall,stable_donor,5.0,20365.0,2.121354166666667,2.0742708333333333,2.1695859375,0.1828125,0.15581510416666666,0.2128125,1000,valid_reason_benefit,NOT_SUBTRACTED_UNKNOWN,True
taiwan,overall,stable_donor,10.0,19810.0,2.0635416666666666,2.0104088541666667,2.11678125,0.41875,0.36552083333333335,0.4763541666666667,1000,valid_reason_benefit,NOT_SUBTRACTED_UNKNOWN,False
taiwan,overall,stable_conditional,0.0,20717.0,2.1580208333333335,2.1130156249999996,2.2044817708333335,-0.07427083333333333,-0.08083333333333333,-0.06812239583333334,1000,valid_reason_benefit,NOT_SUBTRACTED_UNKNOWN,False
taiwan,overall,stable_conditional,0.5,20661.0,2.1521875,2.1068216145833336,2.1992213541666668,-0.050729166666666665,-0.05791796875,-0.04348828125,1000,valid_reason_benefit,NOT_SUBTRACTED_UNKNOWN,False
taiwan,overall,stable_conditional,1.0,20605.0,2.146354166666667,2.1011406249999998,2.1935494791666663,-0.0271875,-0.03552604166666667,-0.018539062500000005,1000,valid_reason_benefit,NOT_SUBTRACTED_UNKNOWN,False
taiwan,overall,stable_conditional,2.0,20493.0,2.1346875,2.0892708333333334,2.1815885416666667,0.019895833333333335,0.007286458333333334,0.03302864583333333,1000,valid_reason_benefit,NOT_SUBTRACTED_UNKNOWN,False
taiwan,overall,stable_conditional,5.0,20157.0,2.0996875,2.0529010416666664,2.1476119791666664,0.16114583333333332,0.13394791666666667,0.1907421875,1000,valid_reason_benefit,NOT_SUBTRACTED_UNKNOWN,False
taiwan,overall,stable_conditional,10.0,19597.0,2.041354166666667,1.988125,2.090627604166667,0.3965625,0.34405989583333335,0.45376562499999995,1000,valid_reason_benefit,NOT_SUBTRACTED_UNKNOWN,False
taiwan,overall,stable_both,0.0,20537.0,2.1392708333333332,2.0956145833333335,2.184177083333333,-0.09302083333333333,-0.1009375,-0.085625,1000,valid_reason_benefit,NOT_SUBTRACTED_UNKNOWN,False
taiwan,overall,stable_both,0.5,20507.5,2.1361979166666667,2.0921236979166666,2.1812109375,-0.06671875,-0.07520833333333334,-0.05827734375,1000,valid_reason_benefit,NOT_SUBTRACTED_UNKNOWN,False
taiwan,overall,stable_both,1.0,20478.0,2.133125,2.0883333333333334,2.1783463541666666,-0.04041666666666666,-0.05062760416666667,-0.029997395833333336,1000,valid_reason_benefit,NOT_SUBTRACTED_UNKNOWN,False
taiwan,overall,stable_both,2.0,20419.0,2.1269791666666666,2.081875,2.1726171874999998,0.0121875,-0.002606770833333333,0.027502604166666663,1000,valid_reason_benefit,NOT_SUBTRACTED_UNKNOWN,False
taiwan,overall,stable_both,5.0,20242.0,2.1085416666666665,2.063328125,2.1558359375,0.17,0.1391640625,0.20260416666666667,1000,valid_reason_benefit,NOT_SUBTRACTED_UNKNOWN,False
taiwan,overall,stable_both,10.0,19947.0,2.0778125,2.0308098958333334,2.12771875,0.43302083333333335,0.37478645833333335,0.4949114583333333,1000,valid_reason_benefit,NOT_SUBTRACTED_UNKNOWN,True
taiwan,mcar10,release_all,0.0,5886.0,2.4525,2.401229166666667,2.5095833333333335,0.0,0.0,0.0,1000,valid_reason_benefit,NOT_SUBTRACTED_UNKNOWN,True
taiwan,mcar10,release_all,0.5,5841.0,2.43375,2.3818645833333334,2.4906510416666667,0.0,0.0,0.0,1000,valid_reason_benefit,NOT_SUBTRACTED_UNKNOWN,True
taiwan,mcar10,release_all,1.0,5796.0,2.415,2.362072916666667,2.4712604166666665,0.0,0.0,0.0,1000,valid_reason_benefit,NOT_SUBTRACTED_UNKNOWN,False
taiwan,mcar10,release_all,2.0,5706.0,2.3775,2.322072916666667,2.4354375,0.0,0.0,0.0,1000,valid_reason_benefit,NOT_SUBTRACTED_UNKNOWN,False
taiwan,mcar10,release_all,5.0,5436.0,2.265,2.1991354166666666,2.33253125,0.0,0.0,0.0,1000,valid_reason_benefit,NOT_SUBTRACTED_UNKNOWN,False
taiwan,mcar10,release_all,10.0,4986.0,2.0775,1.9787395833333334,2.1729583333333333,0.0,0.0,0.0,1000,valid_reason_benefit,NOT_SUBTRACTED_UNKNOWN,False
taiwan,mcar10,top1,0.0,2239.0,0.9329166666666666,0.9233333333333333,0.9433333333333334,-1.5195833333333333,-1.5700208333333334,-1.4699895833333334,1000,valid_reason_benefit,NOT_SUBTRACTED_UNKNOWN,False
taiwan,mcar10,top1,0.5,2232.5,0.9302083333333333,0.92,0.9410416666666667,-1.5035416666666668,-1.5550052083333332,-1.4537291666666667,1000,valid_reason_benefit,NOT_SUBTRACTED_UNKNOWN,False
taiwan,mcar10,top1,1.0,2226.0,0.9275,0.9166666666666666,0.93875,-1.4875,-1.5387604166666666,-1.4383124999999999,1000,valid_reason_benefit,NOT_SUBTRACTED_UNKNOWN,False
taiwan,mcar10,top1,2.0,2213.0,0.9220833333333334,0.90915625,0.935,-1.4554166666666666,-1.5075,-1.4033333333333333,1000,valid_reason_benefit,NOT_SUBTRACTED_UNKNOWN,False
taiwan,mcar10,top1,5.0,2174.0,0.9058333333333334,0.8845833333333334,0.925,-1.3591666666666666,-1.4216666666666666,-1.29665625,1000,valid_reason_benefit,NOT_SUBTRACTED_UNKNOWN,False
taiwan,mcar10,top1,10.0,2109.0,0.87875,0.8424895833333333,0.9108541666666667,-1.19875,-1.2816875,-1.1095729166666668,1000,valid_reason_benefit,NOT_SUBTRACTED_UNKNOWN,False
taiwan,mcar10,mask_warning,0.0,5886.0,2.4525,2.401229166666667,2.5095833333333335,0.0,0.0,0.0,1000,valid_reason_benefit,NOT_SUBTRACTED_UNKNOWN,True
taiwan,mcar10,mask_warning,0.5,5841.0,2.43375,2.3818645833333334,2.4906510416666667,0.0,0.0,0.0,1000,valid_reason_benefit,NOT_SUBTRACTED_UNKNOWN,True
taiwan,mcar10,mask_warning,1.0,5796.0,2.415,2.362072916666667,2.4712604166666665,0.0,0.0,0.0,1000,valid_reason_benefit,NOT_SUBTRACTED_UNKNOWN,False
taiwan,mcar10,mask_warning,2.0,5706.0,2.3775,2.322072916666667,2.4354375,0.0,0.0,0.0,1000,valid_reason_benefit,NOT_SUBTRACTED_UNKNOWN,False
taiwan,mcar10,mask_warning,5.0,5436.0,2.265,2.1991354166666666,2.33253125,0.0,0.0,0.0,1000,valid_reason_benefit,NOT_SUBTRACTED_UNKNOWN,False
taiwan,mcar10,mask_warning,10.0,4986.0,2.0775,1.9787395833333334,2.1729583333333333,0.0,0.0,0.0,1000,valid_reason_benefit,NOT_SUBTRACTED_UNKNOWN,False
taiwan,mcar10,whole_mc1,0.0,2239.0,0.9329166666666666,0.9233333333333333,0.9433333333333334,-1.5195833333333333,-1.5700208333333334,-1.4699895833333334,1000,valid_reason_benefit,NOT_SUBTRACTED_UNKNOWN,False
taiwan,mcar10,whole_mc1,0.5,2232.5,0.9302083333333333,0.92,0.9410416666666667,-1.5035416666666668,-1.5550052083333332,-1.4537291666666667,1000,valid_reason_benefit,NOT_SUBTRACTED_UNKNOWN,False
taiwan,mcar10,whole_mc1,1.0,2226.0,0.9275,0.9166666666666666,0.93875,-1.4875,-1.5387604166666666,-1.4383124999999999,1000,valid_reason_benefit,NOT_SUBTRACTED_UNKNOWN,False
taiwan,mcar10,whole_mc1,2.0,2213.0,0.9220833333333334,0.90915625,0.935,-1.4554166666666666,-1.5075,-1.4033333333333333,1000,valid_reason_benefit,NOT_SUBTRACTED_UNKNOWN,False
taiwan,mcar10,whole_mc1,5.0,2174.0,0.9058333333333334,0.8845833333333334,0.925,-1.3591666666666666,-1.4216666666666666,-1.29665625,1000,valid_reason_benefit,NOT_SUBTRACTED_UNKNOWN,False
taiwan,mcar10,whole_mc1,10.0,2109.0,0.87875,0.8424895833333333,0.9108541666666667,-1.19875,-1.2816875,-1.1095729166666668,1000,valid_reason_benefit,NOT_SUBTRACTED_UNKNOWN,False
taiwan,mcar10,whole_mc2,0.0,3651.0,1.52125,1.4870729166666667,1.5554166666666667,-0.93125,-0.96584375,-0.8958229166666667,1000,valid_reason_benefit,NOT_SUBTRACTED_UNKNOWN,False
taiwan,mcar10,whole_mc2,0.5,3638.5,1.5160416666666667,1.4810416666666666,1.5496041666666667,-0.9177083333333333,-0.9533333333333334,-0.8826927083333334,1000,valid_reason_benefit,NOT_SUBTRACTED_UNKNOWN,False
taiwan,mcar10,whole_mc2,1.0,3626.0,1.5108333333333333,1.4741666666666666,1.5450208333333333,-0.9041666666666667,-0.9400104166666666,-0.8683229166666666,1000,valid_reason_benefit,NOT_SUBTRACTED_UNKNOWN,False
taiwan,mcar10,whole_mc2,2.0,3601.0,1.5004166666666667,1.46165625,1.5358333333333334,-0.8770833333333333,-0.9141770833333334,-0.83875,1000,valid_reason_benefit,NOT_SUBTRACTED_UNKNOWN,False
taiwan,mcar10,whole_mc2,5.0,3526.0,1.4691666666666667,1.4249791666666667,1.51,-0.7958333333333333,-0.8441770833333333,-0.7458229166666667,1000,valid_reason_benefit,NOT_SUBTRACTED_UNKNOWN,False
taiwan,mcar10,whole_mc2,10.0,3401.0,1.4170833333333333,1.3575,1.4716770833333332,-0.6604166666666667,-0.7345833333333334,-0.5799895833333333,1000,valid_reason_benefit,NOT_SUBTRACTED_UNKNOWN,False
taiwan,mcar10,whole_mc_all,0.0,5886.0,2.4525,2.401229166666667,2.5095833333333335,0.0,0.0,0.0,1000,valid_reason_benefit,NOT_SUBTRACTED_UNKNOWN,True
taiwan,mcar10,whole_mc_all,0.5,5841.0,2.43375,2.3818645833333334,2.4906510416666667,0.0,0.0,0.0,1000,valid_reason_benefit,NOT_SUBTRACTED_UNKNOWN,True
taiwan,mcar10,whole_mc_all,1.0,5796.0,2.415,2.362072916666667,2.4712604166666665,0.0,0.0,0.0,1000,valid_reason_benefit,NOT_SUBTRACTED_UNKNOWN,False
taiwan,mcar10,whole_mc_all,2.0,5706.0,2.3775,2.322072916666667,2.4354375,0.0,0.0,0.0,1000,valid_reason_benefit,NOT_SUBTRACTED_UNKNOWN,False
taiwan,mcar10,whole_mc_all,5.0,5436.0,2.265,2.1991354166666666,2.33253125,0.0,0.0,0.0,1000,valid_reason_benefit,NOT_SUBTRACTED_UNKNOWN,False
taiwan,mcar10,whole_mc_all,10.0,4986.0,2.0775,1.9787395833333334,2.1729583333333333,0.0,0.0,0.0,1000,valid_reason_benefit,NOT_SUBTRACTED_UNKNOWN,False
taiwan,mcar10,rank,0.0,5886.0,2.4525,2.401229166666667,2.5095833333333335,0.0,0.0,0.0,1000,valid_reason_benefit,NOT_SUBTRACTED_UNKNOWN,True
taiwan,mcar10,rank,0.5,5841.0,2.43375,2.3818645833333334,2.4906510416666667,0.0,0.0,0.0,1000,valid_reason_benefit,NOT_SUBTRACTED_UNKNOWN,True
taiwan,mcar10,rank,1.0,5796.0,2.415,2.362072916666667,2.4712604166666665,0.0,0.0,0.0,1000,valid_reason_benefit,NOT_SUBTRACTED_UNKNOWN,False
taiwan,mcar10,rank,2.0,5706.0,2.3775,2.322072916666667,2.4354375,0.0,0.0,0.0,1000,valid_reason_benefit,NOT_SUBTRACTED_UNKNOWN,False
taiwan,mcar10,rank,5.0,5436.0,2.265,2.1991354166666666,2.33253125,0.0,0.0,0.0,1000,valid_reason_benefit,NOT_SUBTRACTED_UNKNOWN,False
taiwan,mcar10,rank,10.0,4986.0,2.0775,1.9787395833333334,2.1729583333333333,0.0,0.0,0.0,1000,valid_reason_benefit,NOT_SUBTRACTED_UNKNOWN,False
taiwan,mcar10,stable_donor,0.0,5828.0,2.4283333333333332,2.3762395833333336,2.485,-0.024166666666666666,-0.030427083333333334,-0.018333333333333333,1000,valid_reason_benefit,NOT_SUBTRACTED_UNKNOWN,False
taiwan,mcar10,stable_donor,0.5,5821.5,2.425625,2.373953125,2.4820989583333333,-0.008125,-0.015421875,-0.0008333333333333334,1000,valid_reason_benefit,NOT_SUBTRACTED_UNKNOWN,False
taiwan,mcar10,stable_donor,1.0,5815.0,2.4229166666666666,2.3712395833333333,2.4795833333333333,0.007916666666666667,-0.0016666666666666668,0.017916666666666668,1000,valid_reason_benefit,NOT_SUBTRACTED_UNKNOWN,True
taiwan,mcar10,stable_donor,2.0,5802.0,2.4175,2.3658229166666667,2.473333333333333,0.04,0.024989583333333336,0.05626041666666666,1000,valid_reason_benefit,NOT_SUBTRACTED_UNKNOWN,True
taiwan,mcar10,stable_donor,5.0,5763.0,2.40125,2.347072916666667,2.4583333333333335,0.13625,0.10166666666666667,0.17459375,1000,valid_reason_benefit,NOT_SUBTRACTED_UNKNOWN,True
taiwan,mcar10,stable_donor,10.0,5698.0,2.3741666666666665,2.313729166666667,2.43459375,0.2966666666666667,0.22915624999999998,0.3725104166666667,1000,valid_reason_benefit,NOT_SUBTRACTED_UNKNOWN,False
taiwan,mcar10,stable_conditional,0.0,5803.0,2.4179166666666667,2.36625,2.4712916666666667,-0.034583333333333334,-0.0425,-0.027083333333333334,1000,valid_reason_benefit,NOT_SUBTRACTED_UNKNOWN,False
taiwan,mcar10,stable_conditional,0.5,5798.5,2.4160416666666666,2.364578125,2.469828125,-0.017708333333333333,-0.026255208333333332,-0.008958333333333334,1000,valid_reason_benefit,NOT_SUBTRACTED_UNKNOWN,False
taiwan,mcar10,stable_conditional,1.0,5794.0,2.4141666666666666,2.3633333333333333,2.46834375,-0.0008333333333333334,-0.011666666666666667,0.01,1000,valid_reason_benefit,NOT_SUBTRACTED_UNKNOWN,False
taiwan,mcar10,stable_conditional,2.0,5785.0,2.410416666666667,2.36,2.4646041666666663,0.032916666666666664,0.017072916666666667,0.050833333333333335,1000,valid_reason_benefit,NOT_SUBTRACTED_UNKNOWN,False
taiwan,mcar10,stable_conditional,5.0,5758.0,2.3991666666666664,2.3462395833333334,2.453333333333333,0.13416666666666666,0.09958333333333333,0.17418749999999997,1000,valid_reason_benefit,NOT_SUBTRACTED_UNKNOWN,False
taiwan,mcar10,stable_conditional,10.0,5713.0,2.3804166666666666,2.3233125,2.4387708333333333,0.30291666666666667,0.23625,0.38167708333333333,1000,valid_reason_benefit,NOT_SUBTRACTED_UNKNOWN,False
taiwan,mcar10,stable_both,0.0,5785.0,2.410416666666667,2.3587395833333336,2.464583333333333,-0.042083333333333334,-0.05042708333333333,-0.03375,1000,valid_reason_benefit,NOT_SUBTRACTED_UNKNOWN,False
taiwan,mcar10,stable_both,0.5,5782.5,2.409375,2.357911458333333,2.463546875,-0.024375,-0.033546875,-0.015,1000,valid_reason_benefit,NOT_SUBTRACTED_UNKNOWN,False
taiwan,mcar10,stable_both,1.0,5780.0,2.408333333333333,2.3574895833333334,2.4625104166666665,-0.006666666666666667,-0.017927083333333333,0.005,1000,valid_reason_benefit,NOT_SUBTRACTED_UNKNOWN,False
taiwan,mcar10,stable_both,2.0,5775.0,2.40625,2.3553854166666666,2.4604375,0.02875,0.012083333333333333,0.04751041666666666,1000,valid_reason_benefit,NOT_SUBTRACTED_UNKNOWN,False
taiwan,mcar10,stable_both,5.0,5760.0,2.4,2.3482916666666664,2.454177083333333,0.135,0.09957291666666666,0.17792708333333332,1000,valid_reason_benefit,NOT_SUBTRACTED_UNKNOWN,False
taiwan,mcar10,stable_both,10.0,5735.0,2.3895833333333334,2.335,2.4470833333333335,0.3120833333333333,0.24333333333333335,0.395,1000,valid_reason_benefit,NOT_SUBTRACTED_UNKNOWN,True
taiwan,mcar30,release_all,0.0,5029.0,2.0954166666666665,2.0454166666666667,2.146260416666667,0.0,0.0,0.0,1000,valid_reason_benefit,NOT_SUBTRACTED_UNKNOWN,True
taiwan,mcar30,release_all,0.5,4949.5,2.062291666666667,2.012286458333333,2.114802083333333,0.0,0.0,0.0,1000,valid_reason_benefit,NOT_SUBTRACTED_UNKNOWN,True
taiwan,mcar30,release_all,1.0,4870.0,2.029166666666667,1.9783229166666667,2.0816666666666666,0.0,0.0,0.0,1000,valid_reason_benefit,NOT_SUBTRACTED_UNKNOWN,True
taiwan,mcar30,release_all,2.0,4711.0,1.9629166666666666,1.9087291666666666,2.021677083333333,0.0,0.0,0.0,1000,valid_reason_benefit,NOT_SUBTRACTED_UNKNOWN,False
taiwan,mcar30,release_all,5.0,4234.0,1.7641666666666667,1.6895729166666669,1.8425,0.0,0.0,0.0,1000,valid_reason_benefit,NOT_SUBTRACTED_UNKNOWN,False
taiwan,mcar30,release_all,10.0,3439.0,1.4329166666666666,1.3191249999999999,1.5608645833333332,0.0,0.0,0.0,1000,valid_reason_benefit,NOT_SUBTRACTED_UNKNOWN,False
taiwan,mcar30,top1,0.0,2178.0,0.9075,0.89625,0.9191666666666667,-1.1879166666666667,-1.2325,-1.1412395833333335,1000,valid_reason_benefit,NOT_SUBTRACTED_UNKNOWN,False
taiwan,mcar30,top1,0.5,2162.0,0.9008333333333334,0.88915625,0.9141666666666667,-1.1614583333333333,-1.2064635416666667,-1.1149947916666667,1000,valid_reason_benefit,NOT_SUBTRACTED_UNKNOWN,False
taiwan,mcar30,top1,1.0,2146.0,0.8941666666666667,0.8808333333333334,0.9087604166666666,-1.135,-1.18209375,-1.0883125,1000,valid_reason_benefit,NOT_SUBTRACTED_UNKNOWN,False
taiwan,mcar30,top1,2.0,2114.0,0.8808333333333334,0.86415625,0.8979270833333334,-1.0820833333333333,-1.1316666666666666,-1.0316562500000002,1000,valid_reason_benefit,NOT_SUBTRACTED_UNKNOWN,False
taiwan,mcar30,top1,5.0,2018.0,0.8408333333333333,0.8116666666666666,0.8687604166666667,-0.9233333333333333,-0.9916770833333334,-0.85915625,1000,valid_reason_benefit,NOT_SUBTRACTED_UNKNOWN,False
taiwan,mcar30,top1,10.0,1858.0,0.7741666666666667,0.7241666666666666,0.8229166666666666,-0.65875,-0.76834375,-0.5529062499999999,1000,valid_reason_benefit,NOT_SUBTRACTED_UNKNOWN,False
taiwan,mcar30,mask_warning,0.0,5029.0,2.0954166666666665,2.0454166666666667,2.146260416666667,0.0,0.0,0.0,1000,valid_reason_benefit,NOT_SUBTRACTED_UNKNOWN,True
taiwan,mcar30,mask_warning,0.5,4949.5,2.062291666666667,2.012286458333333,2.114802083333333,0.0,0.0,0.0,1000,valid_reason_benefit,NOT_SUBTRACTED_UNKNOWN,True
taiwan,mcar30,mask_warning,1.0,4870.0,2.029166666666667,1.9783229166666667,2.0816666666666666,0.0,0.0,0.0,1000,valid_reason_benefit,NOT_SUBTRACTED_UNKNOWN,True
taiwan,mcar30,mask_warning,2.0,4711.0,1.9629166666666666,1.9087291666666666,2.021677083333333,0.0,0.0,0.0,1000,valid_reason_benefit,NOT_SUBTRACTED_UNKNOWN,False
taiwan,mcar30,mask_warning,5.0,4234.0,1.7641666666666667,1.6895729166666669,1.8425,0.0,0.0,0.0,1000,valid_reason_benefit,NOT_SUBTRACTED_UNKNOWN,False
taiwan,mcar30,mask_warning,10.0,3439.0,1.4329166666666666,1.3191249999999999,1.5608645833333332,0.0,0.0,0.0,1000,valid_reason_benefit,NOT_SUBTRACTED_UNKNOWN,False
taiwan,mcar30,whole_mc1,0.0,2178.0,0.9075,0.89625,0.9191666666666667,-1.1879166666666667,-1.2325,-1.1412395833333335,1000,valid_reason_benefit,NOT_SUBTRACTED_UNKNOWN,False
taiwan,mcar30,whole_mc1,0.5,2162.0,0.9008333333333334,0.88915625,0.9141666666666667,-1.1614583333333333,-1.2064635416666667,-1.1149947916666667,1000,valid_reason_benefit,NOT_SUBTRACTED_UNKNOWN,False
taiwan,mcar30,whole_mc1,1.0,2146.0,0.8941666666666667,0.8808333333333334,0.9087604166666666,-1.135,-1.18209375,-1.0883125,1000,valid_reason_benefit,NOT_SUBTRACTED_UNKNOWN,False
taiwan,mcar30,whole_mc1,2.0,2114.0,0.8808333333333334,0.86415625,0.8979270833333334,-1.0820833333333333,-1.1316666666666666,-1.0316562500000002,1000,valid_reason_benefit,NOT_SUBTRACTED_UNKNOWN,False
taiwan,mcar30,whole_mc1,5.0,2018.0,0.8408333333333333,0.8116666666666666,0.8687604166666667,-0.9233333333333333,-0.9916770833333334,-0.85915625,1000,valid_reason_benefit,NOT_SUBTRACTED_UNKNOWN,False
taiwan,mcar30,whole_mc1,10.0,1858.0,0.7741666666666667,0.7241666666666666,0.8229166666666666,-0.65875,-0.76834375,-0.5529062499999999,1000,valid_reason_benefit,NOT_SUBTRACTED_UNKNOWN,False
taiwan,mcar30,whole_mc2,0.0,3205.0,1.3354166666666667,1.2954166666666667,1.3720833333333333,-0.76,-0.7904166666666667,-0.7287395833333333,1000,valid_reason_benefit,NOT_SUBTRACTED_UNKNOWN,False
taiwan,mcar30,whole_mc2,0.5,3169.5,1.320625,1.280625,1.358125,-0.7416666666666667,-0.7731354166666666,-0.7097864583333334,1000,valid_reason_benefit,NOT_SUBTRACTED_UNKNOWN,False
taiwan,mcar30,whole_mc2,1.0,3134.0,1.3058333333333334,1.265,1.3441875,-0.7233333333333334,-0.7554479166666667,-0.69040625,1000,valid_reason_benefit,NOT_SUBTRACTED_UNKNOWN,False
taiwan,mcar30,whole_mc2,2.0,3063.0,1.27625,1.2333333333333334,1.3170833333333334,-0.6866666666666666,-0.7229166666666667,-0.6512395833333333,1000,valid_reason_benefit,NOT_SUBTRACTED_UNKNOWN,False
taiwan,mcar30,whole_mc2,5.0,2850.0,1.1875,1.1316666666666666,1.2392083333333335,-0.5766666666666667,-0.6295937500000001,-0.5275,1000,valid_reason_benefit,NOT_SUBTRACTED_UNKNOWN,False
taiwan,mcar30,whole_mc2,10.0,2495.0,1.0395833333333333,0.9545729166666667,1.1204270833333332,-0.3933333333333333,-0.47925,-0.3136666666666667,1000,valid_reason_benefit,NOT_SUBTRACTED_UNKNOWN,False
taiwan,mcar30,whole_mc_all,0.0,5029.0,2.0954166666666665,2.0454166666666667,2.146260416666667,0.0,0.0,0.0,1000,valid_reason_benefit,NOT_SUBTRACTED_UNKNOWN,True
taiwan,mcar30,whole_mc_all,0.5,4949.5,2.062291666666667,2.012286458333333,2.114802083333333,0.0,0.0,0.0,1000,valid_reason_benefit,NOT_SUBTRACTED_UNKNOWN,True
taiwan,mcar30,whole_mc_all,1.0,4870.0,2.029166666666667,1.9783229166666667,2.0816666666666666,0.0,0.0,0.0,1000,valid_reason_benefit,NOT_SUBTRACTED_UNKNOWN,True
taiwan,mcar30,whole_mc_all,2.0,4711.0,1.9629166666666666,1.9087291666666666,2.021677083333333,0.0,0.0,0.0,1000,valid_reason_benefit,NOT_SUBTRACTED_UNKNOWN,False
taiwan,mcar30,whole_mc_all,5.0,4234.0,1.7641666666666667,1.6895729166666669,1.8425,0.0,0.0,0.0,1000,valid_reason_benefit,NOT_SUBTRACTED_UNKNOWN,False
taiwan,mcar30,whole_mc_all,10.0,3439.0,1.4329166666666666,1.3191249999999999,1.5608645833333332,0.0,0.0,0.0,1000,valid_reason_benefit,NOT_SUBTRACTED_UNKNOWN,False
taiwan,mcar30,rank,0.0,5029.0,2.0954166666666665,2.0454166666666667,2.146260416666667,0.0,0.0,0.0,1000,valid_reason_benefit,NOT_SUBTRACTED_UNKNOWN,True
taiwan,mcar30,rank,0.5,4949.5,2.062291666666667,2.012286458333333,2.114802083333333,0.0,0.0,0.0,1000,valid_reason_benefit,NOT_SUBTRACTED_UNKNOWN,True
taiwan,mcar30,rank,1.0,4870.0,2.029166666666667,1.9783229166666667,2.0816666666666666,0.0,0.0,0.0,1000,valid_reason_benefit,NOT_SUBTRACTED_UNKNOWN,True
taiwan,mcar30,rank,2.0,4711.0,1.9629166666666666,1.9087291666666666,2.021677083333333,0.0,0.0,0.0,1000,valid_reason_benefit,NOT_SUBTRACTED_UNKNOWN,False
taiwan,mcar30,rank,5.0,4234.0,1.7641666666666667,1.6895729166666669,1.8425,0.0,0.0,0.0,1000,valid_reason_benefit,NOT_SUBTRACTED_UNKNOWN,False
taiwan,mcar30,rank,10.0,3439.0,1.4329166666666666,1.3191249999999999,1.5608645833333332,0.0,0.0,0.0,1000,valid_reason_benefit,NOT_SUBTRACTED_UNKNOWN,False
taiwan,mcar30,stable_donor,0.0,4886.0,2.035833333333333,1.9870729166666667,2.0846041666666664,-0.059583333333333335,-0.06958333333333333,-0.050416666666666665,1000,valid_reason_benefit,NOT_SUBTRACTED_UNKNOWN,False
taiwan,mcar30,stable_donor,0.5,4868.0,2.0283333333333333,1.9799895833333334,2.0777135416666668,-0.03395833333333333,-0.04479166666666667,-0.023328125000000005,1000,valid_reason_benefit,NOT_SUBTRACTED_UNKNOWN,False
taiwan,mcar30,stable_donor,1.0,4850.0,2.0208333333333335,1.9729166666666667,2.070020833333333,-0.008333333333333333,-0.022083333333333333,0.005010416666666657,1000,valid_reason_benefit,NOT_SUBTRACTED_UNKNOWN,False
taiwan,mcar30,stable_donor,2.0,4814.0,2.0058333333333334,1.9578541666666667,2.0558541666666663,0.042916666666666665,0.022083333333333333,0.06375,1000,valid_reason_benefit,NOT_SUBTRACTED_UNKNOWN,True
taiwan,mcar30,stable_donor,5.0,4706.0,1.9608333333333334,1.9074895833333334,2.0175104166666666,0.19666666666666666,0.14915625,0.24542708333333332,1000,valid_reason_benefit,NOT_SUBTRACTED_UNKNOWN,True
taiwan,mcar30,stable_donor,10.0,4526.0,1.8858333333333333,1.8175,1.9541770833333332,0.4529166666666667,0.36165625,0.5500520833333333,1000,valid_reason_benefit,NOT_SUBTRACTED_UNKNOWN,False
taiwan,mcar30,stable_conditional,0.0,4814.0,2.0058333333333334,1.9591666666666667,2.0541770833333333,-0.08958333333333333,-0.10166666666666667,-0.07832291666666669,1000,valid_reason_benefit,NOT_SUBTRACTED_UNKNOWN,False
taiwan,mcar30,stable_conditional,0.5,4801.0,2.0004166666666667,1.9535364583333334,2.049588541666667,-0.061875,-0.07479687500000001,-0.049369791666666676,1000,valid_reason_benefit,NOT_SUBTRACTED_UNKNOWN,False
taiwan,mcar30,stable_conditional,1.0,4788.0,1.995,1.9474895833333334,2.045,-0.034166666666666665,-0.050416666666666665,-0.019166666666666665,1000,valid_reason_benefit,NOT_SUBTRACTED_UNKNOWN,False
taiwan,mcar30,stable_conditional,2.0,4762.0,1.9841666666666666,1.93540625,2.035833333333333,0.02125,-0.002916666666666667,0.043760416666666656,1000,valid_reason_benefit,NOT_SUBTRACTED_UNKNOWN,False
taiwan,mcar30,stable_conditional,5.0,4684.0,1.9516666666666667,1.8995729166666668,2.00584375,0.1875,0.13541666666666666,0.23709375,1000,valid_reason_benefit,NOT_SUBTRACTED_UNKNOWN,False
taiwan,mcar30,stable_conditional,10.0,4554.0,1.8975,1.8333229166666667,1.9625104166666665,0.46458333333333335,0.36291666666666667,0.5604375,1000,valid_reason_benefit,NOT_SUBTRACTED_UNKNOWN,False
taiwan,mcar30,stable_both,0.0,4775.0,1.9895833333333333,1.9433229166666668,2.0391666666666666,-0.10583333333333333,-0.11916666666666667,-0.09291666666666666,1000,valid_reason_benefit,NOT_SUBTRACTED_UNKNOWN,False
taiwan,mcar30,stable_both,0.5,4767.5,1.9864583333333334,1.94,2.03521875,-0.07583333333333334,-0.09083333333333334,-0.063125,1000,valid_reason_benefit,NOT_SUBTRACTED_UNKNOWN,False
taiwan,mcar30,stable_both,1.0,4760.0,1.9833333333333334,1.9366666666666668,2.0325104166666668,-0.04583333333333333,-0.06335416666666667,-0.03,1000,valid_reason_benefit,NOT_SUBTRACTED_UNKNOWN,False
taiwan,mcar30,stable_both,2.0,4745.0,1.9770833333333333,1.9299895833333334,2.0275,0.014166666666666666,-0.012093749999999999,0.03833333333333333,1000,valid_reason_benefit,NOT_SUBTRACTED_UNKNOWN,False
taiwan,mcar30,stable_both,5.0,4700.0,1.9583333333333333,1.90875,2.0087604166666666,0.19416666666666665,0.13958333333333334,0.2471145833333333,1000,valid_reason_benefit,NOT_SUBTRACTED_UNKNOWN,False
taiwan,mcar30,stable_both,10.0,4625.0,1.9270833333333333,1.8695833333333334,1.98375,0.49416666666666664,0.38871875,0.5954270833333334,1000,valid_reason_benefit,NOT_SUBTRACTED_UNKNOWN,True
taiwan,mar30,release_all,0.0,5232.0,2.18,2.1324687499999997,2.2279270833333333,0.0,0.0,0.0,1000,valid_reason_benefit,NOT_SUBTRACTED_UNKNOWN,True
taiwan,mar30,release_all,0.5,5156.0,2.1483333333333334,2.0993697916666667,2.1958489583333334,0.0,0.0,0.0,1000,valid_reason_benefit,NOT_SUBTRACTED_UNKNOWN,True
taiwan,mar30,release_all,1.0,5080.0,2.1166666666666667,2.0658333333333334,2.164177083333333,0.0,0.0,0.0,1000,valid_reason_benefit,NOT_SUBTRACTED_UNKNOWN,True
taiwan,mar30,release_all,2.0,4928.0,2.0533333333333332,1.9983229166666667,2.1037604166666664,0.0,0.0,0.0,1000,valid_reason_benefit,NOT_SUBTRACTED_UNKNOWN,False
taiwan,mar30,release_all,5.0,4472.0,1.8633333333333333,1.7887395833333335,1.93209375,0.0,0.0,0.0,1000,valid_reason_benefit,NOT_SUBTRACTED_UNKNOWN,False
taiwan,mar30,release_all,10.0,3712.0,1.5466666666666666,1.4262395833333334,1.6538020833333333,0.0,0.0,0.0,1000,valid_reason_benefit,NOT_SUBTRACTED_UNKNOWN,False
taiwan,mar30,top1,0.0,2205.0,0.91875,0.90790625,0.92875,-1.26125,-1.30459375,-1.21665625,1000,valid_reason_benefit,NOT_SUBTRACTED_UNKNOWN,False
taiwan,mar30,top1,0.5,2193.0,0.91375,0.9018697916666667,0.9247916666666667,-1.2345833333333334,-1.27834375,-1.1893645833333335,1000,valid_reason_benefit,NOT_SUBTRACTED_UNKNOWN,False
taiwan,mar30,top1,1.0,2181.0,0.90875,0.8958229166666667,0.92125,-1.2079166666666667,-1.2529270833333332,-1.1608229166666668,1000,valid_reason_benefit,NOT_SUBTRACTED_UNKNOWN,False
taiwan,mar30,top1,2.0,2157.0,0.89875,0.8829166666666667,0.9141666666666667,-1.1545833333333333,-1.2008645833333333,-1.1049895833333334,1000,valid_reason_benefit,NOT_SUBTRACTED_UNKNOWN,False
taiwan,mar30,top1,5.0,2085.0,0.86875,0.8420729166666666,0.89334375,-0.9945833333333334,-1.0550104166666665,-0.92625,1000,valid_reason_benefit,NOT_SUBTRACTED_UNKNOWN,False
taiwan,mar30,top1,10.0,1965.0,0.81875,0.7724895833333333,0.85959375,-0.7279166666666667,-0.8270833333333333,-0.62,1000,valid_reason_benefit,NOT_SUBTRACTED_UNKNOWN,False
taiwan,mar30,mask_warning,0.0,5232.0,2.18,2.1324687499999997,2.2279270833333333,0.0,0.0,0.0,1000,valid_reason_benefit,NOT_SUBTRACTED_UNKNOWN,True
taiwan,mar30,mask_warning,0.5,5156.0,2.1483333333333334,2.0993697916666667,2.1958489583333334,0.0,0.0,0.0,1000,valid_reason_benefit,NOT_SUBTRACTED_UNKNOWN,True
taiwan,mar30,mask_warning,1.0,5080.0,2.1166666666666667,2.0658333333333334,2.164177083333333,0.0,0.0,0.0,1000,valid_reason_benefit,NOT_SUBTRACTED_UNKNOWN,True
taiwan,mar30,mask_warning,2.0,4928.0,2.0533333333333332,1.9983229166666667,2.1037604166666664,0.0,0.0,0.0,1000,valid_reason_benefit,NOT_SUBTRACTED_UNKNOWN,False
taiwan,mar30,mask_warning,5.0,4472.0,1.8633333333333333,1.7887395833333335,1.93209375,0.0,0.0,0.0,1000,valid_reason_benefit,NOT_SUBTRACTED_UNKNOWN,False
taiwan,mar30,mask_warning,10.0,3712.0,1.5466666666666666,1.4262395833333334,1.6538020833333333,0.0,0.0,0.0,1000,valid_reason_benefit,NOT_SUBTRACTED_UNKNOWN,False
taiwan,mar30,whole_mc1,0.0,2205.0,0.91875,0.90790625,0.92875,-1.26125,-1.30459375,-1.21665625,1000,valid_reason_benefit,NOT_SUBTRACTED_UNKNOWN,False
taiwan,mar30,whole_mc1,0.5,2193.0,0.91375,0.9018697916666667,0.9247916666666667,-1.2345833333333334,-1.27834375,-1.1893645833333335,1000,valid_reason_benefit,NOT_SUBTRACTED_UNKNOWN,False
taiwan,mar30,whole_mc1,1.0,2181.0,0.90875,0.8958229166666667,0.92125,-1.2079166666666667,-1.2529270833333332,-1.1608229166666668,1000,valid_reason_benefit,NOT_SUBTRACTED_UNKNOWN,False
taiwan,mar30,whole_mc1,2.0,2157.0,0.89875,0.8829166666666667,0.9141666666666667,-1.1545833333333333,-1.2008645833333333,-1.1049895833333334,1000,valid_reason_benefit,NOT_SUBTRACTED_UNKNOWN,False
taiwan,mar30,whole_mc1,5.0,2085.0,0.86875,0.8420729166666666,0.89334375,-0.9945833333333334,-1.0550104166666665,-0.92625,1000,valid_reason_benefit,NOT_SUBTRACTED_UNKNOWN,False
taiwan,mar30,whole_mc1,10.0,1965.0,0.81875,0.7724895833333333,0.85959375,-0.7279166666666667,-0.8270833333333333,-0.62,1000,valid_reason_benefit,NOT_SUBTRACTED_UNKNOWN,False
taiwan,mar30,whole_mc2,0.0,3365.0,1.4020833333333333,1.3666562500000001,1.4383437499999998,-0.7779166666666667,-0.8087604166666666,-0.7474791666666667,1000,valid_reason_benefit,NOT_SUBTRACTED_UNKNOWN,False
taiwan,mar30,whole_mc2,0.5,3337.5,1.390625,1.354578125,1.426875,-0.7577083333333333,-0.7875208333333333,-0.72625,1000,valid_reason_benefit,NOT_SUBTRACTED_UNKNOWN,False
taiwan,mar30,whole_mc2,1.0,3310.0,1.3791666666666667,1.3433333333333333,1.415,-0.7375,-0.7679270833333334,-0.705,1000,valid_reason_benefit,NOT_SUBTRACTED_UNKNOWN,False
taiwan,mar30,whole_mc2,2.0,3255.0,1.35625,1.3170833333333334,1.3937708333333334,-0.6970833333333334,-0.73125,-0.66125,1000,valid_reason_benefit,NOT_SUBTRACTED_UNKNOWN,False
taiwan,mar30,whole_mc2,5.0,3090.0,1.2875,1.2366666666666666,1.3325208333333334,-0.5758333333333333,-0.62625,-0.5237291666666667,1000,valid_reason_benefit,NOT_SUBTRACTED_UNKNOWN,False
taiwan,mar30,whole_mc2,10.0,2815.0,1.1729166666666666,1.0962083333333332,1.24,-0.37375,-0.4654270833333333,-0.28332291666666665,1000,valid_reason_benefit,NOT_SUBTRACTED_UNKNOWN,False
taiwan,mar30,whole_mc_all,0.0,5232.0,2.18,2.1324687499999997,2.2279270833333333,0.0,0.0,0.0,1000,valid_reason_benefit,NOT_SUBTRACTED_UNKNOWN,True
taiwan,mar30,whole_mc_all,0.5,5156.0,2.1483333333333334,2.0993697916666667,2.1958489583333334,0.0,0.0,0.0,1000,valid_reason_benefit,NOT_SUBTRACTED_UNKNOWN,True
taiwan,mar30,whole_mc_all,1.0,5080.0,2.1166666666666667,2.0658333333333334,2.164177083333333,0.0,0.0,0.0,1000,valid_reason_benefit,NOT_SUBTRACTED_UNKNOWN,True
taiwan,mar30,whole_mc_all,2.0,4928.0,2.0533333333333332,1.9983229166666667,2.1037604166666664,0.0,0.0,0.0,1000,valid_reason_benefit,NOT_SUBTRACTED_UNKNOWN,False
taiwan,mar30,whole_mc_all,5.0,4472.0,1.8633333333333333,1.7887395833333335,1.93209375,0.0,0.0,0.0,1000,valid_reason_benefit,NOT_SUBTRACTED_UNKNOWN,False
taiwan,mar30,whole_mc_all,10.0,3712.0,1.5466666666666666,1.4262395833333334,1.6538020833333333,0.0,0.0,0.0,1000,valid_reason_benefit,NOT_SUBTRACTED_UNKNOWN,False
taiwan,mar30,rank,0.0,5232.0,2.18,2.1324687499999997,2.2279270833333333,0.0,0.0,0.0,1000,valid_reason_benefit,NOT_SUBTRACTED_UNKNOWN,True
taiwan,mar30,rank,0.5,5156.0,2.1483333333333334,2.0993697916666667,2.1958489583333334,0.0,0.0,0.0,1000,valid_reason_benefit,NOT_SUBTRACTED_UNKNOWN,True
taiwan,mar30,rank,1.0,5080.0,2.1166666666666667,2.0658333333333334,2.164177083333333,0.0,0.0,0.0,1000,valid_reason_benefit,NOT_SUBTRACTED_UNKNOWN,True
taiwan,mar30,rank,2.0,4928.0,2.0533333333333332,1.9983229166666667,2.1037604166666664,0.0,0.0,0.0,1000,valid_reason_benefit,NOT_SUBTRACTED_UNKNOWN,False
taiwan,mar30,rank,5.0,4472.0,1.8633333333333333,1.7887395833333335,1.93209375,0.0,0.0,0.0,1000,valid_reason_benefit,NOT_SUBTRACTED_UNKNOWN,False
taiwan,mar30,rank,10.0,3712.0,1.5466666666666666,1.4262395833333334,1.6538020833333333,0.0,0.0,0.0,1000,valid_reason_benefit,NOT_SUBTRACTED_UNKNOWN,False
taiwan,mar30,stable_donor,0.0,5079.0,2.11625,2.0691458333333337,2.16378125,-0.06375,-0.07417708333333334,-0.05416666666666667,1000,valid_reason_benefit,NOT_SUBTRACTED_UNKNOWN,False
taiwan,mar30,stable_donor,0.5,5064.5,2.1102083333333335,2.0633177083333334,2.1573124999999997,-0.038125,-0.04958333333333333,-0.027083333333333334,1000,valid_reason_benefit,NOT_SUBTRACTED_UNKNOWN,False
taiwan,mar30,stable_donor,1.0,5050.0,2.1041666666666665,2.0562395833333333,2.1512604166666667,-0.0125,-0.02584375,0.00125,1000,valid_reason_benefit,NOT_SUBTRACTED_UNKNOWN,False
taiwan,mar30,stable_donor,2.0,5021.0,2.0920833333333335,2.0445729166666666,2.137989583333333,0.03875,0.017916666666666668,0.059593749999999994,1000,valid_reason_benefit,NOT_SUBTRACTED_UNKNOWN,True
taiwan,mar30,stable_donor,5.0,4934.0,2.055833333333333,2.0049479166666666,2.1079375,0.1925,0.1475,0.23916666666666667,1000,valid_reason_benefit,NOT_SUBTRACTED_UNKNOWN,True
taiwan,mar30,stable_donor,10.0,4789.0,1.9954166666666666,1.92625,2.056677083333333,0.44875,0.35703124999999997,0.5395833333333333,1000,valid_reason_benefit,NOT_SUBTRACTED_UNKNOWN,False
taiwan,mar30,stable_conditional,0.0,5014.0,2.089166666666667,2.0425,2.1370833333333334,-0.09083333333333334,-0.1025,-0.07957291666666669,1000,valid_reason_benefit,NOT_SUBTRACTED_UNKNOWN,False
taiwan,mar30,stable_conditional,0.5,5001.5,2.0839583333333334,2.0368697916666667,2.1318802083333335,-0.064375,-0.077296875,-0.05166145833333334,1000,valid_reason_benefit,NOT_SUBTRACTED_UNKNOWN,False
taiwan,mar30,stable_conditional,1.0,4989.0,2.07875,2.03165625,2.12709375,-0.03791666666666667,-0.05333333333333334,-0.023333333333333334,1000,valid_reason_benefit,NOT_SUBTRACTED_UNKNOWN,False
taiwan,mar30,stable_conditional,2.0,4964.0,2.0683333333333334,2.020822916666667,2.1170833333333334,0.015,-0.006260416666666667,0.035833333333333335,1000,valid_reason_benefit,NOT_SUBTRACTED_UNKNOWN,False
taiwan,mar30,stable_conditional,5.0,4889.0,2.0370833333333334,1.9849895833333335,2.089166666666667,0.17375,0.12708333333333333,0.22041666666666668,1000,valid_reason_benefit,NOT_SUBTRACTED_UNKNOWN,False
taiwan,mar30,stable_conditional,10.0,4764.0,1.985,1.92040625,2.0454270833333332,0.43833333333333335,0.34582291666666665,0.5320833333333334,1000,valid_reason_benefit,NOT_SUBTRACTED_UNKNOWN,False
taiwan,mar30,stable_both,0.0,4969.0,2.0704166666666666,2.0229166666666667,2.1183541666666663,-0.10958333333333334,-0.12291666666666666,-0.09666666666666666,1000,valid_reason_benefit,NOT_SUBTRACTED_UNKNOWN,False
taiwan,mar30,stable_both,0.5,4961.5,2.0672916666666667,2.019567708333333,2.115421875,-0.08104166666666666,-0.095421875,-0.06686979166666668,1000,valid_reason_benefit,NOT_SUBTRACTED_UNKNOWN,False
taiwan,mar30,stable_both,1.0,4954.0,2.0641666666666665,2.01665625,2.1125104166666664,-0.0525,-0.06916666666666667,-0.035833333333333335,1000,valid_reason_benefit,NOT_SUBTRACTED_UNKNOWN,False
taiwan,mar30,stable_both,2.0,4939.0,2.057916666666667,2.01125,2.1058333333333334,0.004583333333333333,-0.018333333333333333,0.02834374999999999,1000,valid_reason_benefit,NOT_SUBTRACTED_UNKNOWN,False
taiwan,mar30,stable_both,5.0,4894.0,2.0391666666666666,1.9899895833333334,2.0883541666666665,0.17583333333333334,0.12790625,0.22541666666666665,1000,valid_reason_benefit,NOT_SUBTRACTED_UNKNOWN,False
taiwan,mar30,stable_both,10.0,4819.0,2.0079166666666666,1.9528958333333333,2.06459375,0.46125,0.36625,0.5558541666666666,1000,valid_reason_benefit,NOT_SUBTRACTED_UNKNOWN,True
taiwan,group_missing,release_all,0.0,5283.0,2.20125,2.15040625,2.2516979166666666,0.0,0.0,0.0,1000,valid_reason_benefit,NOT_SUBTRACTED_UNKNOWN,True
taiwan,group_missing,release_all,0.5,5201.5,2.167291666666667,2.1168541666666667,2.2191875,0.0,0.0,0.0,1000,valid_reason_benefit,NOT_SUBTRACTED_UNKNOWN,True
taiwan,group_missing,release_all,1.0,5120.0,2.1333333333333333,2.0804062500000002,2.1866874999999997,0.0,0.0,0.0,1000,valid_reason_benefit,NOT_SUBTRACTED_UNKNOWN,True
taiwan,group_missing,release_all,2.0,4957.0,2.0654166666666667,2.0075,2.1237604166666664,0.0,0.0,0.0,1000,valid_reason_benefit,NOT_SUBTRACTED_UNKNOWN,False
taiwan,group_missing,release_all,5.0,4468.0,1.8616666666666666,1.7891354166666666,1.9392083333333334,0.0,0.0,0.0,1000,valid_reason_benefit,NOT_SUBTRACTED_UNKNOWN,False
taiwan,group_missing,release_all,10.0,3653.0,1.5220833333333332,1.3995520833333335,1.64753125,0.0,0.0,0.0,1000,valid_reason_benefit,NOT_SUBTRACTED_UNKNOWN,False
taiwan,group_missing,top1,0.0,2167.0,0.9029166666666667,0.89,0.9150104166666667,-1.2983333333333333,-1.3433541666666666,-1.2545833333333334,1000,valid_reason_benefit,NOT_SUBTRACTED_UNKNOWN,False
taiwan,group_missing,top1,0.5,2150.5,0.8960416666666666,0.8820833333333333,0.9087604166666666,-1.27125,-1.317109375,-1.2254166666666666,1000,valid_reason_benefit,NOT_SUBTRACTED_UNKNOWN,False
taiwan,group_missing,top1,1.0,2134.0,0.8891666666666667,0.87415625,0.9033333333333333,-1.2441666666666666,-1.2916666666666667,-1.1983333333333333,1000,valid_reason_benefit,NOT_SUBTRACTED_UNKNOWN,False
taiwan,group_missing,top1,2.0,2101.0,0.8754166666666666,0.8566666666666667,0.8920833333333333,-1.19,-1.2404270833333333,-1.1429166666666666,1000,valid_reason_benefit,NOT_SUBTRACTED_UNKNOWN,False
taiwan,group_missing,top1,5.0,2002.0,0.8341666666666666,0.8029166666666666,0.8616666666666667,-1.0275,-1.0975312499999998,-0.96290625,1000,valid_reason_benefit,NOT_SUBTRACTED_UNKNOWN,False
taiwan,group_missing,top1,10.0,1837.0,0.7654166666666666,0.7120729166666666,0.81459375,-0.7566666666666667,-0.8679583333333334,-0.6508333333333334,1000,valid_reason_benefit,NOT_SUBTRACTED_UNKNOWN,False
taiwan,group_missing,mask_warning,0.0,5283.0,2.20125,2.15040625,2.2516979166666666,0.0,0.0,0.0,1000,valid_reason_benefit,NOT_SUBTRACTED_UNKNOWN,True
taiwan,group_missing,mask_warning,0.5,5201.5,2.167291666666667,2.1168541666666667,2.2191875,0.0,0.0,0.0,1000,valid_reason_benefit,NOT_SUBTRACTED_UNKNOWN,True
taiwan,group_missing,mask_warning,1.0,5120.0,2.1333333333333333,2.0804062500000002,2.1866874999999997,0.0,0.0,0.0,1000,valid_reason_benefit,NOT_SUBTRACTED_UNKNOWN,True
taiwan,group_missing,mask_warning,2.0,4957.0,2.0654166666666667,2.0075,2.1237604166666664,0.0,0.0,0.0,1000,valid_reason_benefit,NOT_SUBTRACTED_UNKNOWN,False
taiwan,group_missing,mask_warning,5.0,4468.0,1.8616666666666666,1.7891354166666666,1.9392083333333334,0.0,0.0,0.0,1000,valid_reason_benefit,NOT_SUBTRACTED_UNKNOWN,False
taiwan,group_missing,mask_warning,10.0,3653.0,1.5220833333333332,1.3995520833333335,1.64753125,0.0,0.0,0.0,1000,valid_reason_benefit,NOT_SUBTRACTED_UNKNOWN,False
taiwan,group_missing,whole_mc1,0.0,2167.0,0.9029166666666667,0.89,0.9150104166666667,-1.2983333333333333,-1.3433541666666666,-1.2545833333333334,1000,valid_reason_benefit,NOT_SUBTRACTED_UNKNOWN,False
taiwan,group_missing,whole_mc1,0.5,2150.5,0.8960416666666666,0.8820833333333333,0.9087604166666666,-1.27125,-1.317109375,-1.2254166666666666,1000,valid_reason_benefit,NOT_SUBTRACTED_UNKNOWN,False
taiwan,group_missing,whole_mc1,1.0,2134.0,0.8891666666666667,0.87415625,0.9033333333333333,-1.2441666666666666,-1.2916666666666667,-1.1983333333333333,1000,valid_reason_benefit,NOT_SUBTRACTED_UNKNOWN,False
taiwan,group_missing,whole_mc1,2.0,2101.0,0.8754166666666666,0.8566666666666667,0.8920833333333333,-1.19,-1.2404270833333333,-1.1429166666666666,1000,valid_reason_benefit,NOT_SUBTRACTED_UNKNOWN,False
taiwan,group_missing,whole_mc1,5.0,2002.0,0.8341666666666666,0.8029166666666666,0.8616666666666667,-1.0275,-1.0975312499999998,-0.96290625,1000,valid_reason_benefit,NOT_SUBTRACTED_UNKNOWN,False
taiwan,group_missing,whole_mc1,10.0,1837.0,0.7654166666666666,0.7120729166666666,0.81459375,-0.7566666666666667,-0.8679583333333334,-0.6508333333333334,1000,valid_reason_benefit,NOT_SUBTRACTED_UNKNOWN,False
taiwan,group_missing,whole_mc2,0.0,3379.0,1.4079166666666667,1.3674791666666666,1.4421041666666667,-0.7933333333333333,-0.8237604166666667,-0.7616666666666667,1000,valid_reason_benefit,NOT_SUBTRACTED_UNKNOWN,False
taiwan,group_missing,whole_mc2,0.5,3343.5,1.393125,1.3522864583333334,1.427921875,-0.7741666666666667,-0.805640625,-0.74165625,1000,valid_reason_benefit,NOT_SUBTRACTED_UNKNOWN,False
taiwan,group_missing,whole_mc2,1.0,3308.0,1.3783333333333334,1.3366666666666667,1.4150416666666668,-0.755,-0.7883333333333333,-0.7220833333333333,1000,valid_reason_benefit,NOT_SUBTRACTED_UNKNOWN,False
taiwan,group_missing,whole_mc2,2.0,3237.0,1.34875,1.3045833333333334,1.3887604166666665,-0.7166666666666667,-0.7525,-0.6816666666666666,1000,valid_reason_benefit,NOT_SUBTRACTED_UNKNOWN,False
taiwan,group_missing,whole_mc2,5.0,3024.0,1.26,1.2008333333333334,1.3125,-0.6016666666666667,-0.6521041666666667,-0.5512291666666667,1000,valid_reason_benefit,NOT_SUBTRACTED_UNKNOWN,False
taiwan,group_missing,whole_mc2,10.0,2669.0,1.1120833333333333,1.0241041666666666,1.1925104166666665,-0.41,-0.49541666666666667,-0.3262395833333333,1000,valid_reason_benefit,NOT_SUBTRACTED_UNKNOWN,False
taiwan,group_missing,whole_mc_all,0.0,5283.0,2.20125,2.15040625,2.2516979166666666,0.0,0.0,0.0,1000,valid_reason_benefit,NOT_SUBTRACTED_UNKNOWN,True
taiwan,group_missing,whole_mc_all,0.5,5201.5,2.167291666666667,2.1168541666666667,2.2191875,0.0,0.0,0.0,1000,valid_reason_benefit,NOT_SUBTRACTED_UNKNOWN,True
taiwan,group_missing,whole_mc_all,1.0,5120.0,2.1333333333333333,2.0804062500000002,2.1866874999999997,0.0,0.0,0.0,1000,valid_reason_benefit,NOT_SUBTRACTED_UNKNOWN,True
taiwan,group_missing,whole_mc_all,2.0,4957.0,2.0654166666666667,2.0075,2.1237604166666664,0.0,0.0,0.0,1000,valid_reason_benefit,NOT_SUBTRACTED_UNKNOWN,False
taiwan,group_missing,whole_mc_all,5.0,4468.0,1.8616666666666666,1.7891354166666666,1.9392083333333334,0.0,0.0,0.0,1000,valid_reason_benefit,NOT_SUBTRACTED_UNKNOWN,False
taiwan,group_missing,whole_mc_all,10.0,3653.0,1.5220833333333332,1.3995520833333335,1.64753125,0.0,0.0,0.0,1000,valid_reason_benefit,NOT_SUBTRACTED_UNKNOWN,False
taiwan,group_missing,rank,0.0,5283.0,2.20125,2.15040625,2.2516979166666666,0.0,0.0,0.0,1000,valid_reason_benefit,NOT_SUBTRACTED_UNKNOWN,True
taiwan,group_missing,rank,0.5,5201.5,2.167291666666667,2.1168541666666667,2.2191875,0.0,0.0,0.0,1000,valid_reason_benefit,NOT_SUBTRACTED_UNKNOWN,True
taiwan,group_missing,rank,1.0,5120.0,2.1333333333333333,2.0804062500000002,2.1866874999999997,0.0,0.0,0.0,1000,valid_reason_benefit,NOT_SUBTRACTED_UNKNOWN,True
taiwan,group_missing,rank,2.0,4957.0,2.0654166666666667,2.0075,2.1237604166666664,0.0,0.0,0.0,1000,valid_reason_benefit,NOT_SUBTRACTED_UNKNOWN,False
taiwan,group_missing,rank,5.0,4468.0,1.8616666666666666,1.7891354166666666,1.9392083333333334,0.0,0.0,0.0,1000,valid_reason_benefit,NOT_SUBTRACTED_UNKNOWN,False
taiwan,group_missing,rank,10.0,3653.0,1.5220833333333332,1.3995520833333335,1.64753125,0.0,0.0,0.0,1000,valid_reason_benefit,NOT_SUBTRACTED_UNKNOWN,False
taiwan,group_missing,stable_donor,0.0,5127.0,2.13625,2.0862395833333336,2.18875,-0.065,-0.07501041666666666,-0.05498958333333334,1000,valid_reason_benefit,NOT_SUBTRACTED_UNKNOWN,False
taiwan,group_missing,stable_donor,0.5,5110.5,2.129375,2.0791666666666666,2.1812552083333334,-0.03791666666666667,-0.04958333333333333,-0.02623958333333334,1000,valid_reason_benefit,NOT_SUBTRACTED_UNKNOWN,False
taiwan,group_missing,stable_donor,1.0,5094.0,2.1225,2.072489583333333,2.174166666666667,-0.010833333333333334,-0.025416666666666667,0.004583333333333333,1000,valid_reason_benefit,NOT_SUBTRACTED_UNKNOWN,False
taiwan,group_missing,stable_donor,2.0,5061.0,2.10875,2.057072916666667,2.1600104166666667,0.043333333333333335,0.020822916666666667,0.06792708333333332,1000,valid_reason_benefit,NOT_SUBTRACTED_UNKNOWN,True
taiwan,group_missing,stable_donor,5.0,4962.0,2.0675,2.0095625000000004,2.12334375,0.20583333333333334,0.15623958333333332,0.26294791666666667,1000,valid_reason_benefit,NOT_SUBTRACTED_UNKNOWN,True
taiwan,group_missing,stable_donor,10.0,4797.0,1.99875,1.9241354166666667,2.0675,0.4766666666666667,0.38246875,0.5879166666666666,1000,valid_reason_benefit,NOT_SUBTRACTED_UNKNOWN,True
taiwan,group_missing,stable_conditional,0.0,5086.0,2.1191666666666666,2.0687395833333335,2.169625,-0.08208333333333333,-0.09375,-0.07123958333333334,1000,valid_reason_benefit,NOT_SUBTRACTED_UNKNOWN,False
taiwan,group_missing,stable_conditional,0.5,5060.0,2.1083333333333334,2.0574947916666666,2.160213541666667,-0.058958333333333335,-0.07146354166666667,-0.04729166666666667,1000,valid_reason_benefit,NOT_SUBTRACTED_UNKNOWN,False
taiwan,group_missing,stable_conditional,1.0,5034.0,2.0975,2.0458333333333334,2.1495937499999997,-0.035833333333333335,-0.050416666666666665,-0.02165625000000001,1000,valid_reason_benefit,NOT_SUBTRACTED_UNKNOWN,False
taiwan,group_missing,stable_conditional,2.0,4982.0,2.075833333333333,2.02375,2.129197916666667,0.010416666666666666,-0.010854166666666666,0.03208333333333333,1000,valid_reason_benefit,NOT_SUBTRACTED_UNKNOWN,False
taiwan,group_missing,stable_conditional,5.0,4826.0,2.0108333333333333,1.9508125,2.0716666666666668,0.14916666666666667,0.10123958333333334,0.19751041666666666,1000,valid_reason_benefit,NOT_SUBTRACTED_UNKNOWN,False
taiwan,group_missing,stable_conditional,10.0,4566.0,1.9025,1.8170416666666667,1.98209375,0.3804166666666667,0.2923958333333333,0.4725208333333333,1000,valid_reason_benefit,NOT_SUBTRACTED_UNKNOWN,False
taiwan,group_missing,stable_both,0.0,5008.0,2.0866666666666664,2.03625,2.13875,-0.11458333333333333,-0.12791666666666668,-0.10166666666666667,1000,valid_reason_benefit,NOT_SUBTRACTED_UNKNOWN,False
taiwan,group_missing,stable_both,0.5,4996.0,2.0816666666666666,2.031427083333333,2.133552083333333,-0.085625,-0.1,-0.07125,1000,valid_reason_benefit,NOT_SUBTRACTED_UNKNOWN,False
taiwan,group_missing,stable_both,1.0,4984.0,2.0766666666666667,2.0258020833333332,2.127520833333333,-0.056666666666666664,-0.07417708333333334,-0.04,1000,valid_reason_benefit,NOT_SUBTRACTED_UNKNOWN,False
taiwan,group_missing,stable_both,2.0,4960.0,2.066666666666667,2.0149895833333336,2.1183437499999997,0.00125,-0.023760416666666666,0.027083333333333334,1000,valid_reason_benefit,NOT_SUBTRACTED_UNKNOWN,False
taiwan,group_missing,stable_both,5.0,4888.0,2.0366666666666666,1.9808333333333332,2.0916770833333334,0.175,0.12165625000000001,0.23041666666666666,1000,valid_reason_benefit,NOT_SUBTRACTED_UNKNOWN,False
taiwan,group_missing,stable_both,10.0,4768.0,1.9866666666666666,1.9170729166666667,2.053770833333333,0.46458333333333335,0.36371875000000004,0.5733645833333333,1000,valid_reason_benefit,NOT_SUBTRACTED_UNKNOWN,False
