dataset,condition,method,field,recomputed,reported,match
taiwan,overall,release_all,released_reasons,21994,21994,True
taiwan,overall,release_all,failed_reasons,564,564,True
taiwan,overall,release_all,candidate_reasons,21994,21994,True
taiwan,overall,whole_mc1,released_reasons,8891,8891,True
taiwan,overall,whole_mc1,failed_reasons,102,102,True
taiwan,overall,whole_mc1,candidate_reasons,21994,21994,True
taiwan,overall,whole_mc2,released_reasons,13822,13822,True
taiwan,overall,whole_mc2,failed_reasons,222,222,True
taiwan,overall,whole_mc2,candidate_reasons,21994,21994,True
taiwan,overall,whole_mc_all,released_reasons,21994,21994,True
taiwan,overall,whole_mc_all,failed_reasons,564,564,True
taiwan,overall,whole_mc_all,candidate_reasons,21994,21994,True
taiwan,overall,rank,released_reasons,21994,21994,True
taiwan,overall,rank,failed_reasons,564,564,True
taiwan,overall,rank,candidate_reasons,21994,21994,True
taiwan,overall,stable_donor,released_reasons,21031,21031,True
taiwan,overall,stable_donor,failed_reasons,111,111,True
taiwan,overall,stable_donor,candidate_reasons,21994,21994,True
taiwan,overall,stable_conditional,released_reasons,20829,20829,True
taiwan,overall,stable_conditional,failed_reasons,112,112,True
taiwan,overall,stable_conditional,candidate_reasons,21994,21994,True
taiwan,overall,stable_both,released_reasons,20596,20596,True
taiwan,overall,stable_both,failed_reasons,59,59,True
taiwan,overall,stable_both,candidate_reasons,21994,21994,True
taiwan,mcar10,release_all,released_reasons,5976,5976,True
taiwan,mcar10,release_all,failed_reasons,90,90,True
taiwan,mcar10,release_all,candidate_reasons,5976,5976,True
taiwan,mcar10,whole_mc1,released_reasons,2252,2252,True
taiwan,mcar10,whole_mc1,failed_reasons,13,13,True
taiwan,mcar10,whole_mc1,candidate_reasons,5976,5976,True
taiwan,mcar10,whole_mc2,released_reasons,3676,3676,True
taiwan,mcar10,whole_mc2,failed_reasons,25,25,True
taiwan,mcar10,whole_mc2,candidate_reasons,5976,5976,True
taiwan,mcar10,whole_mc_all,released_reasons,5976,5976,True
taiwan,mcar10,whole_mc_all,failed_reasons,90,90,True
taiwan,mcar10,whole_mc_all,candidate_reasons,5976,5976,True
taiwan,mcar10,rank,released_reasons,5976,5976,True
taiwan,mcar10,rank,failed_reasons,90,90,True
taiwan,mcar10,rank,candidate_reasons,5976,5976,True
taiwan,mcar10,stable_donor,released_reasons,5841,5841,True
taiwan,mcar10,stable_donor,failed_reasons,13,13,True
taiwan,mcar10,stable_donor,candidate_reasons,5976,5976,True
taiwan,mcar10,stable_conditional,released_reasons,5812,5812,True
taiwan,mcar10,stable_conditional,failed_reasons,9,9,True
taiwan,mcar10,stable_conditional,candidate_reasons,5976,5976,True
taiwan,mcar10,stable_both,released_reasons,5790,5790,True
taiwan,mcar10,stable_both,failed_reasons,5,5,True
taiwan,mcar10,stable_both,candidate_reasons,5976,5976,True
taiwan,mcar30,release_all,released_reasons,5188,5188,True
taiwan,mcar30,release_all,failed_reasons,159,159,True
taiwan,mcar30,release_all,candidate_reasons,5188,5188,True
taiwan,mcar30,whole_mc1,released_reasons,2210,2210,True
taiwan,mcar30,whole_mc1,failed_reasons,32,32,True
taiwan,mcar30,whole_mc1,candidate_reasons,5188,5188,True
taiwan,mcar30,whole_mc2,released_reasons,3276,3276,True
taiwan,mcar30,whole_mc2,failed_reasons,71,71,True
taiwan,mcar30,whole_mc2,candidate_reasons,5188,5188,True
taiwan,mcar30,whole_mc_all,released_reasons,5188,5188,True
taiwan,mcar30,whole_mc_all,failed_reasons,159,159,True
taiwan,mcar30,whole_mc_all,candidate_reasons,5188,5188,True
taiwan,mcar30,rank,released_reasons,5188,5188,True
taiwan,mcar30,rank,failed_reasons,159,159,True
taiwan,mcar30,rank,candidate_reasons,5188,5188,True
taiwan,mcar30,stable_donor,released_reasons,4922,4922,True
taiwan,mcar30,stable_donor,failed_reasons,36,36,True
taiwan,mcar30,stable_donor,candidate_reasons,5188,5188,True
taiwan,mcar30,stable_conditional,released_reasons,4840,4840,True
taiwan,mcar30,stable_conditional,failed_reasons,26,26,True
taiwan,mcar30,stable_conditional,candidate_reasons,5188,5188,True
taiwan,mcar30,stable_both,released_reasons,4790,4790,True
taiwan,mcar30,stable_both,failed_reasons,15,15,True
taiwan,mcar30,stable_both,candidate_reasons,5188,5188,True
taiwan,mar30,release_all,released_reasons,5384,5384,True
taiwan,mar30,release_all,failed_reasons,152,152,True
taiwan,mar30,release_all,candidate_reasons,5384,5384,True
taiwan,mar30,whole_mc1,released_reasons,2229,2229,True
taiwan,mar30,whole_mc1,failed_reasons,24,24,True
taiwan,mar30,whole_mc1,candidate_reasons,5384,5384,True
taiwan,mar30,whole_mc2,released_reasons,3420,3420,True
taiwan,mar30,whole_mc2,failed_reasons,55,55,True
taiwan,mar30,whole_mc2,candidate_reasons,5384,5384,True
taiwan,mar30,whole_mc_all,released_reasons,5384,5384,True
taiwan,mar30,whole_mc_all,failed_reasons,152,152,True
taiwan,mar30,whole_mc_all,candidate_reasons,5384,5384,True
taiwan,mar30,rank,released_reasons,5384,5384,True
taiwan,mar30,rank,failed_reasons,152,152,True
taiwan,mar30,rank,candidate_reasons,5384,5384,True
taiwan,mar30,stable_donor,released_reasons,5108,5108,True
taiwan,mar30,stable_donor,failed_reasons,29,29,True
taiwan,mar30,stable_donor,candidate_reasons,5384,5384,True
taiwan,mar30,stable_conditional,released_reasons,5039,5039,True
taiwan,mar30,stable_conditional,failed_reasons,25,25,True
taiwan,mar30,stable_conditional,candidate_reasons,5384,5384,True
taiwan,mar30,stable_both,released_reasons,4984,4984,True
taiwan,mar30,stable_both,failed_reasons,15,15,True
taiwan,mar30,stable_both,candidate_reasons,5384,5384,True
taiwan,group_missing,release_all,released_reasons,5446,5446,True
taiwan,group_missing,release_all,failed_reasons,163,163,True
taiwan,group_missing,release_all,candidate_reasons,5446,5446,True
taiwan,group_missing,whole_mc1,released_reasons,2200,2200,True
taiwan,group_missing,whole_mc1,failed_reasons,33,33,True
taiwan,group_missing,whole_mc1,candidate_reasons,5446,5446,True
taiwan,group_missing,whole_mc2,released_reasons,3450,3450,True
taiwan,group_missing,whole_mc2,failed_reasons,71,71,True
taiwan,group_missing,whole_mc2,candidate_reasons,5446,5446,True
taiwan,group_missing,whole_mc_all,released_reasons,5446,5446,True
taiwan,group_missing,whole_mc_all,failed_reasons,163,163,True
taiwan,group_missing,whole_mc_all,candidate_reasons,5446,5446,True
taiwan,group_missing,rank,released_reasons,5446,5446,True
taiwan,group_missing,rank,failed_reasons,163,163,True
taiwan,group_missing,rank,candidate_reasons,5446,5446,True
taiwan,group_missing,stable_donor,released_reasons,5160,5160,True
taiwan,group_missing,stable_donor,failed_reasons,33,33,True
taiwan,group_missing,stable_donor,candidate_reasons,5446,5446,True
taiwan,group_missing,stable_conditional,released_reasons,5138,5138,True
taiwan,group_missing,stable_conditional,failed_reasons,52,52,True
taiwan,group_missing,stable_conditional,candidate_reasons,5446,5446,True
taiwan,group_missing,stable_both,released_reasons,5032,5032,True
taiwan,group_missing,stable_both,failed_reasons,24,24,True
taiwan,group_missing,stable_both,candidate_reasons,5446,5446,True
