stage,setting,subset,budget,method,certified,denominator,underbounds
box,0,all,1/100,vector,73,231,
box,0,all,1/100,c5,24,231,
box,0,all,1/100,markov,24,231,
box,0,all,1/100,generic,24,231,
box,0,all,1/20,vector,74,231,
box,0,all,1/20,c5,33,231,
box,0,all,1/20,markov,35,231,
box,0,all,1/20,generic,33,231,
box,0,all,1/10,vector,96,231,
box,0,all,1/10,c5,59,231,
box,0,all,1/10,markov,67,231,
box,0,all,1/10,generic,55,231,
box,0,original_interior,1/100,vector,0,111,
box,0,original_interior,1/100,c5,0,111,
box,0,original_interior,1/100,markov,0,111,
box,0,original_interior,1/100,generic,0,111,
box,0,original_interior,1/20,vector,0,111,
box,0,original_interior,1/20,c5,0,111,
box,0,original_interior,1/20,markov,0,111,
box,0,original_interior,1/20,generic,0,111,
box,0,original_interior,1/10,vector,21,111,
box,0,original_interior,1/10,c5,21,111,
box,0,original_interior,1/10,markov,21,111,
box,0,original_interior,1/10,generic,21,111,
box,1/1000,all,1/100,vector,73,231,
box,1/1000,all,1/100,c5,24,231,
box,1/1000,all,1/100,markov,24,231,
box,1/1000,all,1/100,generic,24,231,
box,1/1000,all,1/20,vector,74,231,
box,1/1000,all,1/20,c5,33,231,
box,1/1000,all,1/20,markov,34,231,
box,1/1000,all,1/20,generic,25,231,
box,1/1000,all,1/10,vector,96,231,
box,1/1000,all,1/10,c5,59,231,
box,1/1000,all,1/10,markov,59,231,
box,1/1000,all,1/10,generic,34,231,
box,1/1000,original_interior,1/100,vector,0,111,
box,1/1000,original_interior,1/100,c5,0,111,
box,1/1000,original_interior,1/100,markov,0,111,
box,1/1000,original_interior,1/100,generic,0,111,
box,1/1000,original_interior,1/20,vector,0,111,
box,1/1000,original_interior,1/20,c5,0,111,
box,1/1000,original_interior,1/20,markov,0,111,
box,1/1000,original_interior,1/20,generic,0,111,
box,1/1000,original_interior,1/10,vector,21,111,
box,1/1000,original_interior,1/10,c5,21,111,
box,1/1000,original_interior,1/10,markov,21,111,
box,1/1000,original_interior,1/10,generic,0,111,
box,1/200,all,1/100,vector,68,231,
box,1/200,all,1/100,c5,24,231,
box,1/200,all,1/100,markov,24,231,
box,1/200,all,1/100,generic,24,231,
box,1/200,all,1/20,vector,74,231,
box,1/200,all,1/20,c5,33,231,
box,1/200,all,1/20,markov,34,231,
box,1/200,all,1/20,generic,25,231,
box,1/200,all,1/10,vector,95,231,
box,1/200,all,1/10,c5,59,231,
box,1/200,all,1/10,markov,59,231,
box,1/200,all,1/10,generic,33,231,
box,1/200,original_interior,1/100,vector,0,111,
box,1/200,original_interior,1/100,c5,0,111,
box,1/200,original_interior,1/100,markov,0,111,
box,1/200,original_interior,1/100,generic,0,111,
box,1/200,original_interior,1/20,vector,0,111,
box,1/200,original_interior,1/20,c5,0,111,
box,1/200,original_interior,1/20,markov,0,111,
box,1/200,original_interior,1/20,generic,0,111,
box,1/200,original_interior,1/10,vector,21,111,
box,1/200,original_interior,1/10,c5,21,111,
box,1/200,original_interior,1/10,markov,21,111,
box,1/200,original_interior,1/10,generic,0,111,
box,1/100,all,1/100,vector,52,231,
box,1/100,all,1/100,c5,24,231,
box,1/100,all,1/100,markov,24,231,
box,1/100,all,1/100,generic,24,231,
box,1/100,all,1/20,vector,71,231,
box,1/100,all,1/20,c5,33,231,
box,1/100,all,1/20,markov,34,231,
box,1/100,all,1/20,generic,25,231,
box,1/100,all,1/10,vector,94,231,
box,1/100,all,1/10,c5,59,231,
box,1/100,all,1/10,markov,59,231,
box,1/100,all,1/10,generic,33,231,
box,1/100,original_interior,1/100,vector,0,111,
box,1/100,original_interior,1/100,c5,0,111,
box,1/100,original_interior,1/100,markov,0,111,
box,1/100,original_interior,1/100,generic,0,111,
box,1/100,original_interior,1/20,vector,0,111,
box,1/100,original_interior,1/20,c5,0,111,
box,1/100,original_interior,1/20,markov,0,111,
box,1/100,original_interior,1/20,generic,0,111,
box,1/100,original_interior,1/10,vector,21,111,
box,1/100,original_interior,1/10,c5,21,111,
box,1/100,original_interior,1/10,markov,21,111,
box,1/100,original_interior,1/10,generic,0,111,
box,1/50,all,1/100,vector,0,231,
box,1/50,all,1/100,c5,0,231,
box,1/50,all,1/100,markov,0,231,
box,1/50,all,1/100,generic,0,231,
box,1/50,all,1/20,vector,68,231,
box,1/50,all,1/20,c5,33,231,
box,1/50,all,1/20,markov,33,231,
box,1/50,all,1/20,generic,24,231,
box,1/50,all,1/10,vector,92,231,
box,1/50,all,1/10,c5,59,231,
box,1/50,all,1/10,markov,58,231,
box,1/50,all,1/10,generic,33,231,
box,1/50,original_interior,1/100,vector,0,111,
box,1/50,original_interior,1/100,c5,0,111,
box,1/50,original_interior,1/100,markov,0,111,
box,1/50,original_interior,1/100,generic,0,111,
box,1/50,original_interior,1/20,vector,0,111,
box,1/50,original_interior,1/20,c5,0,111,
box,1/50,original_interior,1/20,markov,0,111,
box,1/50,original_interior,1/20,generic,0,111,
box,1/50,original_interior,1/10,vector,21,111,
box,1/50,original_interior,1/10,c5,21,111,
box,1/50,original_interior,1/10,markov,21,111,
box,1/50,original_interior,1/10,generic,0,111,
box,1/20,all,1/100,vector,0,231,
box,1/20,all,1/100,c5,0,231,
box,1/20,all,1/100,markov,0,231,
box,1/20,all,1/100,generic,0,231,
box,1/20,all,1/20,vector,52,231,
box,1/20,all,1/20,c5,25,231,
box,1/20,all,1/20,markov,33,231,
box,1/20,all,1/20,generic,24,231,
box,1/20,all,1/10,vector,85,231,
box,1/20,all,1/10,c5,55,231,
box,1/20,all,1/10,markov,58,231,
box,1/20,all,1/10,generic,33,231,
box,1/20,original_interior,1/100,vector,0,111,
box,1/20,original_interior,1/100,c5,0,111,
box,1/20,original_interior,1/100,markov,0,111,
box,1/20,original_interior,1/100,generic,0,111,
box,1/20,original_interior,1/20,vector,0,111,
box,1/20,original_interior,1/20,c5,0,111,
box,1/20,original_interior,1/20,markov,0,111,
box,1/20,original_interior,1/20,generic,0,111,
box,1/20,original_interior,1/10,vector,21,111,
box,1/20,original_interior,1/10,c5,21,111,
box,1/20,original_interior,1/10,markov,21,111,
box,1/20,original_interior,1/10,generic,0,111,
box,1/10,all,1/100,vector,0,231,
box,1/10,all,1/100,c5,0,231,
box,1/10,all,1/100,markov,0,231,
box,1/10,all,1/100,generic,0,231,
box,1/10,all,1/20,vector,0,231,
box,1/10,all,1/20,c5,0,231,
box,1/10,all,1/20,markov,0,231,
box,1/10,all,1/20,generic,0,231,
box,1/10,all,1/10,vector,49,231,
box,1/10,all,1/10,c5,33,231,
box,1/10,all,1/10,markov,34,231,
box,1/10,all,1/10,generic,24,231,
box,1/10,original_interior,1/100,vector,0,111,
box,1/10,original_interior,1/100,c5,0,111,
box,1/10,original_interior,1/100,markov,0,111,
box,1/10,original_interior,1/100,generic,0,111,
box,1/10,original_interior,1/20,vector,0,111,
box,1/10,original_interior,1/20,c5,0,111,
box,1/10,original_interior,1/20,markov,0,111,
box,1/10,original_interior,1/20,generic,0,111,
box,1/10,original_interior,1/10,vector,0,111,
box,1/10,original_interior,1/10,c5,0,111,
box,1/10,original_interior,1/10,markov,0,111,
box,1/10,original_interior,1/10,generic,0,111,
sample,128,all,1/100,vector,0,1056,0.0
sample,128,all,1/100,c5,0,1056,0.0
sample,128,all,1/100,markov,0,1056,0.0
sample,128,all,1/100,generic,0,1056,0.0
sample,128,all,1/100,direct_c5,0,1056,0.0
sample,128,all,1/100,direct_generic,0,1056,0.0
sample,128,all,1/20,vector,0,1056,0.0
sample,128,all,1/20,c5,0,1056,0.0
sample,128,all,1/20,markov,0,1056,0.0
sample,128,all,1/20,generic,0,1056,0.0
sample,128,all,1/20,direct_c5,0,1056,0.0
sample,128,all,1/20,direct_generic,0,1056,0.0
sample,128,all,1/10,vector,0,1056,0.0
sample,128,all,1/10,c5,0,1056,0.0
sample,128,all,1/10,markov,0,1056,0.0
sample,128,all,1/10,generic,0,1056,0.0
sample,128,all,1/10,direct_c5,0,1056,0.0
sample,128,all,1/10,direct_generic,0,1056,0.0
sample,128,original_interior,1/100,vector,0,448,0.0
sample,128,original_interior,1/100,c5,0,448,0.0
sample,128,original_interior,1/100,markov,0,448,0.0
sample,128,original_interior,1/100,generic,0,448,0.0
sample,128,original_interior,1/100,direct_c5,0,448,0.0
sample,128,original_interior,1/100,direct_generic,0,448,0.0
sample,128,original_interior,1/20,vector,0,448,0.0
sample,128,original_interior,1/20,c5,0,448,0.0
sample,128,original_interior,1/20,markov,0,448,0.0
sample,128,original_interior,1/20,generic,0,448,0.0
sample,128,original_interior,1/20,direct_c5,0,448,0.0
sample,128,original_interior,1/20,direct_generic,0,448,0.0
sample,128,original_interior,1/10,vector,0,448,0.0
sample,128,original_interior,1/10,c5,0,448,0.0
sample,128,original_interior,1/10,markov,0,448,0.0
sample,128,original_interior,1/10,generic,0,448,0.0
sample,128,original_interior,1/10,direct_c5,0,448,0.0
sample,128,original_interior,1/10,direct_generic,0,448,0.0
sample,2048,all,1/100,vector,0,1056,0.0
sample,2048,all,1/100,c5,0,1056,0.0
sample,2048,all,1/100,markov,0,1056,0.0
sample,2048,all,1/100,generic,0,1056,0.0
sample,2048,all,1/100,direct_c5,0,1056,0.0
sample,2048,all,1/100,direct_generic,0,1056,0.0
sample,2048,all,1/20,vector,192,1056,0.0
sample,2048,all,1/20,c5,96,1056,0.0
sample,2048,all,1/20,markov,96,1056,0.0
sample,2048,all,1/20,generic,0,1056,0.0
sample,2048,all,1/20,direct_c5,96,1056,0.0
sample,2048,all,1/20,direct_generic,0,1056,0.0
sample,2048,all,1/10,vector,370,1056,0.0
sample,2048,all,1/10,c5,141,1056,0.0
sample,2048,all,1/10,markov,178,1056,0.0
sample,2048,all,1/10,generic,96,1056,0.0
sample,2048,all,1/10,direct_c5,181,1056,0.0
sample,2048,all,1/10,direct_generic,96,1056,0.0
sample,2048,original_interior,1/100,vector,0,448,0.0
sample,2048,original_interior,1/100,c5,0,448,0.0
sample,2048,original_interior,1/100,markov,0,448,0.0
sample,2048,original_interior,1/100,generic,0,448,0.0
sample,2048,original_interior,1/100,direct_c5,0,448,0.0
sample,2048,original_interior,1/100,direct_generic,0,448,0.0
sample,2048,original_interior,1/20,vector,0,448,0.0
sample,2048,original_interior,1/20,c5,0,448,0.0
sample,2048,original_interior,1/20,markov,0,448,0.0
sample,2048,original_interior,1/20,generic,0,448,0.0
sample,2048,original_interior,1/20,direct_c5,0,448,0.0
sample,2048,original_interior,1/20,direct_generic,0,448,0.0
sample,2048,original_interior,1/10,vector,82,448,0.0
sample,2048,original_interior,1/10,c5,45,448,0.0
sample,2048,original_interior,1/10,markov,82,448,0.0
sample,2048,original_interior,1/10,generic,0,448,0.0
sample,2048,original_interior,1/10,direct_c5,85,448,0.0
sample,2048,original_interior,1/10,direct_generic,0,448,0.0
sample,32768,all,1/100,vector,192,1056,0.0
sample,32768,all,1/100,c5,96,1056,0.0
sample,32768,all,1/100,markov,96,1056,0.0
sample,32768,all,1/100,generic,0,1056,0.0
sample,32768,all,1/100,direct_c5,96,1056,0.0
sample,32768,all,1/100,direct_generic,0,1056,0.0
sample,32768,all,1/20,vector,384,1056,0.0
sample,32768,all,1/20,c5,96,1056,0.0
sample,32768,all,1/20,markov,96,1056,0.0
sample,32768,all,1/20,generic,96,1056,0.0
sample,32768,all,1/20,direct_c5,96,1056,0.0
sample,32768,all,1/20,direct_generic,96,1056,0.0
sample,32768,all,1/10,vector,480,1056,0.0
sample,32768,all,1/10,c5,192,1056,0.0
sample,32768,all,1/10,markov,192,1056,0.0
sample,32768,all,1/10,generic,96,1056,0.0
sample,32768,all,1/10,direct_c5,192,1056,0.0
sample,32768,all,1/10,direct_generic,96,1056,0.0
sample,32768,original_interior,1/100,vector,0,448,0.0
sample,32768,original_interior,1/100,c5,0,448,0.0
sample,32768,original_interior,1/100,markov,0,448,0.0
sample,32768,original_interior,1/100,generic,0,448,0.0
sample,32768,original_interior,1/100,direct_c5,0,448,0.0
sample,32768,original_interior,1/100,direct_generic,0,448,0.0
sample,32768,original_interior,1/20,vector,0,448,0.0
sample,32768,original_interior,1/20,c5,0,448,0.0
sample,32768,original_interior,1/20,markov,0,448,0.0
sample,32768,original_interior,1/20,generic,0,448,0.0
sample,32768,original_interior,1/20,direct_c5,0,448,0.0
sample,32768,original_interior,1/20,direct_generic,0,448,0.0
sample,32768,original_interior,1/10,vector,96,448,0.0
sample,32768,original_interior,1/10,c5,96,448,0.0
sample,32768,original_interior,1/10,markov,96,448,0.0
sample,32768,original_interior,1/10,generic,0,448,0.0
sample,32768,original_interior,1/10,direct_c5,96,448,0.0
sample,32768,original_interior,1/10,direct_generic,0,448,0.0
