n,m,profile,method,certified_5pct,denominator,true_risk
128,3,constant_0,vector,0,32,1.0
128,3,constant_0,c5,0,32,1.0
128,3,constant_0,markov,0,32,1.0
128,3,constant_0,generic,0,32,1.0
128,3,constant_0,direct_c5,0,32,1.0
128,3,constant_0,direct_generic,0,32,1.0
128,3,constant_1/10,vector,0,32,0.8181818181818182
128,3,constant_1/10,c5,0,32,0.8181818181818182
128,3,constant_1/10,markov,0,32,0.8181818181818182
128,3,constant_1/10,generic,0,32,0.8181818181818182
128,3,constant_1/10,direct_c5,0,32,0.8181818181818182
128,3,constant_1/10,direct_generic,0,32,0.8181818181818182
128,3,constant_1/2,vector,0,32,0.3333333333333333
128,3,constant_1/2,c5,0,32,0.3333333333333333
128,3,constant_1/2,markov,0,32,0.3333333333333333
128,3,constant_1/2,generic,0,32,0.3333333333333333
128,3,constant_1/2,direct_c5,0,32,0.3333333333333333
128,3,constant_1/2,direct_generic,0,32,0.3333333333333333
128,3,constant_9/10,vector,0,32,0.0526315789473684
128,3,constant_9/10,c5,0,32,0.0526315789473684
128,3,constant_9/10,markov,0,32,0.0526315789473684
128,3,constant_9/10,generic,0,32,0.0526315789473684
128,3,constant_9/10,direct_c5,0,32,0.0526315789473684
128,3,constant_9/10,direct_generic,0,32,0.0526315789473684
128,3,constant_1,vector,0,32,0.0
128,3,constant_1,c5,0,32,0.0
128,3,constant_1,markov,0,32,0.0
128,3,constant_1,generic,0,32,0.0
128,3,constant_1,direct_c5,0,32,0.0
128,3,constant_1,direct_generic,0,32,0.0
128,3,ascending,vector,0,32,0.0
128,3,ascending,c5,0,32,0.0
128,3,ascending,markov,0,32,0.0
128,3,ascending,generic,0,32,0.0
128,3,ascending,direct_c5,0,32,0.0
128,3,ascending,direct_generic,0,32,0.0
128,3,descending,vector,0,32,0.625
128,3,descending,c5,0,32,0.625
128,3,descending,markov,0,32,0.625
128,3,descending,generic,0,32,0.625
128,3,descending,direct_c5,0,32,0.625
128,3,descending,direct_generic,0,32,0.625
128,3,alternating,vector,0,32,0.0
128,3,alternating,c5,0,32,0.0
128,3,alternating,markov,0,32,0.0
128,3,alternating,generic,0,32,0.0
128,3,alternating,direct_c5,0,32,0.0
128,3,alternating,direct_generic,0,32,0.0
128,3,random_271,vector,0,32,0.0
128,3,random_271,c5,0,32,0.0
128,3,random_271,markov,0,32,0.0
128,3,random_271,generic,0,32,0.0
128,3,random_271,direct_c5,0,32,0.0
128,3,random_271,direct_generic,0,32,0.0
128,3,random_811,vector,0,32,0.1785714285714285
128,3,random_811,c5,0,32,0.1785714285714285
128,3,random_811,markov,0,32,0.1785714285714285
128,3,random_811,generic,0,32,0.1785714285714285
128,3,random_811,direct_c5,0,32,0.1785714285714285
128,3,random_811,direct_generic,0,32,0.1785714285714285
128,3,random_1619,vector,0,32,0.0
128,3,random_1619,c5,0,32,0.0
128,3,random_1619,markov,0,32,0.0
128,3,random_1619,generic,0,32,0.0
128,3,random_1619,direct_c5,0,32,0.0
128,3,random_1619,direct_generic,0,32,0.0
128,8,constant_0,vector,0,32,1.0
128,8,constant_0,c5,0,32,1.0
128,8,constant_0,markov,0,32,1.0
128,8,constant_0,generic,0,32,1.0
128,8,constant_0,direct_c5,0,32,1.0
128,8,constant_0,direct_generic,0,32,1.0
128,8,constant_1/10,vector,0,32,0.8181818181818182
128,8,constant_1/10,c5,0,32,0.8181818181818182
128,8,constant_1/10,markov,0,32,0.8181818181818182
128,8,constant_1/10,generic,0,32,0.8181818181818182
128,8,constant_1/10,direct_c5,0,32,0.8181818181818182
128,8,constant_1/10,direct_generic,0,32,0.8181818181818182
128,8,constant_1/2,vector,0,32,0.3333333333333333
128,8,constant_1/2,c5,0,32,0.3333333333333333
128,8,constant_1/2,markov,0,32,0.3333333333333333
128,8,constant_1/2,generic,0,32,0.3333333333333333
128,8,constant_1/2,direct_c5,0,32,0.3333333333333333
128,8,constant_1/2,direct_generic,0,32,0.3333333333333333
128,8,constant_9/10,vector,0,32,0.0526315789473684
128,8,constant_9/10,c5,0,32,0.0526315789473684
128,8,constant_9/10,markov,0,32,0.0526315789473684
128,8,constant_9/10,generic,0,32,0.0526315789473684
128,8,constant_9/10,direct_c5,0,32,0.0526315789473684
128,8,constant_9/10,direct_generic,0,32,0.0526315789473684
128,8,constant_1,vector,0,32,0.0
128,8,constant_1,c5,0,32,0.0
128,8,constant_1,markov,0,32,0.0
128,8,constant_1,generic,0,32,0.0
128,8,constant_1,direct_c5,0,32,0.0
128,8,constant_1,direct_generic,0,32,0.0
128,8,ascending,vector,0,32,0.0
128,8,ascending,c5,0,32,0.0
128,8,ascending,markov,0,32,0.0
128,8,ascending,generic,0,32,0.0
128,8,ascending,direct_c5,0,32,0.0
128,8,ascending,direct_generic,0,32,0.0
128,8,descending,vector,0,32,0.625
128,8,descending,c5,0,32,0.625
128,8,descending,markov,0,32,0.625
128,8,descending,generic,0,32,0.625
128,8,descending,direct_c5,0,32,0.625
128,8,descending,direct_generic,0,32,0.625
128,8,alternating,vector,0,32,0.0
128,8,alternating,c5,0,32,0.0
128,8,alternating,markov,0,32,0.0
128,8,alternating,generic,0,32,0.0
128,8,alternating,direct_c5,0,32,0.0
128,8,alternating,direct_generic,0,32,0.0
128,8,random_271,vector,0,32,0.1346653346653346
128,8,random_271,c5,0,32,0.1346653346653346
128,8,random_271,markov,0,32,0.1346653346653346
128,8,random_271,generic,0,32,0.1346653346653346
128,8,random_271,direct_c5,0,32,0.1346653346653346
128,8,random_271,direct_generic,0,32,0.1346653346653346
128,8,random_811,vector,0,32,0.6793121977431488
128,8,random_811,c5,0,32,0.6793121977431488
128,8,random_811,markov,0,32,0.6793121977431488
128,8,random_811,generic,0,32,0.6793121977431488
128,8,random_811,direct_c5,0,32,0.6793121977431488
128,8,random_811,direct_generic,0,32,0.6793121977431488
128,8,random_1619,vector,0,32,0.4690014197823
128,8,random_1619,c5,0,32,0.4690014197823
128,8,random_1619,markov,0,32,0.4690014197823
128,8,random_1619,generic,0,32,0.4690014197823
128,8,random_1619,direct_c5,0,32,0.4690014197823
128,8,random_1619,direct_generic,0,32,0.4690014197823
128,16,constant_0,vector,0,32,1.0
128,16,constant_0,c5,0,32,1.0
128,16,constant_0,markov,0,32,1.0
128,16,constant_0,generic,0,32,1.0
128,16,constant_0,direct_c5,0,32,1.0
128,16,constant_0,direct_generic,0,32,1.0
128,16,constant_1/10,vector,0,32,0.8181818181818182
128,16,constant_1/10,c5,0,32,0.8181818181818182
128,16,constant_1/10,markov,0,32,0.8181818181818182
128,16,constant_1/10,generic,0,32,0.8181818181818182
128,16,constant_1/10,direct_c5,0,32,0.8181818181818182
128,16,constant_1/10,direct_generic,0,32,0.8181818181818182
128,16,constant_1/2,vector,0,32,0.3333333333333333
128,16,constant_1/2,c5,0,32,0.3333333333333333
128,16,constant_1/2,markov,0,32,0.3333333333333333
128,16,constant_1/2,generic,0,32,0.3333333333333333
128,16,constant_1/2,direct_c5,0,32,0.3333333333333333
128,16,constant_1/2,direct_generic,0,32,0.3333333333333333
128,16,constant_9/10,vector,0,32,0.0526315789473684
128,16,constant_9/10,c5,0,32,0.0526315789473684
128,16,constant_9/10,markov,0,32,0.0526315789473684
128,16,constant_9/10,generic,0,32,0.0526315789473684
128,16,constant_9/10,direct_c5,0,32,0.0526315789473684
128,16,constant_9/10,direct_generic,0,32,0.0526315789473684
128,16,constant_1,vector,0,32,0.0
128,16,constant_1,c5,0,32,0.0
128,16,constant_1,markov,0,32,0.0
128,16,constant_1,generic,0,32,0.0
128,16,constant_1,direct_c5,0,32,0.0
128,16,constant_1,direct_generic,0,32,0.0
128,16,ascending,vector,0,32,0.0
128,16,ascending,c5,0,32,0.0
128,16,ascending,markov,0,32,0.0
128,16,ascending,generic,0,32,0.0
128,16,ascending,direct_c5,0,32,0.0
128,16,ascending,direct_generic,0,32,0.0
128,16,descending,vector,0,32,0.625
128,16,descending,c5,0,32,0.625
128,16,descending,markov,0,32,0.625
128,16,descending,generic,0,32,0.625
128,16,descending,direct_c5,0,32,0.625
128,16,descending,direct_generic,0,32,0.625
128,16,alternating,vector,0,32,0.0
128,16,alternating,c5,0,32,0.0
128,16,alternating,markov,0,32,0.0
128,16,alternating,generic,0,32,0.0
128,16,alternating,direct_c5,0,32,0.0
128,16,alternating,direct_generic,0,32,0.0
128,16,random_271,vector,0,32,0.3235854833093949
128,16,random_271,c5,0,32,0.3235854833093949
128,16,random_271,markov,0,32,0.3235854833093949
128,16,random_271,generic,0,32,0.3235854833093949
128,16,random_271,direct_c5,0,32,0.3235854833093949
128,16,random_271,direct_generic,0,32,0.3235854833093949
128,16,random_811,vector,0,32,0.2794634505747775
128,16,random_811,c5,0,32,0.2794634505747775
128,16,random_811,markov,0,32,0.2794634505747775
128,16,random_811,generic,0,32,0.2794634505747775
128,16,random_811,direct_c5,0,32,0.2794634505747775
128,16,random_811,direct_generic,0,32,0.2794634505747775
128,16,random_1619,vector,0,32,0.0
128,16,random_1619,c5,0,32,0.0
128,16,random_1619,markov,0,32,0.0
128,16,random_1619,generic,0,32,0.0
128,16,random_1619,direct_c5,0,32,0.0
128,16,random_1619,direct_generic,0,32,0.0
2048,3,constant_0,vector,0,32,1.0
2048,3,constant_0,c5,0,32,1.0
2048,3,constant_0,markov,0,32,1.0
2048,3,constant_0,generic,0,32,1.0
2048,3,constant_0,direct_c5,0,32,1.0
2048,3,constant_0,direct_generic,0,32,1.0
2048,3,constant_1/10,vector,0,32,0.8181818181818182
2048,3,constant_1/10,c5,0,32,0.8181818181818182
2048,3,constant_1/10,markov,0,32,0.8181818181818182
2048,3,constant_1/10,generic,0,32,0.8181818181818182
2048,3,constant_1/10,direct_c5,0,32,0.8181818181818182
2048,3,constant_1/10,direct_generic,0,32,0.8181818181818182
2048,3,constant_1/2,vector,0,32,0.3333333333333333
2048,3,constant_1/2,c5,0,32,0.3333333333333333
2048,3,constant_1/2,markov,0,32,0.3333333333333333
2048,3,constant_1/2,generic,0,32,0.3333333333333333
2048,3,constant_1/2,direct_c5,0,32,0.3333333333333333
2048,3,constant_1/2,direct_generic,0,32,0.3333333333333333
2048,3,constant_9/10,vector,0,32,0.0526315789473684
2048,3,constant_9/10,c5,0,32,0.0526315789473684
2048,3,constant_9/10,markov,0,32,0.0526315789473684
2048,3,constant_9/10,generic,0,32,0.0526315789473684
2048,3,constant_9/10,direct_c5,0,32,0.0526315789473684
2048,3,constant_9/10,direct_generic,0,32,0.0526315789473684
2048,3,constant_1,vector,32,32,0.0
2048,3,constant_1,c5,32,32,0.0
2048,3,constant_1,markov,32,32,0.0
2048,3,constant_1,generic,0,32,0.0
2048,3,constant_1,direct_c5,32,32,0.0
2048,3,constant_1,direct_generic,0,32,0.0
2048,3,ascending,vector,32,32,0.0
2048,3,ascending,c5,0,32,0.0
2048,3,ascending,markov,0,32,0.0
2048,3,ascending,generic,0,32,0.0
2048,3,ascending,direct_c5,0,32,0.0
2048,3,ascending,direct_generic,0,32,0.0
2048,3,descending,vector,0,32,0.625
2048,3,descending,c5,0,32,0.625
2048,3,descending,markov,0,32,0.625
2048,3,descending,generic,0,32,0.625
2048,3,descending,direct_c5,0,32,0.625
2048,3,descending,direct_generic,0,32,0.625
2048,3,alternating,vector,32,32,0.0
2048,3,alternating,c5,0,32,0.0
2048,3,alternating,markov,0,32,0.0
2048,3,alternating,generic,0,32,0.0
2048,3,alternating,direct_c5,0,32,0.0
2048,3,alternating,direct_generic,0,32,0.0
2048,3,random_271,vector,0,32,0.0
2048,3,random_271,c5,0,32,0.0
2048,3,random_271,markov,0,32,0.0
2048,3,random_271,generic,0,32,0.0
2048,3,random_271,direct_c5,0,32,0.0
2048,3,random_271,direct_generic,0,32,0.0
2048,3,random_811,vector,0,32,0.1785714285714285
2048,3,random_811,c5,0,32,0.1785714285714285
2048,3,random_811,markov,0,32,0.1785714285714285
2048,3,random_811,generic,0,32,0.1785714285714285
2048,3,random_811,direct_c5,0,32,0.1785714285714285
2048,3,random_811,direct_generic,0,32,0.1785714285714285
2048,3,random_1619,vector,32,32,0.0
2048,3,random_1619,c5,0,32,0.0
2048,3,random_1619,markov,0,32,0.0
2048,3,random_1619,generic,0,32,0.0
2048,3,random_1619,direct_c5,0,32,0.0
2048,3,random_1619,direct_generic,0,32,0.0
2048,8,constant_0,vector,0,32,1.0
2048,8,constant_0,c5,0,32,1.0
2048,8,constant_0,markov,0,32,1.0
2048,8,constant_0,generic,0,32,1.0
2048,8,constant_0,direct_c5,0,32,1.0
2048,8,constant_0,direct_generic,0,32,1.0
2048,8,constant_1/10,vector,0,32,0.8181818181818182
2048,8,constant_1/10,c5,0,32,0.8181818181818182
2048,8,constant_1/10,markov,0,32,0.8181818181818182
2048,8,constant_1/10,generic,0,32,0.8181818181818182
2048,8,constant_1/10,direct_c5,0,32,0.8181818181818182
2048,8,constant_1/10,direct_generic,0,32,0.8181818181818182
2048,8,constant_1/2,vector,0,32,0.3333333333333333
2048,8,constant_1/2,c5,0,32,0.3333333333333333
2048,8,constant_1/2,markov,0,32,0.3333333333333333
2048,8,constant_1/2,generic,0,32,0.3333333333333333
2048,8,constant_1/2,direct_c5,0,32,0.3333333333333333
2048,8,constant_1/2,direct_generic,0,32,0.3333333333333333
2048,8,constant_9/10,vector,0,32,0.0526315789473684
2048,8,constant_9/10,c5,0,32,0.0526315789473684
2048,8,constant_9/10,markov,0,32,0.0526315789473684
2048,8,constant_9/10,generic,0,32,0.0526315789473684
2048,8,constant_9/10,direct_c5,0,32,0.0526315789473684
2048,8,constant_9/10,direct_generic,0,32,0.0526315789473684
2048,8,constant_1,vector,32,32,0.0
2048,8,constant_1,c5,32,32,0.0
2048,8,constant_1,markov,32,32,0.0
2048,8,constant_1,generic,0,32,0.0
2048,8,constant_1,direct_c5,32,32,0.0
2048,8,constant_1,direct_generic,0,32,0.0
2048,8,ascending,vector,0,32,0.0
2048,8,ascending,c5,0,32,0.0
2048,8,ascending,markov,0,32,0.0
2048,8,ascending,generic,0,32,0.0
2048,8,ascending,direct_c5,0,32,0.0
2048,8,ascending,direct_generic,0,32,0.0
2048,8,descending,vector,0,32,0.625
2048,8,descending,c5,0,32,0.625
2048,8,descending,markov,0,32,0.625
2048,8,descending,generic,0,32,0.625
2048,8,descending,direct_c5,0,32,0.625
2048,8,descending,direct_generic,0,32,0.625
2048,8,alternating,vector,0,32,0.0
2048,8,alternating,c5,0,32,0.0
2048,8,alternating,markov,0,32,0.0
2048,8,alternating,generic,0,32,0.0
2048,8,alternating,direct_c5,0,32,0.0
2048,8,alternating,direct_generic,0,32,0.0
2048,8,random_271,vector,0,32,0.1346653346653346
2048,8,random_271,c5,0,32,0.1346653346653346
2048,8,random_271,markov,0,32,0.1346653346653346
2048,8,random_271,generic,0,32,0.1346653346653346
2048,8,random_271,direct_c5,0,32,0.1346653346653346
2048,8,random_271,direct_generic,0,32,0.1346653346653346
2048,8,random_811,vector,0,32,0.6793121977431488
2048,8,random_811,c5,0,32,0.6793121977431488
2048,8,random_811,markov,0,32,0.6793121977431488
2048,8,random_811,generic,0,32,0.6793121977431488
2048,8,random_811,direct_c5,0,32,0.6793121977431488
2048,8,random_811,direct_generic,0,32,0.6793121977431488
2048,8,random_1619,vector,0,32,0.4690014197823
2048,8,random_1619,c5,0,32,0.4690014197823
2048,8,random_1619,markov,0,32,0.4690014197823
2048,8,random_1619,generic,0,32,0.4690014197823
2048,8,random_1619,direct_c5,0,32,0.4690014197823
2048,8,random_1619,direct_generic,0,32,0.4690014197823
2048,16,constant_0,vector,0,32,1.0
2048,16,constant_0,c5,0,32,1.0
2048,16,constant_0,markov,0,32,1.0
2048,16,constant_0,generic,0,32,1.0
2048,16,constant_0,direct_c5,0,32,1.0
2048,16,constant_0,direct_generic,0,32,1.0
2048,16,constant_1/10,vector,0,32,0.8181818181818182
2048,16,constant_1/10,c5,0,32,0.8181818181818182
2048,16,constant_1/10,markov,0,32,0.8181818181818182
2048,16,constant_1/10,generic,0,32,0.8181818181818182
2048,16,constant_1/10,direct_c5,0,32,0.8181818181818182
2048,16,constant_1/10,direct_generic,0,32,0.8181818181818182
2048,16,constant_1/2,vector,0,32,0.3333333333333333
2048,16,constant_1/2,c5,0,32,0.3333333333333333
2048,16,constant_1/2,markov,0,32,0.3333333333333333
2048,16,constant_1/2,generic,0,32,0.3333333333333333
2048,16,constant_1/2,direct_c5,0,32,0.3333333333333333
2048,16,constant_1/2,direct_generic,0,32,0.3333333333333333
2048,16,constant_9/10,vector,0,32,0.0526315789473684
2048,16,constant_9/10,c5,0,32,0.0526315789473684
2048,16,constant_9/10,markov,0,32,0.0526315789473684
2048,16,constant_9/10,generic,0,32,0.0526315789473684
2048,16,constant_9/10,direct_c5,0,32,0.0526315789473684
2048,16,constant_9/10,direct_generic,0,32,0.0526315789473684
2048,16,constant_1,vector,32,32,0.0
2048,16,constant_1,c5,32,32,0.0
2048,16,constant_1,markov,32,32,0.0
2048,16,constant_1,generic,0,32,0.0
2048,16,constant_1,direct_c5,32,32,0.0
2048,16,constant_1,direct_generic,0,32,0.0
2048,16,ascending,vector,0,32,0.0
2048,16,ascending,c5,0,32,0.0
2048,16,ascending,markov,0,32,0.0
2048,16,ascending,generic,0,32,0.0
2048,16,ascending,direct_c5,0,32,0.0
2048,16,ascending,direct_generic,0,32,0.0
2048,16,descending,vector,0,32,0.625
2048,16,descending,c5,0,32,0.625
2048,16,descending,markov,0,32,0.625
2048,16,descending,generic,0,32,0.625
2048,16,descending,direct_c5,0,32,0.625
2048,16,descending,direct_generic,0,32,0.625
2048,16,alternating,vector,0,32,0.0
2048,16,alternating,c5,0,32,0.0
2048,16,alternating,markov,0,32,0.0
2048,16,alternating,generic,0,32,0.0
2048,16,alternating,direct_c5,0,32,0.0
2048,16,alternating,direct_generic,0,32,0.0
2048,16,random_271,vector,0,32,0.3235854833093949
2048,16,random_271,c5,0,32,0.3235854833093949
2048,16,random_271,markov,0,32,0.3235854833093949
2048,16,random_271,generic,0,32,0.3235854833093949
2048,16,random_271,direct_c5,0,32,0.3235854833093949
2048,16,random_271,direct_generic,0,32,0.3235854833093949
2048,16,random_811,vector,0,32,0.2794634505747775
2048,16,random_811,c5,0,32,0.2794634505747775
2048,16,random_811,markov,0,32,0.2794634505747775
2048,16,random_811,generic,0,32,0.2794634505747775
2048,16,random_811,direct_c5,0,32,0.2794634505747775
2048,16,random_811,direct_generic,0,32,0.2794634505747775
2048,16,random_1619,vector,0,32,0.0
2048,16,random_1619,c5,0,32,0.0
2048,16,random_1619,markov,0,32,0.0
2048,16,random_1619,generic,0,32,0.0
2048,16,random_1619,direct_c5,0,32,0.0
2048,16,random_1619,direct_generic,0,32,0.0
32768,3,constant_0,vector,0,32,1.0
32768,3,constant_0,c5,0,32,1.0
32768,3,constant_0,markov,0,32,1.0
32768,3,constant_0,generic,0,32,1.0
32768,3,constant_0,direct_c5,0,32,1.0
32768,3,constant_0,direct_generic,0,32,1.0
32768,3,constant_1/10,vector,0,32,0.8181818181818182
32768,3,constant_1/10,c5,0,32,0.8181818181818182
32768,3,constant_1/10,markov,0,32,0.8181818181818182
32768,3,constant_1/10,generic,0,32,0.8181818181818182
32768,3,constant_1/10,direct_c5,0,32,0.8181818181818182
32768,3,constant_1/10,direct_generic,0,32,0.8181818181818182
32768,3,constant_1/2,vector,0,32,0.3333333333333333
32768,3,constant_1/2,c5,0,32,0.3333333333333333
32768,3,constant_1/2,markov,0,32,0.3333333333333333
32768,3,constant_1/2,generic,0,32,0.3333333333333333
32768,3,constant_1/2,direct_c5,0,32,0.3333333333333333
32768,3,constant_1/2,direct_generic,0,32,0.3333333333333333
32768,3,constant_9/10,vector,0,32,0.0526315789473684
32768,3,constant_9/10,c5,0,32,0.0526315789473684
32768,3,constant_9/10,markov,0,32,0.0526315789473684
32768,3,constant_9/10,generic,0,32,0.0526315789473684
32768,3,constant_9/10,direct_c5,0,32,0.0526315789473684
32768,3,constant_9/10,direct_generic,0,32,0.0526315789473684
32768,3,constant_1,vector,32,32,0.0
32768,3,constant_1,c5,32,32,0.0
32768,3,constant_1,markov,32,32,0.0
32768,3,constant_1,generic,32,32,0.0
32768,3,constant_1,direct_c5,32,32,0.0
32768,3,constant_1,direct_generic,32,32,0.0
32768,3,ascending,vector,32,32,0.0
32768,3,ascending,c5,0,32,0.0
32768,3,ascending,markov,0,32,0.0
32768,3,ascending,generic,0,32,0.0
32768,3,ascending,direct_c5,0,32,0.0
32768,3,ascending,direct_generic,0,32,0.0
32768,3,descending,vector,0,32,0.625
32768,3,descending,c5,0,32,0.625
32768,3,descending,markov,0,32,0.625
32768,3,descending,generic,0,32,0.625
32768,3,descending,direct_c5,0,32,0.625
32768,3,descending,direct_generic,0,32,0.625
32768,3,alternating,vector,32,32,0.0
32768,3,alternating,c5,0,32,0.0
32768,3,alternating,markov,0,32,0.0
32768,3,alternating,generic,0,32,0.0
32768,3,alternating,direct_c5,0,32,0.0
32768,3,alternating,direct_generic,0,32,0.0
32768,3,random_271,vector,32,32,0.0
32768,3,random_271,c5,0,32,0.0
32768,3,random_271,markov,0,32,0.0
32768,3,random_271,generic,0,32,0.0
32768,3,random_271,direct_c5,0,32,0.0
32768,3,random_271,direct_generic,0,32,0.0
32768,3,random_811,vector,0,32,0.1785714285714285
32768,3,random_811,c5,0,32,0.1785714285714285
32768,3,random_811,markov,0,32,0.1785714285714285
32768,3,random_811,generic,0,32,0.1785714285714285
32768,3,random_811,direct_c5,0,32,0.1785714285714285
32768,3,random_811,direct_generic,0,32,0.1785714285714285
32768,3,random_1619,vector,32,32,0.0
32768,3,random_1619,c5,0,32,0.0
32768,3,random_1619,markov,0,32,0.0
32768,3,random_1619,generic,0,32,0.0
32768,3,random_1619,direct_c5,0,32,0.0
32768,3,random_1619,direct_generic,0,32,0.0
32768,8,constant_0,vector,0,32,1.0
32768,8,constant_0,c5,0,32,1.0
32768,8,constant_0,markov,0,32,1.0
32768,8,constant_0,generic,0,32,1.0
32768,8,constant_0,direct_c5,0,32,1.0
32768,8,constant_0,direct_generic,0,32,1.0
32768,8,constant_1/10,vector,0,32,0.8181818181818182
32768,8,constant_1/10,c5,0,32,0.8181818181818182
32768,8,constant_1/10,markov,0,32,0.8181818181818182
32768,8,constant_1/10,generic,0,32,0.8181818181818182
32768,8,constant_1/10,direct_c5,0,32,0.8181818181818182
32768,8,constant_1/10,direct_generic,0,32,0.8181818181818182
32768,8,constant_1/2,vector,0,32,0.3333333333333333
32768,8,constant_1/2,c5,0,32,0.3333333333333333
32768,8,constant_1/2,markov,0,32,0.3333333333333333
32768,8,constant_1/2,generic,0,32,0.3333333333333333
32768,8,constant_1/2,direct_c5,0,32,0.3333333333333333
32768,8,constant_1/2,direct_generic,0,32,0.3333333333333333
32768,8,constant_9/10,vector,0,32,0.0526315789473684
32768,8,constant_9/10,c5,0,32,0.0526315789473684
32768,8,constant_9/10,markov,0,32,0.0526315789473684
32768,8,constant_9/10,generic,0,32,0.0526315789473684
32768,8,constant_9/10,direct_c5,0,32,0.0526315789473684
32768,8,constant_9/10,direct_generic,0,32,0.0526315789473684
32768,8,constant_1,vector,32,32,0.0
32768,8,constant_1,c5,32,32,0.0
32768,8,constant_1,markov,32,32,0.0
32768,8,constant_1,generic,32,32,0.0
32768,8,constant_1,direct_c5,32,32,0.0
32768,8,constant_1,direct_generic,32,32,0.0
32768,8,ascending,vector,32,32,0.0
32768,8,ascending,c5,0,32,0.0
32768,8,ascending,markov,0,32,0.0
32768,8,ascending,generic,0,32,0.0
32768,8,ascending,direct_c5,0,32,0.0
32768,8,ascending,direct_generic,0,32,0.0
32768,8,descending,vector,0,32,0.625
32768,8,descending,c5,0,32,0.625
32768,8,descending,markov,0,32,0.625
32768,8,descending,generic,0,32,0.625
32768,8,descending,direct_c5,0,32,0.625
32768,8,descending,direct_generic,0,32,0.625
32768,8,alternating,vector,32,32,0.0
32768,8,alternating,c5,0,32,0.0
32768,8,alternating,markov,0,32,0.0
32768,8,alternating,generic,0,32,0.0
32768,8,alternating,direct_c5,0,32,0.0
32768,8,alternating,direct_generic,0,32,0.0
32768,8,random_271,vector,0,32,0.1346653346653346
32768,8,random_271,c5,0,32,0.1346653346653346
32768,8,random_271,markov,0,32,0.1346653346653346
32768,8,random_271,generic,0,32,0.1346653346653346
32768,8,random_271,direct_c5,0,32,0.1346653346653346
32768,8,random_271,direct_generic,0,32,0.1346653346653346
32768,8,random_811,vector,0,32,0.6793121977431488
32768,8,random_811,c5,0,32,0.6793121977431488
32768,8,random_811,markov,0,32,0.6793121977431488
32768,8,random_811,generic,0,32,0.6793121977431488
32768,8,random_811,direct_c5,0,32,0.6793121977431488
32768,8,random_811,direct_generic,0,32,0.6793121977431488
32768,8,random_1619,vector,0,32,0.4690014197823
32768,8,random_1619,c5,0,32,0.4690014197823
32768,8,random_1619,markov,0,32,0.4690014197823
32768,8,random_1619,generic,0,32,0.4690014197823
32768,8,random_1619,direct_c5,0,32,0.4690014197823
32768,8,random_1619,direct_generic,0,32,0.4690014197823
32768,16,constant_0,vector,0,32,1.0
32768,16,constant_0,c5,0,32,1.0
32768,16,constant_0,markov,0,32,1.0
32768,16,constant_0,generic,0,32,1.0
32768,16,constant_0,direct_c5,0,32,1.0
32768,16,constant_0,direct_generic,0,32,1.0
32768,16,constant_1/10,vector,0,32,0.8181818181818182
32768,16,constant_1/10,c5,0,32,0.8181818181818182
32768,16,constant_1/10,markov,0,32,0.8181818181818182
32768,16,constant_1/10,generic,0,32,0.8181818181818182
32768,16,constant_1/10,direct_c5,0,32,0.8181818181818182
32768,16,constant_1/10,direct_generic,0,32,0.8181818181818182
32768,16,constant_1/2,vector,0,32,0.3333333333333333
32768,16,constant_1/2,c5,0,32,0.3333333333333333
32768,16,constant_1/2,markov,0,32,0.3333333333333333
32768,16,constant_1/2,generic,0,32,0.3333333333333333
32768,16,constant_1/2,direct_c5,0,32,0.3333333333333333
32768,16,constant_1/2,direct_generic,0,32,0.3333333333333333
32768,16,constant_9/10,vector,0,32,0.0526315789473684
32768,16,constant_9/10,c5,0,32,0.0526315789473684
32768,16,constant_9/10,markov,0,32,0.0526315789473684
32768,16,constant_9/10,generic,0,32,0.0526315789473684
32768,16,constant_9/10,direct_c5,0,32,0.0526315789473684
32768,16,constant_9/10,direct_generic,0,32,0.0526315789473684
32768,16,constant_1,vector,32,32,0.0
32768,16,constant_1,c5,32,32,0.0
32768,16,constant_1,markov,32,32,0.0
32768,16,constant_1,generic,32,32,0.0
32768,16,constant_1,direct_c5,32,32,0.0
32768,16,constant_1,direct_generic,32,32,0.0
32768,16,ascending,vector,32,32,0.0
32768,16,ascending,c5,0,32,0.0
32768,16,ascending,markov,0,32,0.0
32768,16,ascending,generic,0,32,0.0
32768,16,ascending,direct_c5,0,32,0.0
32768,16,ascending,direct_generic,0,32,0.0
32768,16,descending,vector,0,32,0.625
32768,16,descending,c5,0,32,0.625
32768,16,descending,markov,0,32,0.625
32768,16,descending,generic,0,32,0.625
32768,16,descending,direct_c5,0,32,0.625
32768,16,descending,direct_generic,0,32,0.625
32768,16,alternating,vector,32,32,0.0
32768,16,alternating,c5,0,32,0.0
32768,16,alternating,markov,0,32,0.0
32768,16,alternating,generic,0,32,0.0
32768,16,alternating,direct_c5,0,32,0.0
32768,16,alternating,direct_generic,0,32,0.0
32768,16,random_271,vector,0,32,0.3235854833093949
32768,16,random_271,c5,0,32,0.3235854833093949
32768,16,random_271,markov,0,32,0.3235854833093949
32768,16,random_271,generic,0,32,0.3235854833093949
32768,16,random_271,direct_c5,0,32,0.3235854833093949
32768,16,random_271,direct_generic,0,32,0.3235854833093949
32768,16,random_811,vector,0,32,0.2794634505747775
32768,16,random_811,c5,0,32,0.2794634505747775
32768,16,random_811,markov,0,32,0.2794634505747775
32768,16,random_811,generic,0,32,0.2794634505747775
32768,16,random_811,direct_c5,0,32,0.2794634505747775
32768,16,random_811,direct_generic,0,32,0.2794634505747775
32768,16,random_1619,vector,32,32,0.0
32768,16,random_1619,c5,0,32,0.0
32768,16,random_1619,markov,0,32,0.0
32768,16,random_1619,generic,0,32,0.0
32768,16,random_1619,direct_c5,0,32,0.0
32768,16,random_1619,direct_generic,0,32,0.0
